processed_images,rss_gb,elapsed_s
10,0.6340484619140625,0.18407297134399414
20,0.6387939453125,0.3506937026977539
30,0.6434326171875,0.5229697227478027
40,0.6434783935546875,0.6773548126220703
50,0.6855621337890625,0.8782327175140381
60,0.6855926513671875,1.0869197845458984
70,0.68560791015625,1.230841875076294
80,0.7006683349609375,1.3950998783111572
90,0.700714111328125,1.5558090209960938
100,0.700714111328125,1.7404677867889404
110,0.7007293701171875,1.895845890045166
120,0.7069091796875,2.0666298866271973
130,0.7069244384765625,2.239895820617676
140,0.7069244384765625,2.4290828704833984
150,0.761688232421875,2.6663718223571777
160,0.761688232421875,2.8407487869262695
170,0.76171875,3.065607786178589
180,0.7617340087890625,3.3116698265075684
190,0.7617340087890625,3.482724666595459
200,0.761749267578125,3.6134748458862305
210,0.76727294921875,3.785047769546509
220,0.7672882080078125,3.94557785987854
230,0.7673187255859375,4.0854408740997314
240,0.867462158203125,4.391337871551514
250,0.867462158203125,4.536945819854736
260,0.8674774169921875,4.724963665008545
270,0.8757476806640625,4.8917555809021
280,0.87579345703125,5.006028652191162
290,0.87579345703125,5.162587881088257
300,0.8758392333984375,5.36056661605835
310,0.8758544921875,5.527667999267578
320,0.8758544921875,5.661877870559692
330,0.8759002685546875,5.824694633483887
340,0.87591552734375,5.958742618560791
350,0.87591552734375,6.155717849731445
360,0.8759307861328125,6.3346617221832275
370,0.875946044921875,6.473207712173462
380,0.875946044921875,6.658229827880859
390,0.8759918212890625,6.805967807769775
400,0.8759918212890625,6.961704969406128
410,0.876129150390625,7.140249729156494
420,0.8761444091796875,7.280617952346802
430,0.8761444091796875,7.420392990112305
440,0.8761749267578125,7.582881689071655
450,0.876190185546875,7.7688188552856445
460,0.876190185546875,7.943612813949585
470,0.8762359619140625,8.093021869659424
480,0.87628173828125,8.240004777908325
490,0.87628173828125,8.405701875686646
500,0.87628173828125,8.556142807006836
510,0.8762969970703125,8.71877670288086
520,0.876312255859375,8.875738859176636
530,0.876312255859375,9.036321640014648
540,0.876312255859375,9.236620664596558
550,0.8763275146484375,9.495348930358887
560,0.8763427734375,9.628745794296265
570,0.8763580322265625,9.800142765045166
580,0.876373291015625,9.945994853973389
590,0.876373291015625,10.098704814910889
600,0.87640380859375,10.261966705322266
610,0.87640380859375,10.50331974029541
620,0.87640380859375,10.745644807815552
630,0.8764801025390625,10.876397848129272
640,0.8764801025390625,11.03069281578064
650,0.8764801025390625,11.2047119140625
660,0.8765106201171875,11.352483749389648
670,0.8765106201171875,11.532145738601685
680,0.899505615234375,11.704559803009033
690,0.8995208740234375,11.834959745407104
700,0.8995361328125,11.9959397315979
710,0.8995361328125,12.126494884490967
720,0.8995513916015625,12.368823766708374
730,0.899566650390625,12.55429983139038
740,0.8995819091796875,12.719456911087036
750,0.89959716796875,12.858835935592651
760,0.8996124267578125,13.013365983963013
770,0.899627685546875,13.167740821838379
780,0.8996429443359375,13.358924627304077
790,0.899658203125,13.49990177154541
800,0.8996734619140625,13.685266971588135
810,0.8997039794921875,13.849851846694946
820,0.8997039794921875,14.041362762451172
830,0.8997039794921875,14.223412990570068
840,0.899749755859375,14.402182817459106
850,0.8997802734375,14.57824182510376
860,0.8997802734375,14.78240180015564
870,0.8997955322265625,14.98759388923645
880,0.8997955322265625,15.142783880233765
890,0.8998565673828125,15.357657670974731
900,0.899871826171875,15.539969682693481
910,0.899871826171875,15.727693796157837
920,0.899871826171875,15.877757787704468
930,0.89990234375,16.039307832717896
940,0.8999176025390625,16.175447702407837
950,0.8999176025390625,16.359623908996582
960,0.8999481201171875,16.495356798171997
970,0.8999481201171875,16.63999366760254
980,0.89996337890625,16.748811960220337
990,0.899993896484375,16.947105646133423
1000,0.9000091552734375,17.103747844696045
1010,0.9000091552734375,17.25972294807434
1020,0.9000244140625,17.475945949554443
1030,0.9000244140625,17.68529772758484
1040,0.9000396728515625,17.826497793197632
1050,0.900054931640625,17.966912031173706
1060,0.9000701904296875,18.125013828277588
1070,0.9000701904296875,18.29235577583313
1080,0.9001007080078125,18.469692945480347
1090,0.900115966796875,18.717386960983276
1100,0.900115966796875,18.90115475654602
1110,0.900146484375,19.03738498687744
1120,0.9001922607421875,19.168171644210815
1130,0.9001922607421875,19.32233500480652
1140,0.900238037109375,19.48410964012146
1150,0.900238037109375,19.66182565689087
1160,0.9002532958984375,19.805816650390625
1170,0.9002838134765625,19.94100570678711
1180,0.9002838134765625,20.110100984573364
1190,0.900299072265625,20.285070657730103
1200,0.90032958984375,20.456190824508667
1210,0.90032958984375,20.688528776168823
1220,0.9003448486328125,20.820603847503662
1230,0.900390625,20.952616930007935
1240,0.9004058837890625,21.10155701637268
1250,0.900421142578125,21.298438787460327
1260,0.9004364013671875,21.434906721115112
1270,0.9004669189453125,21.618549823760986
1280,0.9004669189453125,21.76335573196411
1290,0.900482177734375,21.9289128780365
1300,0.9005126953125,22.13436484336853
1310,0.9005126953125,22.252189874649048
1320,0.900543212890625,22.429304838180542
1330,0.9005584716796875,22.576104879379272
1340,0.9005584716796875,22.750175952911377
1350,0.9005889892578125,22.992087841033936
1360,0.9006195068359375,23.151195764541626
1370,0.900634765625,23.313215970993042
1380,0.900634765625,23.47209072113037
1390,0.9006500244140625,23.71508288383484
1400,0.900665283203125,23.92444896697998
1410,0.9006805419921875,24.161264896392822
1420,0.90069580078125,24.337711811065674
1430,0.9007110595703125,24.480161666870117
1440,0.900726318359375,24.639635801315308
1450,0.9007415771484375,24.82177186012268
1460,0.9007415771484375,25.000359773635864
1470,0.9007720947265625,25.109734773635864
1480,0.900787353515625,25.325183868408203
1490,0.9008026123046875,25.53188467025757
1500,0.90081787109375,25.71461772918701
1510,0.9008636474609375,25.91032075881958
1520,0.9008636474609375,26.04180097579956
1530,0.9008636474609375,26.209014654159546
1540,0.90087890625,26.32187795639038
1550,0.90087890625,26.51093888282776
1560,0.90087890625,26.69320297241211
1570,0.900909423828125,26.880603790283203
1580,0.9009246826171875,27.04307198524475
1590,0.9009246826171875,27.205888032913208
1600,0.9009552001953125,27.399988889694214
1610,0.9009552001953125,27.57731580734253
1620,0.9009857177734375,27.729058742523193
1630,0.9010009765625,27.8819637298584
1640,0.901031494140625,28.037412881851196
1650,0.901031494140625,28.230263710021973
1660,0.90106201171875,28.409217596054077
1670,0.90106201171875,28.619964838027954
1680,0.90106201171875,28.798923015594482
1690,0.9011077880859375,28.94364070892334
1700,0.9011077880859375,29.07616090774536
1710,0.9011077880859375,29.245253801345825
1720,0.9011383056640625,29.42184090614319
1730,0.9011688232421875,29.54772400856018
1740,0.9011688232421875,29.71468472480774
1750,0.90118408203125,29.944700956344604
1760,0.9011993408203125,30.08545470237732
1770,0.9011993408203125,30.345500946044922
1780,0.9012298583984375,30.540010929107666
1790,0.9012451171875,30.669582843780518
1800,0.9012451171875,30.826048851013184
1810,0.9012603759765625,30.956365823745728
1820,0.9012603759765625,31.112496852874756
1830,0.9012908935546875,31.275219917297363
1840,0.9013214111328125,31.449862718582153
1850,0.901336669921875,31.685889720916748
1860,0.9013519287109375,31.838308811187744
1870,0.9013824462890625,31.995474815368652
1880,0.9013824462890625,32.132598638534546
1890,0.9013824462890625,32.270620822906494
1900,0.901397705078125,32.43085694313049
1910,0.90142822265625,32.60273480415344
1920,0.90142822265625,32.74835777282715
1930,0.901458740234375,32.93596386909485
1940,0.9014739990234375,33.087703704833984
1950,0.9014892578125,33.27718496322632
1960,1.0190277099609375,33.60047173500061
1970,1.01904296875,33.74143385887146
1980,1.0190582275390625,33.8935968875885
1990,1.0190887451171875,34.07630896568298
2000,1.0190887451171875,34.236923933029175
2010,1.0190887451171875,34.419848918914795
2020,1.019134521484375,34.647361040115356
2030,1.019134521484375,34.843512773513794
2040,1.019134521484375,34.97542977333069
2050,1.019134521484375,35.181612730026245
2060,1.0191650390625,35.365683794021606
2070,1.0191650390625,35.53598475456238
2080,1.019195556640625,35.71893787384033
2090,1.019195556640625,35.93459367752075
2100,1.01922607421875,36.07850480079651
2110,1.0192413330078125,36.25567078590393
2120,1.0192413330078125,36.37450289726257
2130,1.019256591796875,36.507142782211304
2140,1.019287109375,36.72946262359619
2150,1.0193023681640625,36.90549397468567
2160,1.019317626953125,37.0450758934021
2170,1.0193328857421875,37.20804977416992
2180,1.0193328857421875,37.363529920578
2190,1.0193634033203125,37.51189970970154
2200,1.0193939208984375,37.66326189041138
2210,1.0193939208984375,37.808109760284424
2220,1.0194244384765625,37.95298480987549
2230,1.0194549560546875,38.094475984573364
2240,1.0194549560546875,38.25422286987305
2250,1.0194549560546875,38.386698961257935
2260,1.01947021484375,38.53520584106445
2270,1.0195159912109375,38.80802369117737
2280,1.0195159912109375,38.987602949142456
2290,1.0195159912109375,39.14340281486511
2300,1.0195465087890625,39.32765483856201
2310,1.019561767578125,39.47981381416321
2320,1.0195770263671875,39.64509892463684
2330,1.0196075439453125,39.7923367023468
2340,1.0196075439453125,39.958542823791504
2350,1.0196380615234375,40.1566379070282
2360,1.0196380615234375,40.32270574569702
2370,1.0196533203125,40.493645668029785
2380,1.019683837890625,40.67556977272034
2390,1.019683837890625,40.81435585021973
2400,1.019683837890625,40.98552584648132
2410,1.01971435546875,41.156763792037964
2420,1.019744873046875,41.322579860687256
2430,1.019744873046875,41.47798490524292
2440,1.0197601318359375,41.61951184272766
2450,1.019775390625,41.78413677215576
2460,1.0197906494140625,41.92107582092285
2470,1.0197906494140625,42.149972915649414
2480,1.019805908203125,42.31727480888367
2490,1.01983642578125,42.49623990058899
2500,1.01983642578125,42.643009662628174
2510,1.0198516845703125,42.78110384941101
2520,1.0198516845703125,42.93197584152222
2530,1.019866943359375,43.13097071647644
2540,1.019866943359375,43.31076979637146
2550,1.0198822021484375,43.465128898620605
2560,1.0198822021484375,43.65981078147888
2570,1.019927978515625,43.83466982841492
2580,1.019927978515625,43.99903178215027
2590,1.0199432373046875,44.13147974014282
2600,1.01995849609375,44.27844977378845
2610,1.01995849609375,44.442614793777466
2620,1.0199737548828125,44.59611177444458
2630,1.0200042724609375,44.73247480392456
2640,1.0200042724609375,44.88351893424988
2650,1.0200347900390625,45.03362774848938
2660,1.02008056640625,45.177902698516846
2670,1.02008056640625,45.37595272064209
2680,1.02008056640625,45.52860689163208
2690,1.025909423828125,45.68620800971985
2700,1.02593994140625,45.82900881767273
2710,1.02593994140625,46.080323696136475
2720,1.0259552001953125,46.26552391052246
2730,1.025970458984375,46.41024088859558
2740,1.025970458984375,46.57748985290527
2750,1.0260009765625,46.71238970756531
2760,1.026031494140625,46.85532069206238
2770,1.026031494140625,47.047080993652344
2780,1.0260467529296875,47.20498275756836
2790,1.02606201171875,47.356632709503174
2800,1.02606201171875,47.52953386306763
2810,1.0260772705078125,47.716551780700684
2820,1.026092529296875,47.859649658203125
2830,1.0261077880859375,48.03517270088196
2840,1.026123046875,48.162532806396484
2850,1.0261383056640625,48.335129737854004
2860,1.026153564453125,48.50431489944458
2870,1.0261993408203125,48.675742864608765
2880,1.0261993408203125,48.828161001205444
2890,1.0261993408203125,48.96079778671265
2900,1.0262298583984375,49.09531378746033
2910,1.0262451171875,49.3008337020874
2920,1.026275634765625,49.50687384605408
2930,1.03399658203125,49.679887771606445
2940,1.03399658203125,49.846062660217285
2950,1.034027099609375,50.00749683380127
2960,1.0340576171875,50.136512994766235
2970,1.0340576171875,50.289453744888306
2980,1.0340728759765625,50.57510495185852
2990,1.0341033935546875,50.71361684799194
3000,1.03411865234375,50.91899085044861
3010,1.03411865234375,51.05654287338257
3020,1.0341339111328125,51.20415282249451
3030,1.034149169921875,51.35497689247131
3040,1.034149169921875,51.54593467712402
3050,1.0341644287109375,51.718910932540894
3060,1.0341644287109375,51.8744158744812
3070,1.0341644287109375,51.998135805130005
3080,1.034210205078125,52.162601947784424
3090,1.0342254638671875,52.32378578186035
3100,1.0342254638671875,52.49087381362915
3110,1.0342559814453125,52.73102283477783
3120,1.034271240234375,52.87008881568909
3130,1.034271240234375,53.050437688827515
3140,1.0342864990234375,53.25581073760986
3150,1.0343017578125,53.425206661224365
3160,1.034332275390625,53.60900688171387
3170,1.0343475341796875,53.798120975494385
3180,1.0343475341796875,53.937421798706055
3190,1.0343475341796875,54.09652400016785
3200,1.0343780517578125,54.22484302520752
3210,1.0344085693359375,54.36425280570984
3220,1.0344085693359375,54.513723850250244
3230,1.0344390869140625,54.74917984008789
3240,1.0344390869140625,54.92405581474304
3250,1.034454345703125,55.17367386817932
3260,1.0344696044921875,55.33903169631958
3270,1.0344696044921875,55.53718972206116
3280,1.0345001220703125,55.714085817337036
3290,1.034515380859375,55.88399577140808
3300,1.034515380859375,56.033018827438354
3310,1.034515380859375,56.21016883850098
3320,1.034576416015625,56.381186723709106
3330,1.034576416015625,56.56742978096008
3340,1.034576416015625,56.87118172645569
3350,1.0345916748046875,57.01073098182678
3360,1.0346221923828125,57.21495985984802
3370,1.034637451171875,57.355703830718994
3380,1.0346527099609375,57.515347957611084
3390,1.0346527099609375,57.67100977897644
3400,1.03466796875,57.80946683883667
3410,1.034698486328125,57.965309858322144
3420,1.034698486328125,58.137067794799805
3430,1.03472900390625,58.27033185958862
3440,1.0347442626953125,58.42674779891968
3450,1.0347442626953125,58.58233284950256
3460,1.0347747802734375,58.714075803756714
3470,1.0347900390625,58.91192388534546
3480,1.0347900390625,59.044031858444214
3490,1.0348052978515625,59.20069479942322
3500,1.0348358154296875,59.359508991241455
3510,1.03485107421875,59.49592185020447
3520,1.03485107421875,59.656447887420654
3530,1.0348663330078125,59.77741479873657
3540,1.0348663330078125,59.93024182319641
3550,1.0348968505859375,60.13355278968811
3560,1.0348968505859375,60.27347779273987
3570,1.0349273681640625,60.48066186904907
3580,1.034942626953125,60.68385982513428
3590,1.034942626953125,60.82784175872803
3600,1.0349578857421875,60.997100830078125
3610,1.0349578857421875,61.11245083808899
3620,1.035003662109375,61.28618288040161
3630,1.035003662109375,61.52225184440613
3640,1.0350189208984375,61.6851909160614
3650,1.0350341796875,61.86363387107849
3660,1.0350494384765625,62.03039479255676
3670,1.035064697265625,62.21940994262695
3680,1.03509521484375,62.39855885505676
3690,1.0351104736328125,62.536449670791626
3700,1.0351104736328125,62.69302558898926
3710,1.035125732421875,62.82253575325012
3720,1.0351409912109375,62.97478175163269
3730,1.03515625,63.1227388381958
3740,1.0351715087890625,63.291690826416016
3750,1.0351715087890625,63.56720995903015
3760,1.035186767578125,63.817999839782715
3770,1.03521728515625,64.005117893219
3780,1.03521728515625,64.19874978065491
3790,1.0352325439453125,64.42914986610413
3800,1.0352630615234375,64.60386896133423
3810,1.0352783203125,64.74031281471252
3820,1.0352783203125,64.88891863822937
3830,1.0352935791015625,65.08350276947021
3840,1.035308837890625,65.24605369567871
3850,1.035308837890625,65.38865685462952
3860,1.0353546142578125,65.5272068977356
3870,1.0353546142578125,65.68128371238708
3880,1.035369873046875,65.81627583503723
3890,1.0353851318359375,65.94063067436218
3900,1.035400390625,66.12659287452698
3910,1.035430908203125,66.27269673347473
3920,1.0354461669921875,66.44189786911011
3930,1.0354461669921875,66.60707974433899
3940,1.0354461669921875,66.8143618106842
3950,1.0354766845703125,66.96615290641785
3960,1.035491943359375,67.14146280288696
3970,1.035491943359375,67.29334092140198
3980,1.0355072021484375,67.44126176834106
3990,1.0355224609375,67.59585189819336
4000,1.0355377197265625,67.72043967247009
4010,1.0355377197265625,67.86173176765442
4020,1.035552978515625,68.04954481124878
4030,1.03558349609375,68.17437887191772
4040,1.03558349609375,68.32842779159546
4050,1.0355987548828125,68.47949481010437
4060,1.035614013671875,68.63282203674316
4070,1.035614013671875,68.80684781074524
4080,1.03564453125,68.98510265350342
4090,1.03564453125,69.11373686790466
4100,1.03564453125,69.28012371063232
4110,1.0356903076171875,69.46863675117493
4120,1.0356903076171875,69.64584398269653
4130,1.0356903076171875,69.78878474235535
4140,1.0357208251953125,69.9842779636383
4150,1.035736083984375,70.15697979927063
4160,1.0357666015625,70.30503487586975
4170,1.0357818603515625,70.47023272514343
4180,1.0357818603515625,70.61771583557129
4190,1.0358123779296875,70.79173970222473
4200,1.03582763671875,70.91261076927185
4210,1.03582763671875,71.06487083435059
4220,1.03582763671875,71.19970989227295
4230,1.035858154296875,71.33600091934204
4240,1.0358734130859375,71.5142719745636
4250,1.035888671875,71.69207668304443
4260,1.035919189453125,71.87073183059692
4270,1.035919189453125,72.0281720161438
4280,1.035919189453125,72.17708683013916
4290,1.0359649658203125,72.38887596130371
4300,1.0359649658203125,72.55899286270142
4310,1.0359649658203125,72.72461891174316
4320,1.0359954833984375,72.89228796958923
4330,1.0360107421875,73.18309664726257
4340,1.0360107421875,73.40242791175842
4350,1.0360260009765625,73.56219291687012
4360,1.036041259765625,73.71841096878052
4370,1.0360870361328125,73.84953880310059
4380,1.036102294921875,74.06331872940063
4390,1.036102294921875,74.24404668807983
4400,1.0361328125,74.46459579467773
4410,1.0361480712890625,74.67477464675903
4420,1.0361480712890625,74.83376169204712
4430,1.0361785888671875,74.97977185249329
4440,1.03619384765625,75.17205667495728
4450,1.03619384765625,75.31122875213623
4460,1.03619384765625,75.46218276023865
4470,1.036224365234375,75.6145179271698
4480,1.0362548828125,75.77367663383484
4490,1.0362701416015625,75.96875286102295
4500,1.0363006591796875,76.1148579120636
4510,1.0363006591796875,76.28896284103394
4520,1.0363311767578125,76.54276776313782
4530,1.0363616943359375,76.71943092346191
4540,1.0363616943359375,76.89892673492432
4550,1.036376953125,77.12322688102722
4560,1.03692626953125,77.34905290603638
4570,1.040496826171875,77.66733384132385
4580,1.039794921875,77.86965680122375
4590,1.0369873046875,78.21943783760071
4600,1.0370025634765625,78.35594964027405
4610,1.0100250244140625,78.5337827205658
4620,1.0133056640625,78.68473768234253
4630,1.0137786865234375,78.84046268463135
4640,1.013824462890625,79.02927684783936
4650,1.01385498046875,79.19028973579407
4660,1.0138702392578125,79.36475586891174
4670,1.0053558349609375,79.54192996025085
4680,1.0054473876953125,79.72533869743347
4690,1.0052642822265625,79.9125440120697
4700,1.005279541015625,80.051433801651
4710,1.0038299560546875,80.21921277046204
4720,1.00384521484375,80.37575387954712
4730,0.928741455078125,80.53396081924438
4740,0.93048095703125,80.69016289710999
4750,0.93048095703125,80.86148977279663
4760,0.952789306640625,81.071124792099
4770,0.9605865478515625,81.24561166763306
4780,0.9605865478515625,81.40169882774353
4790,0.9605865478515625,81.56478381156921
4800,0.9617767333984375,81.74355363845825
4810,0.971343994140625,81.91550779342651
4820,0.9713592529296875,82.04012179374695
4830,0.9713897705078125,82.19506978988647
4840,0.9716644287109375,82.38931202888489
4850,0.9716644287109375,82.55279779434204
4860,0.9738616943359375,82.75862288475037
4870,0.973876953125,82.91060280799866
4880,0.9738922119140625,83.1451907157898
4890,0.973907470703125,83.28341770172119
4900,0.9739227294921875,83.44799780845642
4910,0.9739227294921875,83.63589668273926
4920,0.97393798828125,83.81450581550598
4930,0.97393798828125,84.0064787864685
4940,0.973968505859375,84.16176891326904
4950,0.9739837646484375,84.31575083732605
4960,0.9782867431640625,84.56199073791504
4970,0.97833251953125,84.73421382904053
4980,0.9783477783203125,84.93649172782898
4990,0.947998046875,85.11031174659729
5000,0.954833984375,85.31621766090393
5010,0.9551849365234375,85.47214984893799
5020,0.965087890625,85.6241307258606
5030,0.9651031494140625,85.75909686088562
5040,0.967529296875,85.90956687927246
5050,0.9675445556640625,86.09694480895996
5060,0.9683685302734375,86.29759073257446
5070,0.9683990478515625,86.45898175239563
5080,0.9683990478515625,86.63384294509888
5090,0.9684295654296875,86.79435086250305
5100,0.96844482421875,86.96447587013245
5110,0.96844482421875,87.12038278579712
5120,0.9684600830078125,87.29812097549438
5130,0.9684906005859375,87.45623278617859
5140,0.968505859375,87.63596272468567
5150,0.968505859375,87.77087068557739
5160,0.9685516357421875,88.10406970977783
5170,0.9685516357421875,88.35793375968933
5180,0.9685516357421875,88.51356387138367
5190,0.9685821533203125,88.64222693443298
5200,0.9685821533203125,88.81927585601807
5210,0.968597412109375,88.96706366539001
5220,0.9686279296875,89.12223076820374
5230,0.9686279296875,89.3113808631897
5240,0.9686431884765625,89.45251297950745
5250,0.9686431884765625,89.59426379203796
5260,0.9686737060546875,89.75839376449585
5270,0.9693145751953125,89.9403829574585
5280,0.9693145751953125,90.11336588859558
5290,0.9693450927734375,90.28237891197205
5300,0.9693603515625,90.4052038192749
5310,0.9693603515625,90.57056164741516
5320,0.969390869140625,90.77264881134033
5330,0.9694061279296875,90.9993827342987
5340,0.96942138671875,91.16317486763
5350,0.969451904296875,91.33562803268433
5360,0.969451904296875,91.47751379013062
5370,0.9694671630859375,91.63336968421936
5380,0.969512939453125,91.78798985481262
5390,0.969512939453125,91.93837594985962
5400,0.9695281982421875,92.08686590194702
5410,0.9695587158203125,92.23936176300049
5420,0.9695587158203125,92.41409373283386
5430,0.969573974609375,92.57199382781982
5440,0.9696044921875,92.70496582984924
5450,0.9696197509765625,92.86859798431396
5460,0.9696197509765625,93.10467481613159
5470,0.9696502685546875,93.25251078605652
5480,0.9696502685546875,93.4017059803009
5490,0.96966552734375,93.56685376167297
5500,0.9696807861328125,93.71599268913269
5510,0.969696044921875,93.89294075965881
5520,0.969696044921875,94.05434703826904
5530,0.969696044921875,94.183917760849
5540,0.9697113037109375,94.35172462463379
5550,0.9697265625,94.53593277931213
5560,0.969757080078125,94.7050108909607
5570,0.9697723388671875,94.89955878257751
5580,0.96978759765625,95.07611680030823
5590,0.9698028564453125,95.27111887931824
5600,0.969818115234375,95.49267768859863
5610,0.9698486328125,95.65581488609314
5620,0.9698638916015625,95.81222677230835
5630,0.9698638916015625,95.96902394294739
5640,0.9698638916015625,96.10051989555359
5650,0.9699249267578125,96.30457973480225
5660,0.9699249267578125,96.50364589691162
5670,0.9699249267578125,96.68859076499939
5680,0.9699554443359375,96.84802579879761
5690,0.969970703125,96.99460196495056
5700,0.969970703125,97.16041588783264
5710,0.970001220703125,97.31603479385376
5720,0.970001220703125,97.44372200965881
5730,0.9700164794921875,97.70945262908936
5740,0.97003173828125,97.92876887321472
5750,0.9700469970703125,98.07457876205444
5760,0.9700469970703125,98.24303579330444
5770,0.9700775146484375,98.38709878921509
5780,0.9700775146484375,98.51234483718872
5790,0.9700927734375,98.70436978340149
5800,0.970123291015625,98.91652464866638
5810,0.9701385498046875,99.09788680076599
5820,0.9701385498046875,99.29296469688416
5830,0.970184326171875,99.45705699920654
5840,0.9701995849609375,99.58180570602417
5850,0.9701995849609375,99.77473998069763
5860,0.97021484375,99.94802689552307
5870,0.970245361328125,100.116947889328
5880,0.970245361328125,100.28710889816284
5890,0.9702606201171875,100.49183368682861
5900,0.97027587890625,100.65261483192444
5910,0.970306396484375,100.80435681343079
5920,0.9703369140625,101.03351879119873
5930,0.9703369140625,101.239022731781
5940,0.970367431640625,101.42713761329651
5950,0.9703826904296875,101.5936210155487
5960,0.9703826904296875,101.75537586212158
5970,0.9703826904296875,101.92713761329651
5980,0.97039794921875,102.09180068969727
5990,0.970428466796875,102.34427690505981
6000,0.970428466796875,102.48807764053345
6010,0.9704437255859375,102.6372458934784
6020,0.9704437255859375,102.78015899658203
6030,0.9704742431640625,102.92417788505554
6040,0.9704742431640625,103.08777379989624
6050,0.970489501953125,103.23869180679321
6060,0.9705047607421875,103.39247274398804
6070,0.97052001953125,103.52670383453369
6080,0.97052001953125,103.66603374481201
6090,0.970550537109375,103.83974289894104
6100,0.970550537109375,103.97765564918518
6110,0.9705810546875,104.14568591117859
6120,0.9705810546875,104.27325963973999
6130,0.9705963134765625,104.40707182884216
6140,0.970611572265625,104.55803680419922
6150,0.9706573486328125,104.77128863334656
6160,0.970703125,104.92271065711975
6170,0.970733642578125,105.07323694229126
6180,0.970733642578125,105.25405073165894
6190,0.970733642578125,105.3967559337616
6200,0.97076416015625,105.56289196014404
6210,0.97076416015625,105.71984267234802
6220,0.9707794189453125,105.8977108001709
6230,0.9708099365234375,106.05896186828613
6240,0.9708099365234375,106.23105382919312
6250,0.9708099365234375,106.42246389389038
6260,0.9708404541015625,106.59428477287292
6270,0.970855712890625,106.74812698364258
6280,0.970855712890625,106.88149976730347
6290,0.97088623046875,107.12461376190186
6300,0.970916748046875,107.28834891319275
6310,0.970916748046875,107.45228886604309
6320,0.970947265625,107.62037301063538
6330,0.9709625244140625,107.78797578811646
6340,0.9709625244140625,107.92584776878357
6350,0.970977783203125,108.11769771575928
6360,0.9709930419921875,108.29558396339417
6370,0.97100830078125,108.53404068946838
6380,0.971038818359375,108.67249178886414
6390,0.9756317138671875,108.82374572753906
6400,0.9756622314453125,109.00174474716187
6410,0.9756927490234375,109.34257364273071
6420,0.9757080078125,109.48559165000916
6430,0.9757080078125,109.69275069236755
6440,0.9757232666015625,109.82891082763672
6450,0.975738525390625,109.99203085899353
6460,0.97576904296875,110.15228176116943
6470,0.9757843017578125,110.29008984565735
6480,0.975799560546875,110.45277786254883
6490,0.975799560546875,110.67012667655945
6500,0.975830078125,110.83723878860474
6510,0.975830078125,110.97492289543152
6520,0.9758453369140625,111.17924880981445
6530,0.9764556884765625,111.4334819316864
6540,0.976470947265625,111.59365177154541
6550,0.9764862060546875,111.7758207321167
6560,0.9767303466796875,111.95088386535645
6570,0.9767303466796875,112.2085816860199
6580,0.97674560546875,112.44939970970154
6590,0.9767608642578125,112.64035201072693
6600,0.976776123046875,112.88428688049316
6610,0.9767913818359375,113.06407189369202
6620,0.9768218994140625,113.32034873962402
6630,0.9768218994140625,113.47303986549377
6640,0.976837158203125,113.63201260566711
6650,0.97686767578125,113.80573582649231
6660,0.976898193359375,113.98816084861755
6670,0.9769134521484375,114.16899466514587
6680,0.9769287109375,114.35878872871399
6690,0.9769439697265625,114.54943680763245
6700,0.976959228515625,114.72913098335266
6710,0.9769744873046875,114.99607276916504
6720,0.9769744873046875,115.18313384056091
6730,0.97698974609375,115.33546495437622
6740,0.9770355224609375,115.5256519317627
6750,0.9770355224609375,115.70297694206238
6760,0.97705078125,115.86540484428406
6770,0.977081298828125,116.03526568412781
6780,0.977081298828125,116.19960284233093
6790,0.9770965576171875,116.41691184043884
6800,0.97711181640625,116.54285883903503
6810,0.97711181640625,116.69399881362915
6820,0.9771270751953125,116.84619188308716
6830,0.9771575927734375,117.11452960968018
6840,0.9771575927734375,117.240398645401
6850,0.9771575927734375,117.39304280281067
6860,0.9771728515625,117.54596090316772
6870,0.9772186279296875,117.74457383155823
6880,0.97723388671875,117.93415188789368
6890,0.9772491455078125,118.10839080810547
6900,0.9772796630859375,118.26876974105835
6910,0.9772796630859375,118.39607763290405
6920,0.977294921875,118.5424337387085
6930,0.9773101806640625,118.73080086708069
6940,0.9773406982421875,118.9633138179779
6950,0.97735595703125,119.11954975128174
6960,0.9773712158203125,119.31966781616211
6970,0.9773712158203125,119.44824194908142
6980,0.977386474609375,119.59386801719666
6990,0.9774169921875,119.74210095405579
7000,0.9774322509765625,119.9554648399353
7010,0.977447509765625,120.0997838973999
7020,0.9774627685546875,120.2900779247284
7030,0.97747802734375,120.45568585395813
7040,0.97747802734375,120.63635468482971
7050,0.97747802734375,120.83270978927612
7060,0.977508544921875,121.00804686546326
7070,0.977508544921875,121.13799667358398
7080,0.9775238037109375,121.34944796562195
7090,0.9775390625,121.50118780136108
7100,0.9775390625,121.68483996391296
7110,0.977569580078125,121.87199378013611
7120,0.9837188720703125,122.06919193267822
7130,0.983734130859375,122.26147198677063
7140,0.983734130859375,122.45821380615234
7150,0.9837493896484375,122.6349937915802
7160,0.9838104248046875,122.80581974983215
7170,0.9838104248046875,122.9888026714325
7180,0.98382568359375,123.13226962089539
7190,0.9838409423828125,123.26969075202942
7200,0.9838714599609375,123.41873979568481
7210,0.9838714599609375,123.6075849533081
7220,0.9838714599609375,123.76452469825745
7230,0.98388671875,123.93647575378418
7240,0.983917236328125,124.10814476013184
7250,0.9839324951171875,124.35331678390503
7260,0.98394775390625,124.52607679367065
7270,0.98394775390625,124.7534167766571
7280,0.9839630126953125,124.89902997016907
7290,0.9839935302734375,125.12474274635315
7300,0.9840087890625,125.3263030052185
7310,0.9840240478515625,125.47853493690491
7320,0.984039306640625,125.66521978378296
7330,0.984039306640625,125.81336975097656
7340,0.98406982421875,125.99388885498047
7350,0.9840850830078125,126.24034261703491
7360,0.9841156005859375,126.49609088897705
7370,0.9841156005859375,126.64278197288513
7380,0.9841461181640625,126.78905773162842
7390,0.9841766357421875,127.01721596717834
7400,0.9841766357421875,127.19619584083557
7410,0.98419189453125,127.34489393234253
7420,0.9842071533203125,127.50949096679688
7430,0.984222412109375,127.74768996238708
7440,0.9842529296875,127.89786863327026
7450,0.9842529296875,128.06659364700317
7460,0.9842681884765625,128.26122069358826
7470,0.9842987060546875,128.45332193374634
7480,0.98431396484375,128.60400795936584
7490,0.98431396484375,128.75000882148743
7500,0.984344482421875,128.8930459022522
7510,0.9843597412109375,129.03751683235168
7520,0.9843597412109375,129.20475578308105
7530,0.984375,129.3602466583252
7540,0.984375,129.59639191627502
7550,0.984375,129.82826685905457
7560,0.9843902587890625,129.98091793060303
7570,0.984405517578125,130.13016295433044
7580,0.984405517578125,130.29302382469177
7590,0.9844207763671875,130.50555276870728
7600,0.9844512939453125,130.65708899497986
7610,0.984466552734375,130.8270537853241
7620,0.9844818115234375,130.97648692131042
7630,0.9844818115234375,131.1670117378235
7640,0.9845123291015625,131.49671077728271
7650,0.9845428466796875,131.71750402450562
7660,0.98455810546875,131.86521291732788
7670,0.9845733642578125,132.04626893997192
7680,0.984588623046875,132.1689088344574
7690,0.9846038818359375,132.38874292373657
7700,0.984619140625,132.54584765434265
7710,0.984649658203125,132.6943817138672
7720,0.9846649169921875,132.8096408843994
7730,0.98468017578125,132.95500588417053
7740,0.9846954345703125,133.14433789253235
7750,0.984710693359375,133.32071495056152
7760,0.984710693359375,133.46883893013
7770,0.9847259521484375,133.6504077911377
7780,0.9847412109375,133.80854773521423
7790,0.9847564697265625,133.9464828968048
7800,0.984771728515625,134.18130588531494
7810,0.984771728515625,134.33880496025085
7820,0.984771728515625,134.51877975463867
7830,0.98480224609375,134.6825647354126
7840,0.984832763671875,134.9397487640381
7850,0.984832763671875,135.15245079994202
7860,0.9848480224609375,135.37092089653015
7870,0.9848785400390625,135.50895071029663
7880,0.9848785400390625,135.63584160804749
7890,0.9849090576171875,135.87277269363403
7900,0.9849090576171875,135.99598479270935
7910,0.98492431640625,136.12814688682556
7920,0.984954833984375,136.29103994369507
7930,0.984954833984375,136.4279749393463
7940,0.9849700927734375,136.5897238254547
7950,0.9850006103515625,136.72174072265625
7960,0.9850311279296875,136.8759868144989
7970,0.9850311279296875,137.09001779556274
7980,0.985076904296875,137.26407980918884
7990,0.985076904296875,137.42783880233765
8000,0.9850921630859375,137.61308479309082
8010,0.985107421875,137.73828077316284
8020,0.985107421875,137.9221329689026
8030,0.9851226806640625,138.08849167823792
8040,0.9851226806640625,138.25426268577576
8050,0.985137939453125,138.40165090560913
8060,0.9851531982421875,138.59937000274658
8070,0.9851531982421875,138.74912476539612
8080,0.98516845703125,138.9015507698059
8090,0.9851837158203125,139.06050181388855
8100,0.9852142333984375,139.26331686973572
8110,0.9852142333984375,139.47653889656067
8120,0.9852142333984375,139.6538257598877
8130,0.9852294921875,139.78878378868103
8140,0.9852447509765625,139.92420887947083
8150,0.9852752685546875,140.0480718612671
8160,0.9852752685546875,140.19223499298096
8170,0.9853057861328125,140.3218207359314
8180,0.985321044921875,140.47626280784607
8190,0.985321044921875,140.67117285728455
8200,0.9853973388671875,140.85933995246887
8210,0.9853973388671875,141.00927996635437
8220,0.98541259765625,141.18206071853638
8230,0.9854278564453125,141.3358199596405
8240,0.9854278564453125,141.49855065345764
8250,0.985443115234375,141.63455891609192
8260,0.9854736328125,141.79087686538696
8270,0.9854736328125,141.93277287483215
8280,0.9854736328125,142.11607670783997
8290,0.9855194091796875,142.43345880508423
8300,0.9855194091796875,142.56933879852295
8310,0.9855194091796875,142.71391987800598
8320,0.9855499267578125,142.91498184204102
8330,0.985565185546875,143.10935378074646
8340,0.9855804443359375,143.28095078468323
8350,0.9856109619140625,143.4227237701416
8360,0.9856109619140625,143.57013177871704
8370,0.985626220703125,143.75603079795837
8380,1.158782958984375,144.15827775001526
8390,1.1587982177734375,144.31867861747742
8400,1.1587982177734375,144.4692096710205
8410,1.1588134765625,144.6482539176941
8420,1.1588287353515625,144.78121876716614
8430,1.158843994140625,144.92051887512207
8440,1.15887451171875,145.07876467704773
8450,1.15887451171875,145.22929573059082
8460,1.158905029296875,145.3587007522583
8470,1.158935546875,145.50144481658936
8480,1.1589508056640625,145.6448667049408
8490,1.158966064453125,145.85342574119568
8500,1.1589813232421875,146.03392887115479
8510,1.1590118408203125,146.19934797286987
8520,1.1590118408203125,146.3421368598938
8530,1.1590118408203125,146.5627899169922
8540,1.159027099609375,146.73085379600525
8550,1.1590423583984375,146.90647888183594
8560,1.1590728759765625,147.0618188381195
8570,1.1590728759765625,147.2087757587433
8580,1.159088134765625,147.36142778396606
8590,1.1591033935546875,147.55197286605835
8600,1.159088134765625,147.72591996192932
8610,1.1591339111328125,147.90697383880615
8620,1.159149169921875,148.03969383239746
8630,1.159149169921875,148.19227695465088
8640,1.1591644287109375,148.33310675621033
8650,1.159210205078125,148.52874183654785
8660,1.157501220703125,148.6914098262787
8670,1.1577911376953125,148.86337089538574
8680,1.1582489013671875,149.049174785614
8690,1.15826416015625,149.21587872505188
8700,1.15826416015625,149.4752860069275
8710,1.1513214111328125,149.65467858314514
8720,1.156646728515625,149.8495388031006
8730,1.1566619873046875,149.96642565727234
8740,1.15667724609375,150.16657996177673
8750,1.15667724609375,150.32032179832458
8760,1.1566925048828125,150.45924878120422
8770,1.1567230224609375,150.65033984184265
8780,1.1567230224609375,150.78612303733826
8790,1.1567230224609375,150.93372797966003
8800,1.15673828125,151.09107303619385
8810,1.1567840576171875,151.24824976921082
8820,1.15679931640625,151.42933678627014
8830,1.1588287353515625,151.62209486961365
8840,1.1588287353515625,151.7577338218689
8850,1.1588592529296875,151.93926787376404
8860,1.15887451171875,152.12464570999146
8870,1.1588897705078125,152.2674708366394
8880,1.1589202880859375,152.44671893119812
8890,1.1589508056640625,152.6187126636505
8900,1.1589508056640625,152.7732276916504
8910,1.1589508056640625,152.94955492019653
8920,1.15899658203125,153.11897492408752
8930,1.15899658203125,153.26501393318176
8940,1.15899658203125,153.443678855896
8950,1.1590423583984375,153.62173581123352
8960,1.1590576171875,153.77545189857483
8970,1.1590576171875,153.93232083320618
8980,1.1590728759765625,154.15105986595154
8990,1.159088134765625,154.33425164222717
9000,1.1654205322265625,154.52616500854492
9010,1.1654510498046875,154.7103796005249
9020,1.16546630859375,154.8584988117218
9030,1.16546630859375,154.99950075149536
9040,1.1654815673828125,155.16923594474792
9050,1.165496826171875,155.31595492362976
9060,1.1655120849609375,155.46242260932922
9070,1.16552734375,155.63039183616638
9080,1.16552734375,155.7669129371643
9090,1.1655426025390625,155.9323058128357
9100,1.1655731201171875,156.06796383857727
9110,1.1655731201171875,156.24963188171387
9120,1.1655731201171875,156.4350938796997
9130,1.165618896484375,156.5820608139038
9140,1.1656341552734375,156.775319814682
9150,1.1656341552734375,156.98345685005188
9160,1.1656494140625,157.10633397102356
9170,1.1656646728515625,157.2597107887268
9180,1.1656951904296875,157.425550699234
9190,1.16571044921875,157.57114696502686
9200,1.16571044921875,157.73214983940125
9210,1.16571044921875,157.90639781951904
9220,1.1657562255859375,158.02761387825012
9230,1.1657562255859375,158.180330991745
9240,1.1657562255859375,158.36533570289612
9250,1.165771484375,158.552011013031
9260,1.1657867431640625,158.68433785438538
9270,1.165802001953125,158.9667148590088
9280,1.1658172607421875,159.1216218471527
9290,1.16583251953125,159.29113864898682
9300,1.1658477783203125,159.52051877975464
9310,1.166290283203125,159.76680397987366
9320,1.1663055419921875,159.89947962760925
9330,1.1663055419921875,160.03165793418884
9340,1.16632080078125,160.18933773040771
9350,1.166351318359375,160.31775879859924
9360,1.166351318359375,160.48941493034363
9370,1.1663818359375,160.6208119392395
9380,1.1663970947265625,160.79919576644897
9390,1.1663970947265625,160.98643684387207
9400,1.1663970947265625,161.15650987625122
9410,1.16644287109375,161.33926391601562
9420,1.1664581298828125,161.48877882957458
9430,1.166473388671875,161.68698477745056
9440,1.1664886474609375,161.8264617919922
9450,1.16650390625,161.94952392578125
9460,1.1665191650390625,162.11414670944214
9470,1.166534423828125,162.26360487937927
9480,1.166534423828125,162.4089047908783
9490,1.1665496826171875,162.55882382392883
9500,1.1665802001953125,162.69425988197327
9510,1.1665802001953125,162.82871866226196
9520,1.1665802001953125,162.97613072395325
9530,1.1666107177734375,163.18777871131897
9540,1.1666259765625,163.3795838356018
9550,1.1666259765625,163.51591181755066
9560,1.166656494140625,163.6699697971344
9570,1.166656494140625,163.80379962921143
9580,1.1666717529296875,163.98282766342163
9590,1.1667022705078125,164.11289477348328
9600,1.1667022705078125,164.29709792137146
9610,1.1667022705078125,164.4635148048401
9620,1.166717529296875,164.66912484169006
9630,1.1667633056640625,164.82011079788208
9640,1.166778564453125,165.08872866630554
9650,1.16680908203125,165.31571888923645
9660,1.16680908203125,165.56082677841187
9670,1.16680908203125,165.74294877052307
9680,1.166839599609375,165.90272283554077
9690,1.1668548583984375,166.07860469818115
9700,1.1668548583984375,166.29089093208313
9710,1.1668853759765625,166.4245798587799
9720,1.1668853759765625,166.55721759796143
9730,1.1668853759765625,166.71032881736755
9740,1.16693115234375,166.86154770851135
9750,1.16693115234375,167.0043957233429
9760,1.16693115234375,167.15518879890442
9770,1.166961669921875,167.31337881088257
9780,1.1669921875,167.50404286384583
9790,1.1669921875,167.65913772583008
9800,1.166778564453125,167.82348895072937
9810,1.166778564453125,167.96147871017456
9820,1.16680908203125,168.07243084907532
9830,1.16705322265625,168.25088262557983
9840,1.16705322265625,168.4194996356964
9850,1.1670684814453125,168.5649709701538
9860,1.167083740234375,168.71755480766296
9870,1.1671142578125,168.88041973114014
9880,1.1671142578125,169.07052063941956
9890,1.1671600341796875,169.2281677722931
9900,1.1671905517578125,169.4064507484436
9910,1.167205810546875,169.72011590003967
9920,1.1552886962890625,169.91647386550903
9930,1.155975341796875,170.0765597820282
9940,1.1559906005859375,170.24959182739258
9950,1.156005859375,170.40643668174744
9960,1.1361083984375,170.55914187431335
9970,1.1361541748046875,170.72215390205383
9980,1.093017578125,170.86850690841675
9990,1.1017608642578125,171.01378202438354
10000,1.101776123046875,171.1410357952118
10010,1.101806640625,171.2894730567932
10020,1.1093292236328125,171.463449716568
10030,1.1284942626953125,171.71718883514404
10040,1.0970458984375,171.95742177963257
10050,1.0970458984375,172.08291482925415
10060,1.0981292724609375,172.23789596557617
10070,1.0981597900390625,172.39094972610474
10080,1.101226806640625,172.57074189186096
10090,1.1012420654296875,172.72860383987427
10100,1.10125732421875,172.9023358821869
10110,1.1012725830078125,173.06612396240234
10120,1.1040802001953125,173.2675268650055
10130,1.1048583984375,173.4195728302002
10140,1.1131744384765625,173.63153672218323
10150,1.1131744384765625,173.79435873031616
10160,1.1132049560546875,173.97230982780457
10170,1.11322021484375,174.1352367401123
10180,1.11322021484375,174.294371843338
10190,1.1132354736328125,174.45205569267273
10200,1.113250732421875,174.62549567222595
10210,1.1132659912109375,174.77968168258667
10220,1.11328125,174.90398168563843
10230,1.11328125,175.06161165237427
10240,1.11328125,175.21573281288147
10250,1.1133575439453125,175.38796281814575
10260,1.113372802734375,175.55811476707458
10270,1.113372802734375,175.81441283226013
10280,1.1133880615234375,176.01941990852356
10290,1.1134185791015625,176.1887469291687
10300,1.1134185791015625,176.33454179763794
10310,1.113433837890625,176.49215483665466
10320,1.113433837890625,176.68017578125
10330,1.1132965087890625,176.83014559745789
10340,1.113311767578125,176.98795175552368
10350,1.1141815185546875,177.1596176624298
10360,1.1141815185546875,177.3026397228241
10370,1.1142425537109375,177.4825918674469
10380,1.1281890869140625,177.6763949394226
10390,1.1281890869140625,177.8300337791443
10400,1.12823486328125,177.97406268119812
10410,1.12823486328125,178.10714983940125
10420,1.12823486328125,178.22917294502258
10430,1.128265380859375,178.3720188140869
10440,1.1282806396484375,178.51602482795715
10450,1.1282806396484375,178.67345261573792
10460,1.1282958984375,178.83467483520508
10470,1.1283111572265625,179.07925176620483
10480,1.1283111572265625,179.29474782943726
10490,1.1283416748046875,179.4458348751068
10500,1.1283721923828125,179.59322690963745
10510,1.1283721923828125,179.73472261428833
10520,1.1283721923828125,179.90347695350647
10530,1.128387451171875,180.07492995262146
10540,1.12841796875,180.2393777370453
10550,1.1284332275390625,180.37985372543335
10560,1.12969970703125,180.57249093055725
10570,1.12969970703125,180.73824882507324
10580,1.1297149658203125,180.9214026927948
10590,1.1297454833984375,181.09197998046875
10600,1.1297454833984375,181.28910994529724
10610,1.1297607421875,181.4299247264862
10620,1.129791259765625,181.6394407749176
10630,1.1298065185546875,181.80896878242493
10640,1.1298065185546875,182.02267694473267
10650,1.12982177734375,182.1711528301239
10660,1.129852294921875,182.29386591911316
10670,1.1298675537109375,182.48878574371338
10680,1.1298828125,182.6334047317505
10690,1.1298828125,182.81020188331604
10700,1.149566650390625,183.0510447025299
10710,1.1496124267578125,183.20442867279053
10720,1.1496124267578125,183.35737705230713
10730,1.1496429443359375,183.54227876663208
10740,1.149658203125,183.70589470863342
10750,1.1383819580078125,183.87579584121704
10760,1.138397216796875,184.0504047870636
10770,1.1549835205078125,184.30773282051086
10780,1.154998779296875,184.47393202781677
10790,1.1550140380859375,184.62786889076233
10800,1.1419525146484375,184.87226796150208
10810,1.1419525146484375,185.06008172035217
10820,1.1419677734375,185.21738076210022
10830,1.141998291015625,185.36973881721497
10840,1.141998291015625,185.56539487838745
10850,1.141998291015625,185.77473878860474
10860,1.14154052734375,185.9876868724823
10870,1.141571044921875,186.12974166870117
10880,1.141571044921875,186.2929937839508
10890,1.1415863037109375,186.47143387794495
10900,1.1415863037109375,186.62783980369568
10910,1.1416168212890625,186.7449929714203
10920,1.1427001953125,186.9215166568756
10930,1.1427001953125,187.07503485679626
10940,1.1427001953125,187.27491283416748
10950,1.142730712890625,187.41106581687927
10960,1.1427459716796875,187.5613567829132
10970,1.1427459716796875,187.71952176094055
10980,1.14190673828125,187.89818787574768
10990,1.141937255859375,188.05989289283752
11000,1.1419525146484375,188.2097887992859
11010,1.1419677734375,188.33821272850037
11020,1.1419677734375,188.5396008491516
11030,1.151580810546875,188.7738778591156
11040,1.1515960693359375,188.94287180900574
11050,1.151611328125,189.0835509300232
11060,1.151611328125,189.28448367118835
11070,1.1516571044921875,189.40693473815918
11080,1.151824951171875,189.56055974960327
11090,1.1518402099609375,189.76461696624756
11100,1.1489410400390625,189.9085886478424
11110,1.1489410400390625,190.07053685188293
11120,1.148956298828125,190.21122574806213
11130,1.14898681640625,190.33885288238525
11140,1.14898681640625,190.4836769104004
11150,1.149017333984375,190.68313479423523
11160,1.1490325927734375,190.8253026008606
11170,1.1472625732421875,191.03164291381836
11180,1.1472625732421875,191.19437789916992
11190,1.1472930908203125,191.39368176460266
11200,1.1472930908203125,191.55128479003906
11210,1.147308349609375,191.6834659576416
11220,1.1490325927734375,191.87637662887573
11230,1.1490631103515625,192.03184366226196
11240,1.1490631103515625,192.21538376808167
11250,1.149078369140625,192.38601398468018
11260,1.149078369140625,192.54135394096375
11270,1.14910888671875,192.70954585075378
11280,1.1491241455078125,192.87321877479553
11290,1.1491241455078125,193.07615900039673
11300,1.149139404296875,193.242018699646
11310,1.1491546630859375,193.39899587631226
11320,1.149169921875,193.55927968025208
11330,1.1491851806640625,193.69599175453186
11340,1.1492156982421875,193.9189088344574
11350,1.1492156982421875,194.12087392807007
11360,1.1492156982421875,194.27951169013977
11370,1.149261474609375,194.4258008003235
11380,1.1492767333984375,194.60044288635254
11390,1.1492767333984375,194.77006483078003
11400,1.1492919921875,194.94468188285828
11410,1.1493072509765625,195.10907793045044
11420,1.1493072509765625,195.32343196868896
11430,1.1493377685546875,195.45777487754822
11440,1.14935302734375,195.6637737751007
11450,1.14935302734375,195.8332757949829
11460,1.1493988037109375,196.013023853302
11470,1.1493988037109375,196.2090299129486
11480,1.1493988037109375,196.45956873893738
11490,1.1494293212890625,196.620769739151
11500,1.1494293212890625,196.75501990318298
11510,1.149444580078125,196.89895296096802
11520,1.149444580078125,197.11706066131592
11530,1.1577301025390625,197.2727508544922
11540,1.157745361328125,197.41101789474487
11550,1.157745361328125,197.59923362731934
11560,1.157745361328125,197.7397677898407
11570,1.157745361328125,197.96546483039856
11580,1.157806396484375,198.15235090255737
11590,1.1578216552734375,198.35331463813782
11600,1.1578216552734375,198.50793600082397
11610,1.1578369140625,198.67025876045227
11620,1.1578521728515625,198.84484481811523
11630,1.1560821533203125,199.00620484352112
11640,1.156097412109375,199.19756388664246
11650,1.156097412109375,199.34295558929443
11660,1.1561126708984375,199.50397372245789
11670,1.156158447265625,199.6513547897339
11680,1.156158447265625,199.828861951828
11690,1.156158447265625,199.95812463760376
11700,1.1561737060546875,200.10931301116943
11710,1.156219482421875,200.32321095466614
11720,1.156219482421875,200.53198170661926
11730,1.156219482421875,200.72862076759338
11740,1.1562347412109375,200.8911817073822
11750,1.1562652587890625,201.0432198047638
11760,1.1562652587890625,201.16953682899475
11770,1.156280517578125,201.33888578414917
11780,1.1562957763671875,201.4973418712616
11790,1.15631103515625,201.66928577423096
11800,1.1563262939453125,201.81292581558228
11810,1.154693603515625,201.99496865272522
11820,1.154693603515625,202.26201391220093
11830,1.154754638671875,202.43394684791565
11840,1.154754638671875,202.61275792121887
11850,1.1547698974609375,202.85783576965332
11860,1.1597900390625,203.10072875022888
11870,1.1598052978515625,203.2784938812256
11880,1.1598358154296875,203.4252736568451
11890,1.15985107421875,203.60283064842224
11900,1.15985107421875,203.75319576263428
11910,1.1598663330078125,203.90914678573608
11920,1.159881591796875,204.11969470977783
11930,1.159881591796875,204.39621090888977
11940,1.159912109375,204.57655382156372
11950,1.159942626953125,204.71782565116882
11960,1.159942626953125,204.94837474822998
11970,1.159942626953125,205.12901782989502
11980,1.15997314453125,205.24565076828003
11990,1.1599884033203125,205.4824776649475
12000,1.1599884033203125,205.6705937385559
12010,1.160003662109375,205.81015396118164
12020,1.1600341796875,205.94152665138245
12030,1.1600341796875,206.07542872428894
12040,1.1600341796875,206.2638499736786
12050,1.1611785888671875,206.46232986450195
12060,1.1611785888671875,206.6274118423462
12070,1.161224365234375,206.8080656528473
12080,1.1057891845703125,206.99904990196228
12090,1.10107421875,207.2020878791809
12100,1.0991668701171875,207.3683216571808
12110,1.099884033203125,207.54071974754333
12120,1.0998992919921875,207.6935408115387
12130,1.09991455078125,207.84831166267395
12140,1.09991455078125,208.0443787574768
12150,1.0999298095703125,208.18814277648926
12160,1.099945068359375,208.36750888824463
12170,1.099945068359375,208.51385188102722
12180,1.0999755859375,208.64553380012512
12190,1.100006103515625,208.782381772995
12200,1.100006103515625,208.94280982017517
12210,1.1000213623046875,209.10425877571106
12220,1.10003662109375,209.3054337501526
12230,1.1000518798828125,209.45370864868164
12240,1.1000518798828125,209.62663173675537
12250,1.1000823974609375,209.76875591278076
12260,1.1000823974609375,209.91404390335083
12270,1.10009765625,210.08464884757996
12280,1.1001129150390625,210.25569772720337
12290,1.100128173828125,210.39254188537598
12300,1.1001739501953125,210.53263878822327
12310,1.1002044677734375,210.67164278030396
12320,1.1002044677734375,210.85717463493347
12330,1.1002044677734375,211.03739380836487
12340,1.1002655029296875,211.2173969745636
12350,1.1002655029296875,211.35621881484985
12360,1.1002655029296875,211.52197194099426
12370,1.1002960205078125,211.65421080589294
12380,1.1003265380859375,211.82392072677612
12390,1.1003265380859375,211.99825382232666
12400,1.100341796875,212.15066862106323
12410,1.1003570556640625,212.3120687007904
12420,1.100372314453125,212.4451048374176
12430,1.10040283203125,212.59710478782654
12440,1.10040283203125,212.75462985038757
12450,1.1004486083984375,212.89879775047302
12460,1.1004638671875,213.04472279548645
12470,1.1004638671875,213.19261980056763
12480,1.1004638671875,213.35682582855225
12490,1.1005096435546875,213.5322229862213
12500,1.10052490234375,213.68857288360596
12510,1.10052490234375,213.86840677261353
12520,1.1005401611328125,214.03890371322632
12530,1.1005401611328125,214.200603723526
12540,1.1005401611328125,214.37560391426086
12550,1.10089111328125,214.55419373512268
12560,1.100921630859375,214.72130274772644
12570,1.100921630859375,214.8738977909088
12580,1.1009521484375,215.10601377487183
12590,1.1009521484375,215.39113759994507
12600,1.100982666015625,215.5761477947235
12610,1.1009979248046875,215.7584719657898
12620,1.1010284423828125,215.91598176956177
12630,1.1010284423828125,216.094575881958
12640,1.1010589599609375,216.25568270683289
12650,1.1010589599609375,216.42169189453125
12660,1.10107421875,216.61561489105225
12670,1.101104736328125,216.7587857246399
12680,1.1011962890625,216.9582667350769
12690,1.1012115478515625,217.11104273796082
12700,1.101226806640625,217.27487778663635
12710,1.101226806640625,217.40897274017334
12720,1.1012420654296875,217.54753470420837
12730,1.1012725830078125,217.7122838497162
12740,1.1012725830078125,217.91764283180237
12750,1.1012725830078125,218.07094764709473
12760,1.101318359375,218.24745392799377
12770,1.1013336181640625,218.39048981666565
12780,1.1013336181640625,218.5671329498291
12790,1.101348876953125,218.70673274993896
12800,1.10137939453125,218.9190866947174
12810,1.1013946533203125,219.12234497070312
12820,1.101409912109375,219.28873777389526
12830,1.101409912109375,219.5173408985138
12840,1.1014251708984375,219.6397876739502
12850,1.1014556884765625,219.80192279815674
12860,1.1014556884765625,219.9233226776123
12870,1.1014556884765625,220.07293891906738
12880,1.10150146484375,220.25931692123413
12890,1.1015167236328125,220.38849687576294
12900,1.1015167236328125,220.54175782203674
12910,1.1015167236328125,220.70180368423462
12920,1.1015777587890625,220.85571360588074
12930,1.1015777587890625,221.04487586021423
12940,1.1015777587890625,221.24752163887024
12950,1.101593017578125,221.37658381462097
12960,1.1016082763671875,221.51886987686157
12970,1.1016082763671875,221.7011058330536
12980,1.1016387939453125,221.89887070655823
12990,1.101654052734375,222.07786774635315
13000,1.101654052734375,222.21467065811157
13010,1.1016693115234375,222.3963747024536
13020,1.1016845703125,222.6190299987793
13030,1.1016845703125,222.76591277122498
13040,1.1016998291015625,222.9103968143463
13050,1.101715087890625,223.0429768562317
13060,1.101715087890625,223.2554407119751
13070,1.10174560546875,223.39475893974304
13080,1.10174560546875,223.54767680168152
13090,1.10174560546875,223.69741487503052
13100,1.1017608642578125,223.85520577430725
13110,1.1017913818359375,224.02044892311096
13120,1.1017913818359375,224.2018768787384
13130,1.101806640625,224.3406698703766
13140,1.1018218994140625,224.57492780685425
13150,1.101837158203125,224.72431588172913
13160,1.10186767578125,224.90385580062866
13170,1.1018829345703125,225.0951738357544
13180,1.101898193359375,225.2406837940216
13190,1.1019134521484375,225.38970589637756
13200,1.1019287109375,225.55411577224731
13210,1.15264892578125,225.8725347518921
13220,1.1526641845703125,226.05709791183472
13230,1.1526947021484375,226.22439980506897
13240,1.1526947021484375,226.38293981552124
13250,1.1527099609375,226.60185170173645
13260,1.1527099609375,226.76590776443481
13270,1.1527252197265625,226.89829564094543
13280,1.15277099609375,227.09064292907715
13290,1.15277099609375,227.23291969299316
13300,1.15277099609375,227.4415009021759
13310,1.1528167724609375,227.58677768707275
13320,1.1528167724609375,227.76371669769287
13330,1.1538848876953125,227.92430591583252
13340,1.153900146484375,228.09537482261658
13350,1.1539154052734375,228.28586387634277
13360,1.1539306640625,228.49427580833435
13370,1.1539459228515625,228.67194485664368
13380,1.153961181640625,228.83642387390137
13390,1.1539764404296875,228.9859299659729
13400,1.1596832275390625,229.19911980628967
13410,1.159698486328125,229.35819292068481
13420,1.159698486328125,229.52288794517517
13430,1.15972900390625,229.6940176486969
13440,1.15972900390625,229.85855269432068
13450,1.1597442626953125,229.98813796043396
13460,1.1597747802734375,230.16491961479187
13470,1.1597747802734375,230.3062117099762
13480,1.1597747802734375,230.47184467315674
13490,1.1597900390625,230.66212582588196
13500,1.159820556640625,230.79112482070923
13510,1.159820556640625,230.95069980621338
13520,1.1598358154296875,231.0961709022522
13530,1.1598358154296875,231.24518299102783
13540,1.15985107421875,231.3930675983429
13550,1.1598663330078125,231.53763890266418
13560,1.1598663330078125,231.74967193603516
13570,1.159881591796875,231.9565749168396
13580,1.1598968505859375,232.09964966773987
13590,1.159912109375,232.25129580497742
13600,1.159912109375,232.3955090045929
13610,1.1599578857421875,232.54089188575745
13620,1.15997314453125,232.72432684898376
13630,1.15997314453125,232.96495580673218
13640,1.160003662109375,233.12402081489563
13650,1.1600189208984375,233.2885868549347
13660,1.1600341796875,233.45357584953308
13670,1.160064697265625,233.65421080589294
13680,1.1600799560546875,233.81143283843994
13690,1.1600799560546875,233.94202589988708
13700,1.160125732421875,234.10358786582947
13710,1.160125732421875,234.24451684951782
13720,1.160125732421875,234.36741971969604
13730,1.1593170166015625,234.5395200252533
13740,1.159332275390625,234.68800377845764
13750,1.13427734375,234.90620374679565
13760,1.1263885498046875,235.0425889492035
13770,1.12640380859375,235.27657175064087
13780,1.126434326171875,235.4825029373169
13790,1.1264495849609375,235.63904094696045
13800,1.1264495849609375,235.82097792625427
13810,1.12646484375,235.99981999397278
13820,1.1264801025390625,236.14790868759155
13830,1.1264801025390625,236.3076617717743
13840,1.126495361328125,236.54898881912231
13850,1.12652587890625,236.69856476783752
13860,1.12652587890625,236.83865070343018
13870,1.12652587890625,236.99467182159424
13880,1.126556396484375,237.15820789337158
13890,1.1265869140625,237.30470180511475
13900,1.1266021728515625,237.44188690185547
13910,1.126617431640625,237.5809247493744
13920,1.1266326904296875,237.76152181625366
13930,1.1266326904296875,237.94496488571167
13940,1.12664794921875,238.09517884254456
13950,1.1266632080078125,238.24901676177979
13960,1.126678466796875,238.441175699234
13970,1.1266937255859375,238.6694610118866
13980,1.126708984375,238.87506771087646
13990,1.126708984375,239.0182647705078
14000,1.1267242431640625,239.2208969593048
14010,1.12677001953125,239.39895296096802
14020,1.1267852783203125,239.53523302078247
14030,1.1267852783203125,239.65075087547302
14040,1.1267852783203125,239.80685186386108
14050,1.126800537109375,239.94804573059082
14060,1.1268157958984375,240.11119270324707
14070,1.1347198486328125,240.434494972229
14080,1.1347198486328125,240.57832765579224
14090,1.1347198486328125,240.76432085037231
14100,1.134765625,240.8980438709259
14110,1.134765625,241.0318808555603
14120,1.134765625,241.2068967819214
14130,1.134796142578125,241.37229585647583
14140,1.13482666015625,241.55837965011597
14150,1.1348419189453125,241.72933888435364
14160,1.134857177734375,241.92080163955688
14170,1.134857177734375,242.11397767066956
14180,1.1348876953125,242.24748969078064
14190,1.13720703125,242.4149408340454
14200,1.13720703125,242.62840604782104
14210,1.13720703125,242.77232575416565
14220,1.137237548828125,242.92559170722961
14230,1.1372528076171875,243.10075974464417
14240,1.1372528076171875,243.2868847846985
14250,1.137298583984375,243.45437693595886
14260,1.137298583984375,243.64699172973633
14270,1.137298583984375,243.81484270095825
14280,1.1373138427734375,244.06296396255493
14290,1.1373443603515625,244.242693901062
14300,1.1373443603515625,244.41320180892944
14310,1.137359619140625,244.54968976974487
14320,1.137359619140625,244.72129273414612
14330,1.1373748779296875,244.8982367515564
14340,1.137420654296875,245.06308674812317
14350,1.137420654296875,245.20095586776733
14360,1.137420654296875,245.31968569755554
14370,1.137451171875,245.4813108444214
14380,1.137481689453125,245.64062476158142
14390,1.1374969482421875,245.79288387298584
14400,1.13751220703125,245.9127368927002
14410,1.137542724609375,246.04462790489197
14420,1.137542724609375,246.24981880187988
14430,1.1375732421875,246.393168926239
14440,1.1375732421875,246.53900790214539
14450,1.1375732421875,246.72725296020508
14460,1.137603759765625,246.8776466846466
14470,1.1376190185546875,247.0750768184662
14480,1.1376190185546875,247.2144067287445
14490,1.1376495361328125,247.42607474327087
14500,1.1376953125,247.65107893943787
14510,1.1376953125,247.84714770317078
14520,1.1377105712890625,248.0073368549347
14530,1.1377105712890625,248.1718578338623
14540,1.137725830078125,248.38940691947937
14550,1.1377410888671875,248.55253767967224
14560,1.1377410888671875,248.76320481300354
14570,1.1377410888671875,248.93446397781372
14580,1.13775634765625,249.0721836090088
14590,1.1377716064453125,249.23221397399902
14600,1.1377716064453125,249.37776279449463
14610,1.1378173828125,249.5457627773285
14620,1.1378173828125,249.67873191833496
14630,1.1378326416015625,249.83201098442078
14640,1.137847900390625,249.99249482154846
14650,1.13787841796875,250.1331558227539
14660,1.13787841796875,250.28781485557556
14670,1.1378936767578125,250.46798181533813
14680,1.137939453125,250.6334068775177
14690,1.137939453125,250.78682684898376
14700,1.1379547119140625,250.92567086219788
14710,1.1379547119140625,251.1260049343109
14720,1.1379852294921875,251.29261684417725
14730,1.13800048828125,251.45589089393616
14740,1.1380157470703125,251.60909795761108
14750,1.1380157470703125,251.79209780693054
14760,1.1380462646484375,252.02789187431335
14770,1.1380767822265625,252.1466498374939
14780,1.1380767822265625,252.32478165626526
14790,1.1381072998046875,252.5486159324646
14800,1.1381378173828125,252.68555068969727
14810,1.1381378173828125,252.85421895980835
14820,1.138153076171875,253.01059579849243
14830,1.138153076171875,253.15508580207825
14840,1.13818359375,253.3125660419464
14850,1.1381988525390625,253.6655068397522
14860,1.138214111328125,253.9777548313141
14870,1.1382293701171875,254.18553590774536
14880,1.138275146484375,254.33142185211182
14890,1.138275146484375,254.477059841156
14900,1.138275146484375,254.63814401626587
14910,1.1383056640625,254.83246183395386
14920,1.1383209228515625,255.01816177368164
14930,1.1383209228515625,255.17092084884644
14940,1.148223876953125,255.29346585273743
14950,1.1482391357421875,255.43720984458923
14960,1.1482391357421875,255.59866881370544
14970,1.1482696533203125,255.79039573669434
14980,1.148284912109375,255.94134283065796
14990,1.1483001708984375,256.1435787677765
15000,1.1483154296875,256.3086049556732
15010,1.1483306884765625,256.4749438762665
15020,1.148345947265625,256.66668581962585
15030,1.1483612060546875,256.82151770591736
15040,1.14837646484375,256.96030378341675
15050,1.14837646484375,257.1550757884979
15060,1.14837646484375,257.354238986969
15070,1.1483917236328125,257.5923309326172
15080,1.148406982421875,257.78108167648315
15090,1.148406982421875,257.97091484069824
15100,1.1484375,258.11768674850464
15110,1.1484527587890625,258.27368783950806
15120,1.1484527587890625,258.4198830127716
15130,1.1484832763671875,258.6054337024689
15140,1.1484832763671875,258.7273180484772
15150,1.14849853515625,258.91231989860535
15160,1.1485443115234375,259.13696575164795
15170,1.1485443115234375,259.2638669013977
15180,1.1485595703125,259.4374096393585
15190,1.148590087890625,259.5931978225708
15200,1.1486053466796875,259.7633137702942
15210,1.14862060546875,259.91325068473816
15220,1.148651123046875,260.05838799476624
15230,1.1486663818359375,260.2082679271698
15240,1.1486663818359375,260.3941807746887
15250,1.1486968994140625,260.55448484420776
15260,1.1486968994140625,260.7254447937012
15270,1.148712158203125,260.8734736442566
15280,1.1487274169921875,261.0716269016266
15290,1.1487274169921875,261.2135989665985
15300,1.14874267578125,261.4499568939209
15310,1.148773193359375,261.6599237918854
15320,1.1487884521484375,261.82362484931946
15330,1.1487884521484375,261.96599769592285
15340,1.1488189697265625,262.11599373817444
15350,1.148834228515625,262.29609179496765
15360,1.148834228515625,262.45827984809875
15370,1.14886474609375,262.6048676967621
15380,1.1488800048828125,262.74610471725464
15390,1.1488800048828125,262.93953466415405
15400,1.14892578125,263.126070022583
15410,1.14892578125,263.3049008846283
15420,1.14892578125,263.4682250022888
15430,1.148956298828125,263.6411557197571
15440,1.148956298828125,263.7762007713318
15450,1.1489715576171875,263.95058274269104
15460,1.1490020751953125,264.13090682029724
15470,1.149017333984375,264.2731246948242
15480,1.149017333984375,264.49234199523926
15490,1.1490325927734375,264.7357368469238
15500,1.1490478515625,264.88565468788147
15510,1.1490631103515625,265.03895378112793
15520,1.1490936279296875,265.1782777309418
15530,1.1490936279296875,265.3940408229828
15540,1.14910888671875,265.5519506931305
15550,1.14910888671875,265.7368817329407
15560,1.14910888671875,265.9076569080353
15570,1.1491241455078125,266.0780746936798
15580,1.1491241455078125,266.2523818016052
15590,1.1491546630859375,266.40494894981384
15600,1.1491546630859375,266.6311078071594
15610,1.1491851806640625,266.8060359954834
15620,1.1491851806640625,266.97506189346313
15630,1.149200439453125,267.11813282966614
15640,1.1492156982421875,267.28319573402405
15650,1.1492156982421875,267.4385437965393
15660,1.1492462158203125,267.6316478252411
15670,1.149261474609375,267.7963898181915
15680,1.1492767333984375,267.9552597999573
15690,1.1492767333984375,268.1155107021332
15700,1.149322509765625,268.26597785949707
15710,1.1493377685546875,268.4288749694824
15720,1.1493377685546875,268.63405895233154
15730,1.14935302734375,268.8040008544922
15740,1.1493682861328125,269.0247097015381
15750,1.1493988037109375,269.1904408931732
15760,1.1494140625,269.3447606563568
15770,1.1494140625,269.5717439651489
15780,1.149444580078125,269.73222279548645
15790,1.1494598388671875,269.9018769264221
15800,1.1494598388671875,270.081711769104
15810,1.1494598388671875,270.2181968688965
15820,1.1494903564453125,270.3775587081909
15830,1.1495208740234375,270.55284094810486
15840,1.1495208740234375,270.7230808734894
15850,1.1495361328125,270.8787899017334
15860,1.1495513916015625,271.0435128211975
15870,1.149566650390625,271.2602119445801
15880,1.14959716796875,271.38884472846985
15890,1.14959716796875,271.53952264785767
15900,1.14959716796875,271.7321617603302
15910,1.1496429443359375,271.90380477905273
15920,1.1496429443359375,272.0518217086792
15930,1.1496429443359375,272.199453830719
15940,1.1496734619140625,272.39502573013306
15950,1.1497039794921875,272.6300296783447
15960,1.1497039794921875,272.8585526943207
15970,1.14971923828125,273.0863227844238
15980,1.14971923828125,273.2720878124237
15990,1.149749755859375,273.4210398197174
16000,1.1497650146484375,273.5657846927643
16010,1.1497650146484375,273.71460366249084
16020,1.1497802734375,273.87116169929504
16030,1.149810791015625,274.04354882240295
16040,1.149810791015625,274.2073657512665
16050,1.149810791015625,274.4123499393463
16060,1.1498260498046875,274.54644989967346
16070,1.1498565673828125,274.7154839038849
16080,1.1498565673828125,274.85234475135803
16090,1.1498565673828125,275.0178277492523
16100,1.1498870849609375,275.18909788131714
16110,1.1498870849609375,275.3257007598877
16120,1.14990234375,275.48025393486023
16130,1.149932861328125,275.676470041275
16140,1.149932861328125,275.8534526824951
16150,1.1499481201171875,276.0273458957672
16160,1.14996337890625,276.21871995925903
16170,1.1499786376953125,276.3639826774597
16180,1.1499786376953125,276.5284798145294
16190,1.1500091552734375,276.67016983032227
16200,1.1500244140625,276.8294298648834
16210,1.1500396728515625,277.01699471473694
16220,1.1500701904296875,277.1834077835083
16230,1.1500701904296875,277.3017728328705
16240,1.1500701904296875,277.4605576992035
16250,1.150115966796875,277.61624479293823
16260,1.150604248046875,277.80971693992615
16270,1.150604248046875,277.95657181739807
16280,1.1506195068359375,278.1054537296295
16290,1.150634765625,278.31229066848755
16300,1.150634765625,278.46794962882996
16310,1.150665283203125,278.6007056236267
16320,1.15069580078125,278.75927782058716
16330,1.15069580078125,278.9218838214874
16340,1.150726318359375,279.08784675598145
16350,1.150726318359375,279.22684693336487
16360,1.150726318359375,279.447322845459
16370,1.1507720947265625,279.61168789863586
16380,1.150787353515625,279.7469036579132
16390,1.1508026123046875,279.9411919116974
16400,1.1508331298828125,280.1031618118286
16410,1.1508331298828125,280.25684785842896
16420,1.1508331298828125,280.423455953598
16430,1.1508636474609375,280.5639617443085
16440,1.1508941650390625,280.6999468803406
16450,1.1508941650390625,280.9187059402466
16460,1.150909423828125,281.1067316532135
16470,1.1509246826171875,281.25727796554565
16480,1.15093994140625,281.4389238357544
16490,1.1509552001953125,281.6207377910614
16500,1.1509552001953125,281.9198398590088
16510,1.150970458984375,282.0847816467285
16520,1.1510009765625,282.2391359806061
16530,1.1510162353515625,282.41481494903564
16540,1.151031494140625,282.614768743515
16550,1.1510467529296875,282.7612018585205
16560,1.15106201171875,282.8935217857361
16570,1.15106201171875,283.02786588668823
16580,1.1511077880859375,283.20625376701355
16590,1.1608123779296875,283.41263580322266
16600,1.160858154296875,283.6002538204193
16610,1.164215087890625,283.7433068752289
16620,1.164215087890625,283.8986496925354
16630,1.1642303466796875,284.1069576740265
16640,1.1642303466796875,284.3057038784027
16650,1.16424560546875,284.48312878608704
16660,1.16424560546875,284.65285181999207
16670,1.1642608642578125,284.8115699291229
16680,1.164306640625,285.027138710022
16690,1.164306640625,285.1846227645874
16700,1.1643524169921875,285.3156259059906
16710,1.1643524169921875,285.51226592063904
16720,1.1643524169921875,285.6722209453583
16730,1.1643829345703125,285.82153391838074
16740,1.164398193359375,286.0130879878998
16750,1.164398193359375,286.1645019054413
16760,1.1644134521484375,286.3292589187622
16770,1.1644287109375,286.4781687259674
16780,1.1644439697265625,286.67182898521423
16790,1.1644744873046875,286.8822510242462
16800,1.16473388671875,287.11457085609436
16810,1.1647491455078125,287.2858896255493
16820,1.164764404296875,287.40797686576843
16830,1.1647796630859375,287.5938868522644
16840,1.164794921875,287.75109672546387
16850,1.164825439453125,287.917338848114
16860,1.164825439453125,288.1171786785126
16870,1.1648406982421875,288.3230278491974
16880,1.164886474609375,288.4896728992462
16890,1.164886474609375,288.7173957824707
16900,1.164886474609375,288.94384694099426
16910,1.1649169921875,289.1210377216339
16920,1.1649322509765625,289.28655886650085
16930,1.164947509765625,289.4976897239685
16940,1.1649627685546875,289.68352794647217
16950,1.16497802734375,289.8231258392334
16960,1.1649932861328125,289.9807138442993
16970,1.165008544921875,290.19556975364685
16980,1.165008544921875,290.3831057548523
16990,1.1650238037109375,290.5711796283722
17000,1.1650390625,290.76304483413696
17010,1.1650543212890625,290.9208028316498
17020,1.1650543212890625,291.09468483924866
17030,1.1650543212890625,291.27049589157104
17040,1.1650848388671875,291.41568779945374
17050,1.1650848388671875,291.6027226448059
17060,1.18109130859375,291.8764429092407
17070,1.18109130859375,292.0629277229309
17080,1.1811065673828125,292.22990798950195
17090,1.1811370849609375,292.37936997413635
17100,1.1811370849609375,292.60232281684875
17110,1.18115234375,292.75952672958374
17120,1.1811676025390625,292.94966197013855
17130,1.181182861328125,293.0957179069519
17140,1.181182861328125,293.28026700019836
17150,1.1811981201171875,293.4207327365875
17160,1.1812286376953125,293.70581674575806
17170,1.1812286376953125,293.87547874450684
17180,1.1812591552734375,294.01474261283875
17190,1.181304931640625,294.16952681541443
17200,1.181304931640625,294.30740094184875
17210,1.181304931640625,294.46158266067505
17220,1.1813507080078125,294.72094798088074
17230,1.181365966796875,294.92644572257996
17240,1.181365966796875,295.0704069137573
17250,1.1813812255859375,295.2451448440552
17260,1.181396484375,295.45562171936035
17270,1.1814117431640625,295.6019949913025
17280,1.1814422607421875,295.79082775115967
17290,1.1814422607421875,295.93491077423096
17300,1.18145751953125,296.0672309398651
17310,1.1814727783203125,296.207576751709
17320,1.181488037109375,296.35168385505676
17330,1.181488037109375,296.49122381210327
17340,1.1815185546875,296.67181277275085
17350,1.1815185546875,296.8282907009125
17360,1.1815338134765625,297.0121626853943
17370,1.1815643310546875,297.15306282043457
17380,1.18157958984375,297.2924437522888
17390,1.1815948486328125,297.4267828464508
17400,1.181610107421875,297.6511697769165
17410,1.181640625,297.78898668289185
17420,1.181640625,297.97201681137085
17430,1.181671142578125,298.1402087211609
17440,1.181671142578125,298.3529098033905
17450,1.181671142578125,298.5038788318634
17460,1.18170166015625,298.67328572273254
17470,1.1817169189453125,298.88318061828613
17480,1.1817169189453125,299.050696849823
17490,1.181732177734375,299.20161271095276
17500,1.1817626953125,299.3717408180237
17510,1.1817626953125,299.5584008693695
17520,1.1817779541015625,299.7339599132538
17530,1.181793212890625,299.86142683029175
17540,1.181793212890625,300.0607578754425
17550,1.18182373046875,300.25957465171814
17560,1.1818389892578125,300.41842579841614
17570,1.1818389892578125,300.5611069202423
17580,1.181854248046875,300.71083879470825
17590,1.181854248046875,300.86408591270447
17600,1.1818695068359375,301.00300693511963
17610,1.1819000244140625,301.21111392974854
17620,1.1819000244140625,301.4384078979492
17630,1.1819000244140625,301.57435393333435
17640,1.181915283203125,301.740149974823
17650,1.1819610595703125,301.934574842453
17660,1.1819610595703125,302.0979027748108
17670,1.181976318359375,302.2581555843353
17680,1.1820068359375,302.4012689590454
17690,1.1820068359375,302.5488336086273
17700,1.182037353515625,302.7165377140045
17710,1.1820526123046875,302.8414158821106
17720,1.1820526123046875,302.9911358356476
17730,1.18206787109375,303.1574966907501
17740,1.1820831298828125,303.319073677063
17750,1.182098388671875,303.51045298576355
17760,1.1821136474609375,303.665198802948
17770,1.1821136474609375,303.8084738254547
17780,1.18212890625,303.9526216983795
17790,1.1821746826171875,304.11905789375305
17800,1.1821746826171875,304.2689018249512
17810,1.1821746826171875,304.41866874694824
17820,1.18218994140625,304.5797357559204
17830,1.1822052001953125,304.7394428253174
17840,1.182220458984375,304.91166162490845
17850,1.1822357177734375,305.05717873573303
17860,1.1822357177734375,305.2622528076172
17870,1.1822662353515625,305.4206018447876
17880,1.18231201171875,305.6005527973175
17890,1.18231201171875,305.75968980789185
17900,1.1823272705078125,305.9240138530731
17910,1.1823577880859375,306.1330099105835
17920,1.182373046875,306.3309996128082
17930,1.182373046875,306.51109194755554
17940,1.1823883056640625,306.6990547180176
17950,1.1823883056640625,306.8435628414154
17960,1.182403564453125,307.00175285339355
17970,1.18243408203125,307.20611786842346
17980,1.18243408203125,307.3335978984833
17990,1.1824493408203125,307.4987998008728
18000,1.182464599609375,307.67026686668396
18010,1.1824798583984375,307.8450858592987
18020,1.1824951171875,307.99485969543457
18030,1.1825103759765625,308.137414932251
18040,1.1825103759765625,308.3275957107544
18050,1.1825103759765625,308.47622871398926
18060,1.1825408935546875,308.63827681541443
18070,1.18255615234375,308.7975158691406
18080,1.18255615234375,308.9423999786377
18090,1.1825714111328125,309.1058759689331
18100,1.1826019287109375,309.2577428817749
18110,1.1826019287109375,309.4155158996582
18120,1.1826019287109375,309.5916197299957
18130,1.1826171875,309.7538938522339
18140,1.1826629638671875,309.92788195610046
18150,1.1826629638671875,310.1074628829956
18160,1.18267822265625,310.28809690475464
18170,1.182708740234375,310.4263229370117
18180,1.182708740234375,310.5801157951355
18190,1.1827392578125,310.8518259525299
18200,1.1827545166015625,311.0125207901001
18210,1.1827545166015625,311.21187472343445
18220,1.182769775390625,311.37426686286926
18230,1.1827850341796875,311.57364678382874
18240,1.1827850341796875,311.730525970459
18250,1.18280029296875,311.8962697982788
18260,1.182830810546875,312.040314912796
18270,1.1828460693359375,312.287722826004
18280,1.182861328125,312.48007583618164
18290,1.182861328125,312.6949555873871
18300,1.1828765869140625,312.84535670280457
18310,1.1829071044921875,312.9806408882141
18320,1.1829071044921875,313.1610770225525
18330,1.18292236328125,313.33901596069336
18340,1.1829376220703125,313.50881481170654
18350,1.1829376220703125,313.7110357284546
18360,1.1829681396484375,313.83848667144775
18370,1.1829833984375,313.97767090797424
18380,1.1829986572265625,314.14249181747437
18390,1.183013916015625,314.3288908004761
18400,1.18304443359375,314.4712529182434
18410,1.1830596923828125,314.63386583328247
18420,1.1830596923828125,314.8750069141388
18430,1.1830902099609375,315.07352089881897
18440,1.18310546875,315.2814028263092
18450,1.18310546875,315.4550666809082
18460,1.1831512451171875,315.5912048816681
18470,1.1831512451171875,315.7796838283539
18480,1.1831512451171875,316.117871761322
18490,1.18316650390625,316.28357195854187
18500,1.1832122802734375,316.47315979003906
18510,1.1832122802734375,316.65430974960327
18520,1.1832275390625,316.81000876426697
18530,1.1832427978515625,316.97668290138245
18540,1.183258056640625,317.1506507396698
18550,1.183258056640625,317.32265186309814
18560,1.183258056640625,317.4939298629761
18570,1.1833038330078125,317.6578686237335
18580,1.183319091796875,317.8222358226776
18590,1.1833343505859375,317.973760843277
18600,1.1833343505859375,318.13245272636414
18610,1.1833648681640625,318.28747963905334
18620,1.183380126953125,318.4677577018738
18630,1.183380126953125,318.6705448627472
18640,1.18341064453125,318.88749289512634
18650,1.1834259033203125,319.10825395584106
18660,1.1834259033203125,319.29019474983215
18670,1.183441162109375,319.4305899143219
18680,1.1834564208984375,319.65085792541504
18690,1.1834716796875,319.78187799453735
18700,1.1834869384765625,319.95567059516907
18710,1.183502197265625,320.0933427810669
18720,1.1835174560546875,320.233847618103
18730,1.18353271484375,320.3831057548523
18740,1.1835479736328125,320.5651547908783
18750,1.183563232421875,320.7214677333832
18760,1.1836090087890625,320.9168748855591
18770,1.1836090087890625,321.0662479400635
18780,1.1836090087890625,321.2058439254761
18790,1.183624267578125,321.3583586215973
18800,1.18365478515625,321.4984028339386
18810,1.1836700439453125,321.67353868484497
18820,1.183685302734375,321.8216338157654
18830,1.1837005615234375,321.98843789100647
18840,1.1837005615234375,322.2195518016815
18850,1.1837310791015625,322.37408089637756
18860,1.1837615966796875,322.5303807258606
18870,1.18377685546875,322.7371027469635
18880,1.1837921142578125,322.8660478591919
18890,1.1838226318359375,322.996869802475
18900,1.1838531494140625,323.15440583229065
18910,1.183868408203125,323.37320590019226
18920,1.183868408203125,323.60938596725464
18930,1.18389892578125,323.7872037887573
18940,1.1839141845703125,323.9555697441101
18950,1.1839141845703125,324.1240408420563
18960,1.1839141845703125,324.2690258026123
18970,1.1839599609375,324.4183397293091
18980,1.1839599609375,324.561066865921
18990,1.1839752197265625,324.7240688800812
19000,1.1840057373046875,324.8736357688904
19010,1.18402099609375,325.0965008735657
19020,1.18402099609375,325.2911717891693
19030,1.18402099609375,325.42167568206787
19040,1.1840362548828125,325.6109297275543
19050,1.1840362548828125,325.84050583839417
19060,1.1840667724609375,326.0217227935791
19070,1.1840667724609375,326.18133091926575
19080,1.1840667724609375,326.3430938720703
19090,1.1840972900390625,326.53578066825867
19100,1.184112548828125,326.6996810436249
19110,1.1841278076171875,326.85971570014954
19120,1.18414306640625,326.99840092658997
19130,1.1841583251953125,327.1900177001953
19140,1.184173583984375,327.35019183158875
19150,1.1841888427734375,327.5302016735077
19160,1.1841888427734375,327.66988372802734
19170,1.1841888427734375,327.86686062812805
19180,1.184234619140625,328.0170998573303
19190,1.1842498779296875,328.16250801086426
19200,1.1842498779296875,328.3307828903198
19210,1.18426513671875,328.50546884536743
19220,1.1842803955078125,328.660297870636
19230,1.1843109130859375,328.87186193466187
19240,1.1843109130859375,329.0382809638977
19250,1.184326171875,329.2485098838806
19260,1.1889190673828125,329.41394782066345
19270,1.1889495849609375,329.5615077018738
19280,1.18896484375,329.73683977127075
19290,1.1889801025390625,329.9541597366333
19300,1.1889801025390625,330.18744587898254
19310,1.1890106201171875,330.34090757369995
19320,1.1890106201171875,330.5324590206146
19330,1.1890106201171875,330.6836757659912
19340,1.189056396484375,330.8186888694763
19350,1.1890716552734375,330.99444675445557
19360,1.1890716552734375,331.1798768043518
19370,1.1890869140625,331.37019872665405
19380,1.189117431640625,331.5984036922455
19390,1.1891326904296875,331.7475776672363
19400,1.18914794921875,331.8823118209839
19410,1.1891632080078125,332.07175183296204
19420,1.189178466796875,332.26956486701965
19430,1.1891937255859375,332.39534163475037
19440,1.1891937255859375,332.5642738342285
19450,1.189208984375,332.72116470336914
19460,1.1892242431640625,332.93687176704407
19470,1.1892547607421875,333.15844678878784
19480,1.1892547607421875,333.31443667411804
19490,1.1892852783203125,333.5008146762848
19500,1.1892852783203125,333.65978169441223
19510,1.189300537109375,333.8315210342407
19520,1.1893310546875,333.9977207183838
19530,1.1893310546875,334.16790771484375
19540,1.1893463134765625,334.33029890060425
19550,1.1893463134765625,334.5276048183441
19560,1.1893463134765625,334.7200608253479
19570,1.189361572265625,334.953058719635
19580,1.1893768310546875,335.11222195625305
19590,1.1894073486328125,335.2894148826599
19600,1.1894073486328125,335.45361161231995
19610,1.189422607421875,335.623174905777
19620,1.189453125,335.78825759887695
19630,1.189453125,335.9552366733551
19640,1.1894683837890625,336.10831785202026
19650,1.1894683837890625,336.2776458263397
19660,1.1894989013671875,336.5005488395691
19670,1.18951416015625,336.67131066322327
19680,1.18951416015625,336.8686008453369
19690,1.1895294189453125,337.14487075805664
19700,1.1895599365234375,337.2592329978943
19710,1.1895751953125,337.4430048465729
19720,1.1895751953125,337.62476086616516
19730,1.1895904541015625,337.79530692100525
19740,1.189605712890625,337.9268479347229
19750,1.1896209716796875,338.13669180870056
19760,1.18963623046875,338.3389456272125
19770,1.18963623046875,338.5081720352173
19780,1.1896514892578125,338.7391359806061
19790,1.1896820068359375,338.89277696609497
19800,1.189697265625,339.0623927116394
19810,1.189697265625,339.40451097488403
19820,1.189727783203125,339.5708878040314
19830,1.189727783203125,339.72016978263855
19840,1.1897430419921875,339.91994071006775
19850,1.1898040771484375,340.03538274765015
19860,1.1898040771484375,340.2383658885956
19870,1.1898040771484375,340.37340784072876
19880,1.1898345947265625,340.5412700176239
19890,1.1898651123046875,340.74288272857666
19900,1.18988037109375,340.94666600227356
19910,1.1898956298828125,341.09549283981323
19920,1.189910888671875,341.26778984069824
19930,1.1899261474609375,341.41333770751953
19940,1.18994140625,341.5452196598053
19950,1.18994140625,341.6941478252411
19960,1.189971923828125,341.87645959854126
19970,1.1899871826171875,342.03057980537415
19980,1.1899871826171875,342.176406621933
19990,1.1900177001953125,342.3194487094879
20000,1.190032958984375,342.5172927379608
20010,1.190032958984375,342.6681938171387
20020,1.1900482177734375,342.82575368881226
20030,1.1900634765625,342.98762702941895
20040,1.1900634765625,343.23303174972534
20050,1.1900787353515625,343.40528774261475
20060,1.190093994140625,343.57654571533203
20070,1.190093994140625,343.7245056629181
20080,1.19012451171875,343.91204285621643
20090,1.1901397705078125,344.0799639225006
20100,1.1901397705078125,344.2023386955261
20110,1.1901702880859375,344.3864619731903
20120,1.190185546875,344.5452287197113
20130,1.190185546875,344.680481672287
20140,1.190185546875,344.8351728916168
20150,1.190216064453125,345.0049946308136
20160,1.1902313232421875,345.1296818256378
20170,1.1902313232421875,345.29984283447266
20180,1.19024658203125,345.4798409938812
20190,1.190277099609375,345.6813087463379
20200,1.1902923583984375,345.8224136829376
20210,1.1903228759765625,345.96679186820984
20220,1.1903228759765625,346.1826608181
20230,1.190338134765625,346.4131717681885
20240,1.1903533935546875,346.5517246723175
20250,1.1903533935546875,346.70214772224426
20260,1.1903839111328125,346.9038128852844
20270,1.1904144287109375,347.1704077720642
20280,1.1904144287109375,347.3198390007019
20290,1.1904144287109375,347.58041191101074
20300,1.1904296875,347.7681357860565
20310,1.190460205078125,347.91717767715454
20320,1.190460205078125,348.0969018936157
20330,1.1904754638671875,348.259557723999
20340,1.1905059814453125,348.4367597103119
20350,1.190521240234375,348.5831387042999
20360,1.190521240234375,348.74923968315125
20370,1.1905364990234375,348.8752179145813
20380,1.1905517578125,349.0182499885559
20390,1.190582275390625,349.1624336242676
20400,1.1905975341796875,349.344349861145
20410,1.1905975341796875,349.4951548576355
20420,1.19061279296875,349.6617968082428
20430,1.1906280517578125,349.9112226963043
20440,1.190643310546875,350.111047744751
20450,1.1906585693359375,350.2648289203644
20460,1.1906890869140625,350.40798687934875
20470,1.190704345703125,350.5604627132416
20480,1.190704345703125,350.69608783721924
20490,1.19073486328125,350.84316968917847
20500,1.1907501220703125,351.02090191841125
20510,1.190765380859375,351.1806478500366
20520,1.1907806396484375,351.3548469543457
20530,1.1907806396484375,351.5179088115692
20540,1.1907806396484375,351.6907708644867
20550,1.1908111572265625,351.8410928249359
20560,1.1908111572265625,352.00507068634033
20570,1.1908111572265625,352.2768750190735
20580,1.1908416748046875,352.4168577194214
20590,1.19085693359375,352.5533916950226
20600,1.19085693359375,352.74789571762085
20610,1.190887451171875,352.9098608493805
20620,1.190887451171875,353.133841753006
20630,1.19091796875,353.37412571907043
20640,1.190948486328125,353.5312497615814
20650,1.190948486328125,353.6717839241028
20660,1.1909637451171875,353.79831194877625
20670,1.1909942626953125,353.9307768344879
20680,1.191009521484375,354.1008517742157
20690,1.1910247802734375,354.3055658340454
20700,1.1910552978515625,354.52969884872437
20710,1.1910552978515625,354.7745966911316
20720,1.191070556640625,354.92330169677734
20730,1.19110107421875,355.10009598731995
20740,1.19110107421875,355.3139536380768
20750,1.19110107421875,355.4670798778534
20760,1.191131591796875,355.63100481033325
20770,1.1911468505859375,355.7900547981262
20780,1.1911468505859375,355.9899079799652
20790,1.1911773681640625,356.15559673309326
20800,1.191192626953125,356.30476903915405
20810,1.1912078857421875,356.4992907047272
20820,1.1912384033203125,356.65248370170593
20830,1.1912384033203125,356.7912528514862
20840,1.191253662109375,356.9394817352295
20850,1.1912689208984375,357.1107258796692
20860,1.1912689208984375,357.27105379104614
20870,1.1912841796875,357.5019807815552
20880,1.191314697265625,357.7514786720276
20890,1.1913299560546875,357.9037449359894
20900,1.1913299560546875,358.042888879776
20910,1.1913604736328125,358.2007968425751
20920,1.191375732421875,358.40540981292725
20930,1.19140625,358.5426278114319
20940,1.1914215087890625,358.7071888446808
20950,1.1914520263671875,358.89303398132324
20960,1.19146728515625,359.0566956996918
20970,1.1914825439453125,359.26883363723755
20980,1.191497802734375,359.4436547756195
20990,1.191497802734375,359.6070158481598
21000,1.1915283203125,359.8262667655945
21010,1.1915435791015625,359.99093079566956
21020,1.1915435791015625,360.15856170654297
21030,1.1915740966796875,360.32002997398376
21040,1.1915740966796875,360.55219888687134
21050,1.19158935546875,360.78945875167847
21060,1.19158935546875,360.9315068721771
21070,1.1916046142578125,361.18637681007385
21080,1.191619873046875,361.31647181510925
21090,1.1916351318359375,361.59495973587036
21100,1.1916351318359375,361.7416739463806
21110,1.1916351318359375,361.8682029247284
21120,1.1916656494140625,362.07171988487244
21130,1.1916656494140625,362.2446928024292
21140,1.191680908203125,362.41632103919983
21150,1.1916961669921875,362.526015996933
21160,1.1917266845703125,362.6945106983185
21170,1.191741943359375,362.8688418865204
21180,1.1917572021484375,363.04748487472534
21190,1.191802978515625,363.16938185691833
21200,1.191802978515625,363.3648886680603
21210,1.1918182373046875,363.54394793510437
21220,1.1918182373046875,363.71391797065735
21230,1.1918487548828125,363.8601016998291
21240,1.191864013671875,364.0188858509064
21250,1.191864013671875,364.24746084213257
21260,1.191864013671875,364.391676902771
21270,1.19189453125,364.63269877433777
21280,1.1919097900390625,364.81730675697327
21290,1.191925048828125,365.01146388053894
21300,1.1919403076171875,365.2060067653656
21310,1.19195556640625,365.36899185180664
21320,1.191986083984375,365.5867028236389
21330,1.191986083984375,365.7364809513092
21340,1.1920013427734375,365.9890637397766
21350,1.1920013427734375,366.3361117839813
21360,1.1920318603515625,366.4863398075104
21370,1.192047119140625,366.6793279647827
21380,1.192047119140625,366.87310576438904
21390,1.1920928955078125,367.0421099662781
21400,1.192108154296875,367.1855697631836
21410,1.192108154296875,367.32690477371216
21420,1.1921234130859375,367.49945187568665
21430,1.192138671875,367.7332148551941
21440,1.192169189453125,367.9195477962494
21450,1.192169189453125,368.0913128852844
21460,1.1921844482421875,368.27354860305786
21470,1.1921844482421875,368.44663977622986
21480,1.1922149658203125,368.6325168609619
21490,1.1922454833984375,368.9505217075348
21500,1.1922454833984375,369.102481842041
21510,1.1922454833984375,369.24962186813354
21520,1.1922760009765625,369.42434787750244
21530,1.192291259765625,369.5620458126068
21540,1.192291259765625,369.765549659729
21550,1.1923065185546875,369.9345648288727
21560,1.1923065185546875,370.12778186798096
21570,1.19232177734375,370.2965507507324
21580,1.1923675537109375,370.59002590179443
21590,1.1923675537109375,370.8008587360382
21600,1.1923828125,370.95925974845886
21610,1.1923980712890625,371.1016159057617
21620,1.192413330078125,371.23769187927246
21630,1.192413330078125,371.3825137615204
21640,1.19244384765625,371.55747079849243
21650,1.19244384765625,371.76261281967163
21660,1.192474365234375,371.9558217525482
21670,1.1924896240234375,372.102178812027
21680,1.1925048828125,372.27308893203735
21690,1.1925048828125,372.4086208343506
21700,1.192535400390625,372.5766520500183
21710,1.192535400390625,372.7152318954468
21720,1.192535400390625,372.9219448566437
21730,1.19256591796875,373.1018078327179
21740,1.1925811767578125,373.27809262275696
21750,1.1926116943359375,373.40917563438416
21760,1.192626953125,373.55184173583984
21770,1.192626953125,373.7119917869568
21780,1.192657470703125,373.8673379421234
21790,1.19268798828125,374.0968587398529
21800,1.19268798828125,374.25114274024963
21810,1.19268798828125,374.4180328845978
21820,1.1927032470703125,374.56091690063477
21830,1.1927337646484375,374.73406171798706
21840,1.1927337646484375,375.00670886039734
21850,1.1927490234375,375.14645195007324
21860,1.1927490234375,375.3495056629181
21870,1.192779541015625,375.4682197570801
21880,1.1927947998046875,375.63237476348877
21890,1.19281005859375,375.8654828071594
21900,1.1928253173828125,376.0083258152008
21910,1.19287109375,376.13765382766724
21920,1.19287109375,376.30859184265137
21930,1.19287109375,376.53259086608887
21940,1.192901611328125,376.7225909233093
21950,1.192901611328125,376.9272446632385
21960,1.1929168701171875,377.089341878891
21970,1.1929473876953125,377.2787368297577
21980,1.1929473876953125,377.39477467536926
21990,1.1929473876953125,377.5641417503357
22000,1.1929779052734375,377.69073581695557
22010,1.1929779052734375,377.8470447063446
22020,1.1929931640625,377.9913499355316
22030,1.193023681640625,378.1249237060547
22040,1.1930389404296875,378.29686188697815
22050,1.1930389404296875,378.42775774002075
22060,1.19305419921875,378.5679178237915
22070,1.1930694580078125,378.7174508571625
22080,1.1930694580078125,378.8543150424957
22090,1.193084716796875,379.04382586479187
22100,1.193084716796875,379.2648136615753
22110,1.1930999755859375,379.4217278957367
22120,1.193115234375,379.5510399341583
22130,1.1931304931640625,379.70715594291687
22140,1.193145751953125,379.97046875953674
22150,1.1931915283203125,380.12244987487793
22160,1.1931915283203125,380.2651607990265
22170,1.1931915283203125,380.4097378253937
22180,1.1932220458984375,380.60515785217285
22190,1.1932373046875,380.82965779304504
22200,1.1932525634765625,380.9913537502289
22210,1.193267822265625,381.1536557674408
22220,1.1932830810546875,381.3194386959076
22230,1.1932830810546875,381.47231793403625
22240,1.1933135986328125,381.64273166656494
22250,1.193328857421875,381.8179678916931
22260,1.193328857421875,381.98445987701416
22270,1.193359375,382.13498878479004
22280,1.1933746337890625,382.3034448623657
22290,1.193389892578125,382.4461979866028
22300,1.1934051513671875,382.6850109100342
22310,1.19342041015625,382.8344728946686
22320,1.19342041015625,383.02476167678833
22330,1.193450927734375,383.35486483573914
22340,1.193450927734375,383.5059938430786
22350,1.193450927734375,383.68747186660767
22360,1.1934967041015625,383.82025170326233
22370,1.193511962890625,384.0430819988251
22380,1.193511962890625,384.25285291671753
22390,1.1935577392578125,384.406290769577
22400,1.193572998046875,384.5782289505005
22410,1.1935882568359375,384.73115277290344
22420,1.193603515625,384.86163687705994
22430,1.193603515625,385.1352698802948
22440,1.1936187744140625,385.2747268676758
22450,1.1936492919921875,385.46497082710266
22460,1.1936492919921875,385.6615617275238
22470,1.19366455078125,385.8159370422363
22480,1.193695068359375,385.97303676605225
22490,1.193695068359375,386.108464717865
22500,1.1937103271484375,386.32598185539246
22510,1.1937408447265625,386.51012086868286
22520,1.193756103515625,386.70793080329895
22530,1.1937713623046875,386.85231590270996
22540,1.19378662109375,387.053564786911
22550,1.1938018798828125,387.2948808670044
22560,1.1938018798828125,387.4077558517456
22570,1.193817138671875,387.6224858760834
22580,1.193817138671875,387.80097365379333
22590,1.1938629150390625,387.97403168678284
22600,1.1938629150390625,388.1945297718048
22610,1.1938629150390625,388.37149381637573
22620,1.193878173828125,388.61515974998474
22630,1.19390869140625,388.79736399650574
22640,1.193939208984375,388.96202182769775
22650,1.193939208984375,389.12225580215454
22660,1.193939208984375,389.34879899024963
22670,1.1939697265625,389.5110719203949
22680,1.1939697265625,389.6601688861847
22690,1.194000244140625,390.02142882347107
22700,1.1940155029296875,390.16492891311646
22710,1.19403076171875,390.3222699165344
22720,1.1940460205078125,390.5126736164093
22730,1.1940765380859375,390.651243686676
22740,1.1940765380859375,390.78929567337036
22750,1.1941070556640625,390.9366846084595
22760,1.194122314453125,391.08932280540466
22770,1.1941375732421875,391.2328267097473
22780,1.1941375732421875,391.38348388671875
22790,1.19415283203125,391.56287384033203
22800,1.1941680908203125,391.71099376678467
22810,1.194183349609375,391.886620759964
22820,1.1941986083984375,392.06141781806946
22830,1.1942138671875,392.238667011261
22840,1.1942291259765625,392.3940408229828
22850,1.194244384765625,392.58349895477295
22860,1.194244384765625,392.7489507198334
22870,1.1942901611328125,392.96579790115356
22880,1.194305419921875,393.1229796409607
22890,1.1943206787109375,393.2859036922455
22900,1.1943359375,393.4314486980438
22910,1.194366455078125,393.7049698829651
22920,1.194366455078125,393.8151388168335
22930,1.1943817138671875,394.0285019874573
22940,1.19439697265625,394.1742436885834
22950,1.1944122314453125,394.3875529766083
22960,1.1944122314453125,394.5424077510834
22970,1.1944427490234375,394.7414619922638
22980,1.1944427490234375,394.91261887550354
22990,1.1944580078125,395.0718858242035
23000,1.1945037841796875,395.24758768081665
23010,1.19451904296875,395.447735786438
23020,1.1945343017578125,395.6134147644043
23030,1.194549560546875,395.7398247718811
23040,1.194549560546875,395.9759359359741
23050,1.1945648193359375,396.12199878692627
23060,1.194580078125,396.3032648563385
23070,1.194580078125,396.4452738761902
23080,1.194580078125,396.6001868247986
23090,1.1945953369140625,396.76703786849976
23100,1.1945953369140625,396.93174290657043
23110,1.194610595703125,397.094851732254
23120,1.1946563720703125,397.236939907074
23130,1.1946563720703125,397.4346807003021
23140,1.1946563720703125,397.5971279144287
23150,1.194671630859375,397.72663283348083
23160,1.1947021484375,398.0470190048218
23170,1.1947021484375,398.20985293388367
23180,1.1947174072265625,398.36155796051025
23190,1.1947479248046875,398.5372688770294
23200,1.1947479248046875,398.6889808177948
23210,1.1947784423828125,398.8411548137665
23220,1.1947784423828125,399.0518608093262
23230,1.1947784423828125,399.28909063339233
23240,1.19482421875,399.49247884750366
23250,1.19482421875,399.6737997531891
23260,1.1948394775390625,399.8552258014679
23270,1.1948699951171875,400.02668380737305
23280,1.19488525390625,400.16553378105164
23290,1.19488525390625,400.45388078689575
23300,1.194915771484375,400.61281085014343
23310,1.194915771484375,400.80319571495056
23320,1.194915771484375,400.9736566543579
23330,1.1949310302734375,401.14823603630066
23340,1.1949462890625,401.3249490261078
23350,1.1949615478515625,401.498007774353
23360,1.1949920654296875,401.6619827747345
23370,1.1949920654296875,401.8137438297272
23380,1.1950225830078125,402.0018286705017
23390,1.1950531005859375,402.162663936615
23400,1.1950531005859375,402.31044483184814
23410,1.1950531005859375,402.4705307483673
23420,1.195098876953125,402.61064767837524
23430,1.195098876953125,402.75590682029724
23440,1.195098876953125,402.994943857193
23450,1.1951141357421875,403.14202880859375
23460,1.19512939453125,403.34457087516785
23470,1.1951446533203125,403.4625687599182
23480,1.1951904296875,403.6474549770355
23490,1.1951904296875,403.7974269390106
23500,1.1951904296875,403.9489006996155
23510,1.195220947265625,404.0965759754181
23520,1.1952362060546875,404.31274580955505
23530,1.1952362060546875,404.43545174598694
23540,1.1952362060546875,404.59667778015137
23550,1.19525146484375,404.7766537666321
23560,1.19525146484375,404.9280209541321
23570,1.1952667236328125,405.0692946910858
23580,1.1952972412109375,405.2447237968445
23590,1.1952972412109375,405.40473079681396
23600,1.1953125,405.5556948184967
23610,1.195343017578125,405.68345069885254
23620,1.1953582763671875,405.8726079463959
23630,1.19537353515625,406.0825946331024
23640,1.19537353515625,406.2372736930847
23650,1.19537353515625,406.4047758579254
23660,1.1954345703125,406.6275210380554
23670,1.1954345703125,406.7955939769745
23680,1.1954345703125,406.9553737640381
23690,1.1954498291015625,407.11790585517883
23700,1.195465087890625,407.23748779296875
23710,1.1954803466796875,407.377379655838
23720,1.1954803466796875,407.539981842041
23730,1.195526123046875,407.76195883750916
23740,1.195526123046875,407.9076657295227
23750,1.2022552490234375,408.0714716911316
23760,1.2022705078125,408.20871782302856
23770,1.2022705078125,408.418833732605
23780,1.2022857666015625,408.5796127319336
23790,1.202301025390625,408.7376317977905
23800,1.2023162841796875,408.910906791687
23810,1.2023162841796875,409.11071491241455
23820,1.20233154296875,409.291042804718
23830,1.2023468017578125,409.41235995292664
23840,1.202362060546875,409.5661869049072
23850,1.202392578125,409.70372462272644
23860,1.2024078369140625,409.9087727069855
23870,1.2024078369140625,410.0365676879883
23880,1.2024383544921875,410.2088158130646
23890,1.20245361328125,410.3690769672394
23900,1.2024688720703125,410.53759002685547
23910,1.2024993896484375,410.68614387512207
23920,1.2024993896484375,410.86963081359863
23930,1.2025146484375,411.0100727081299
23940,1.2025299072265625,411.1662709712982
23950,1.202545166015625,411.3698229789734
23960,1.202545166015625,411.5324590206146
23970,1.202606201171875,411.68269991874695
23980,1.202606201171875,411.8320608139038
23990,1.2026214599609375,411.9886667728424
24000,1.20263671875,412.1419327259064
24010,1.2026519775390625,412.3215796947479
24020,1.2026519775390625,412.47673082351685
24030,1.202667236328125,412.66150403022766
24040,1.2026824951171875,412.843909740448
24050,1.20269775390625,412.9979639053345
24060,1.20269775390625,413.1738188266754
24070,1.2027130126953125,413.3571410179138
24080,1.2027130126953125,413.546865940094
24090,1.2027435302734375,413.69442892074585
24100,1.2027435302734375,413.88226771354675
24110,1.202789306640625,414.0099959373474
24120,1.2028045654296875,414.2220449447632
24130,1.2028045654296875,414.4359178543091
24140,1.20281982421875,414.63725066185
24150,1.202850341796875,414.80431485176086
24160,1.202850341796875,414.9846336841583
24170,1.202850341796875,415.12524485588074
24180,1.202880859375,415.2853078842163
24190,1.202880859375,415.502014875412
24200,1.2028961181640625,415.6839249134064
24210,1.20294189453125,415.83109879493713
24220,1.20294189453125,416.0434687137604
24230,1.20294189453125,416.2478528022766
24240,1.202972412109375,416.3667597770691
24250,1.2029876708984375,416.5170228481293
24260,1.2029876708984375,416.85459566116333
24270,1.2030029296875,417.0300407409668
24280,1.2030181884765625,417.2146317958832
24290,1.203033447265625,417.3758809566498
24300,1.2030487060546875,417.5698449611664
24310,1.2030487060546875,417.70169281959534
24320,1.20306396484375,417.85526871681213
24330,1.2031097412109375,418.0312328338623
24340,1.2031097412109375,418.1458230018616
24350,1.2031097412109375,418.34407782554626
24360,1.2031402587890625,418.6114296913147
24370,1.203155517578125,418.7596297264099
24380,1.203155517578125,418.9362156391144
24390,1.2031707763671875,419.1221649646759
24400,1.2032012939453125,419.31128668785095
24410,1.203216552734375,419.5068347454071
24420,1.2032318115234375,419.66601395606995
24430,1.2032318115234375,419.80406379699707
24440,1.2032470703125,419.974408864975
24450,1.20330810546875,420.1277828216553
24460,1.20330810546875,420.294056892395
24470,1.20330810546875,420.46717381477356
24480,1.2033538818359375,420.6213319301605
24490,1.2033538818359375,420.75960659980774
24500,1.2033538818359375,420.9132249355316
24510,1.2033538818359375,421.0812668800354
24520,1.2033843994140625,421.26289677619934
24530,1.203399658203125,421.43033480644226
24540,1.2034149169921875,421.6217086315155
24550,1.2034149169921875,421.85762786865234
24560,1.2034149169921875,421.99918484687805
24570,1.2034454345703125,422.14087772369385
24580,1.2034759521484375,422.3185467720032
24590,1.2034759521484375,422.46896481513977
24600,1.2034912109375,422.6409158706665
24610,1.2035064697265625,422.83160877227783
24620,1.203521728515625,423.0022118091583
24630,1.203521728515625,423.1704399585724
24640,1.20355224609375,423.3852527141571
24650,1.2035675048828125,423.603652715683
24660,1.2035675048828125,423.7647018432617
24670,1.203582763671875,423.9071707725525
24680,1.20361328125,424.06256103515625
24690,1.203643798828125,424.25341391563416
24700,1.2036590576171875,424.4623486995697
24710,1.2036590576171875,424.6186697483063
24720,1.20367431640625,424.8081228733063
24730,1.203704833984375,424.9381399154663
24740,1.2037200927734375,425.0992577075958
24750,1.2037200927734375,425.2806520462036
24760,1.2037506103515625,425.4379117488861
24770,1.203765869140625,425.636403799057
24780,1.2037811279296875,425.78481101989746
24790,1.20379638671875,426.0493667125702
24800,1.2038116455078125,426.2017548084259
24810,1.165069580078125,426.4309387207031
24820,1.1480712890625,426.5978558063507
24830,1.1224365234375,426.7448556423187
24840,1.08721923828125,426.9071538448334
24850,1.0772857666015625,427.0611786842346
24860,1.0770111083984375,427.2058928012848
24870,1.0761260986328125,427.4161207675934
24880,1.076141357421875,427.5971636772156
24890,1.0761566162109375,427.759480714798
24900,1.076202392578125,427.9482629299164
24910,1.0762176513671875,428.1636338233948
24920,1.0762176513671875,428.3519067764282
24930,1.07623291015625,428.54234170913696
24940,1.076263427734375,428.6974058151245
24950,1.076263427734375,428.8586549758911
24960,1.0762786865234375,429.0005829334259
24970,1.0763092041015625,429.1302809715271
24980,1.07855224609375,429.42212677001953
24990,1.07855224609375,429.59876585006714
25000,1.0785980224609375,429.9039249420166
25010,1.0785980224609375,430.1205356121063
25020,1.07861328125,430.3342037200928
25030,1.0786285400390625,430.614373922348
25040,1.0786590576171875,430.7855339050293
25050,1.07867431640625,430.9348669052124
25060,1.07867431640625,431.13221979141235
25070,1.075927734375,431.3570947647095
25080,1.075927734375,431.52861881256104
25090,1.0759429931640625,431.66210675239563
25100,1.07598876953125,431.86874985694885
25110,1.07598876953125,432.0503149032593
25120,1.0760040283203125,432.1892018318176
25130,1.0760040283203125,432.3394639492035
25140,1.076019287109375,432.4870147705078
25150,1.0760650634765625,432.6586217880249
25160,1.0760650634765625,432.8267388343811
25170,1.0760650634765625,432.96910881996155
25180,1.0760955810546875,433.1207706928253
25190,1.0761260986328125,433.29918575286865
25200,1.0761260986328125,433.43868589401245
25210,1.077301025390625,433.5912277698517
25220,1.07733154296875,433.720960855484
25230,1.077362060546875,433.90627098083496
25240,1.0773773193359375,434.06958079338074
25250,1.0773773193359375,434.22953391075134
25260,1.077392578125,434.3620448112488
25270,1.077423095703125,434.5071737766266
25280,1.077423095703125,434.70529675483704
25290,1.077423095703125,434.8382730484009
25300,1.0774688720703125,435.0187609195709
25310,1.0774688720703125,435.15753173828125
25320,1.0774688720703125,435.32564401626587
25330,1.077484130859375,435.48993587493896
25340,1.0774993896484375,435.6393826007843
25350,1.0775146484375,435.8700637817383
25360,1.0775299072265625,436.0754117965698
25370,1.0775299072265625,436.2071659564972
25380,1.0775604248046875,436.3601007461548
25390,1.07757568359375,436.5410969257355
25400,1.0775909423828125,436.7327606678009
25410,1.0775909423828125,436.89695382118225
25420,1.07763671875,437.0524380207062
25430,1.0776519775390625,437.2627878189087
25440,1.077667236328125,437.41757369041443
25450,1.077667236328125,437.5786588191986
25460,1.0776824951171875,437.7181167602539
25470,1.07769775390625,437.91807889938354
25480,1.0777130126953125,438.0565848350525
25490,1.077728271484375,438.2420778274536
25500,1.07733154296875,438.4392948150635
25510,1.0773468017578125,438.69691491127014
25520,1.077362060546875,438.85465383529663
25530,1.0773773193359375,439.03191781044006
25540,1.0773773193359375,439.1833007335663
25550,1.0773773193359375,439.37373971939087
25560,1.077392578125,439.54867577552795
25570,1.077392578125,439.7762448787689
25580,1.0774383544921875,439.9414668083191
25590,1.07745361328125,440.0833966732025
25600,1.0774688720703125,440.25438380241394
25610,1.077484130859375,440.43058371543884
25620,1.077484130859375,440.63016390800476
25630,1.0774993896484375,440.822026014328
25640,1.0775146484375,440.97178292274475
25650,1.0775299072265625,441.25429677963257
25660,1.0774383544921875,441.42774176597595
25670,1.07745361328125,441.5917718410492
25680,1.0774688720703125,441.7589478492737
25690,1.0774993896484375,441.9091718196869
25700,1.0775146484375,442.05819964408875
25710,1.0775299072265625,442.24647283554077
25720,1.0776519775390625,442.43060088157654
25730,1.077667236328125,442.6230819225311
25740,1.077667236328125,442.8299717903137
25750,1.07769775390625,442.98804092407227
25760,1.0777130126953125,443.19163966178894
25770,1.077728271484375,443.40701174736023
25780,1.077728271484375,443.5541696548462
25790,1.081634521484375,443.74630665779114
25800,1.081634521484375,443.9609558582306
25810,1.0816650390625,444.1115918159485
25820,1.0816802978515625,444.26048469543457
25830,1.081695556640625,444.429625749588
25840,1.081695556640625,444.60074973106384
25850,1.0817413330078125,444.7689297199249
25860,1.081756591796875,444.93316888809204
25870,1.081756591796875,445.1041307449341
25880,1.081787109375,445.26956391334534
25890,1.081787109375,445.5066397190094
25900,1.081817626953125,445.65067863464355
25910,1.0818634033203125,445.8349769115448
25920,1.081878662109375,446.01147270202637
25930,1.081878662109375,446.18632674217224
25940,1.0818939208984375,446.40120673179626
25950,1.0818939208984375,446.64113879203796
25960,1.0819244384765625,446.8498637676239
25970,1.081939697265625,447.0362198352814
25980,1.081939697265625,447.2221658229828
25990,1.0819549560546875,447.3911108970642
26000,1.08197021484375,447.56822776794434
26010,1.08197021484375,447.901948928833
26020,1.082000732421875,448.11673188209534
26030,1.08203125,448.3847680091858
26040,1.08203125,448.61819863319397
26050,1.0820465087890625,448.8383266925812
26060,1.0820465087890625,448.984739780426
26070,1.082061767578125,449.1628968715668
26080,1.082061767578125,449.32541275024414
26090,1.08209228515625,449.4697616100311
26100,1.08209228515625,449.6303608417511
26110,1.08209228515625,449.8259537220001
26120,1.082122802734375,449.9885997772217
26130,1.0821380615234375,450.13157176971436
26140,1.0821380615234375,450.3250949382782
26150,1.0821685791015625,450.500746011734
26160,1.0821990966796875,450.697292804718
26170,1.0821990966796875,450.90299701690674
26180,1.08221435546875,451.102796792984
26190,1.08221435546875,451.3101818561554
26200,1.082244873046875,451.5044059753418
26210,1.082275390625,451.7027778625488
26220,1.082275390625,451.9569537639618
26230,1.082275390625,452.1238830089569
26240,1.082275390625,452.3347918987274
26250,1.082305908203125,452.5612516403198
26260,1.082305908203125,452.75594758987427
26270,1.08233642578125,452.9374840259552
26280,1.0823516845703125,453.1344997882843
26290,1.082366943359375,453.3962707519531
26300,1.0823822021484375,453.62682485580444
26310,1.0823822021484375,453.8092269897461
26320,1.0824127197265625,454.0110538005829
26330,1.082427978515625,454.2865569591522
26340,1.0824432373046875,454.50726771354675
26350,1.0824432373046875,454.76703000068665
26360,1.0824737548828125,454.964528799057
26370,1.082489013671875,455.16534662246704
26380,1.082489013671875,455.35662484169006
26390,1.0825042724609375,455.53284192085266
26400,1.08258056640625,455.71560764312744
26410,1.08258056640625,455.8991057872772
26420,1.08258056640625,456.0856440067291
26430,1.082611083984375,456.2735118865967
26440,1.082611083984375,456.46536660194397
26450,1.0826263427734375,456.63750767707825
26460,1.0826416015625,456.81245493888855
26470,1.0826568603515625,456.9606878757477
26480,1.082672119140625,457.26184582710266
26490,1.0826873779296875,457.48529171943665
26500,1.0826873779296875,457.6660599708557
26510,1.08270263671875,457.97501277923584
26520,1.082733154296875,458.1509828567505
26530,1.0827484130859375,458.3275537490845
26540,1.0827484130859375,458.54189682006836
26550,1.082763671875,458.73808097839355
26560,1.082763671875,458.9128246307373
26570,1.082763671875,459.2105538845062
26580,1.083892822265625,459.4188747406006
26590,1.08392333984375,459.6465799808502
26600,1.08392333984375,459.84818267822266
26610,1.0839385986328125,460.1022448539734
26620,1.0839385986328125,460.3006057739258
26630,1.083984375,460.5221450328827
26640,1.084014892578125,460.7939739227295
26650,1.084014892578125,460.9692418575287
26660,1.084014892578125,461.1759948730469
26670,1.08404541015625,461.4081857204437
26680,1.08404541015625,461.6013448238373
26690,1.0840606689453125,461.76504492759705
26700,1.0841064453125,461.9278287887573
26710,1.0841064453125,462.10283064842224
26720,1.0841064453125,462.2519459724426
26730,1.0841217041015625,462.43729162216187
26740,1.0841522216796875,462.63750195503235
26750,1.0841522216796875,462.8374059200287
26760,1.0841827392578125,463.0765860080719
26770,1.0841827392578125,463.2564368247986
26780,1.0842437744140625,463.4731798171997
26790,1.084259033203125,463.6466088294983
26800,1.084259033203125,463.8465096950531
26810,1.084259033203125,464.02891874313354
26820,1.0843048095703125,464.22383284568787
26830,1.084320068359375,464.4478409290314
26840,1.084320068359375,464.6254436969757
26850,1.0843353271484375,464.8099319934845
26860,1.0843505859375,465.0104308128357
26870,1.084381103515625,465.18387365341187
26880,1.08441162109375,465.36280584335327
26890,1.08441162109375,465.5636947154999
26900,1.084442138671875,465.7767508029938
26910,1.08447265625,466.0135769844055
26920,1.08447265625,466.1524426937103
26930,1.08447265625,466.33382391929626
26940,1.0845184326171875,466.5172128677368
26950,1.0845184326171875,466.69374680519104
26960,1.0845184326171875,466.87133383750916
26970,1.084564208984375,467.1038336753845
26980,1.084564208984375,467.27020382881165
26990,1.084564208984375,467.4330117702484
27000,1.0845947265625,467.6029329299927
27010,1.084625244140625,467.7539367675781
27020,1.084625244140625,467.93399572372437
27030,1.0846405029296875,468.23920488357544
27040,1.08465576171875,468.3808419704437
27050,1.084686279296875,468.5492296218872
27060,1.084686279296875,468.7199459075928
27070,1.084686279296875,468.89324593544006
27080,1.0847015380859375,469.06062483787537
27090,1.084716796875,469.19494581222534
27100,1.0847320556640625,469.3480429649353
27110,1.0847320556640625,469.54456663131714
27120,1.08477783203125,469.71532583236694
27130,1.08477783203125,469.8807957172394
27140,1.0847930908203125,470.05527567863464
27150,1.084808349609375,470.23086881637573
27160,1.0848236083984375,470.4167606830597
27170,1.0848236083984375,470.5830316543579
27180,1.0848388671875,470.80210280418396
27190,1.0848541259765625,470.96074867248535
27200,1.0848846435546875,471.1458578109741
27210,1.08489990234375,471.3297185897827
27220,1.08489990234375,471.5491099357605
27230,1.08489990234375,471.7292287349701
27240,1.0849609375,471.9887878894806
27250,1.0849761962890625,472.1681389808655
27260,1.0849761962890625,472.31133794784546
27270,1.0850067138671875,472.47830295562744
27280,1.0850067138671875,472.6444888114929
27290,1.08502197265625,472.86245679855347
27300,1.0850372314453125,473.1020359992981
27310,1.085052490234375,473.2751507759094
27320,1.085052490234375,473.48716974258423
27330,1.0850677490234375,473.7014636993408
27340,1.0850830078125,473.9822487831116
27350,1.0850982666015625,474.16041588783264
27360,1.08514404296875,474.2965576648712
27370,1.08514404296875,474.456670999527
27380,1.0851593017578125,474.6793668270111
27390,1.085174560546875,474.8581576347351
27400,1.0851898193359375,475.04481196403503
27410,1.085205078125,475.21496987342834
27420,1.0862579345703125,475.3796899318695
27430,1.0862579345703125,475.54242873191833
27440,1.0862579345703125,475.7193946838379
27450,1.0862884521484375,475.88559794425964
27460,1.0863037109375,476.02201771736145
27470,1.0863037109375,476.1952118873596
27480,1.0863189697265625,476.3703098297119
27490,1.0863494873046875,476.6132700443268
27500,1.0863494873046875,476.8268737792969
27510,1.08636474609375,476.994108915329
27520,1.086395263671875,477.16230297088623
27530,1.086395263671875,477.34165382385254
27540,1.0864105224609375,477.5214478969574
27550,1.08642578125,477.7263376712799
27560,1.0864410400390625,477.9119749069214
27570,1.0879058837890625,478.136825799942
27580,1.07110595703125,478.4055678844452
27590,1.02423095703125,478.64750266075134
27600,0.976409912109375,478.8210186958313
27610,0.9471893310546875,478.9909987449646
27620,0.9208984375,479.244610786438
27630,0.93035888671875,479.4265956878662
27640,0.9219512939453125,479.57306385040283
27650,0.9219512939453125,479.72722482681274
27660,0.9255828857421875,479.9009938240051
27670,0.92559814453125,480.0536026954651
27680,0.9389190673828125,480.2922568321228
27690,0.9225921630859375,480.45091581344604
27700,0.923858642578125,480.67412281036377
27710,0.923858642578125,480.84208369255066
27720,0.9296875,481.14136481285095
27730,0.9297332763671875,481.3226296901703
27740,0.9297332763671875,481.48352575302124
27750,0.92974853515625,481.6676938533783
27760,0.929840087890625,481.8468248844147
27770,0.9298553466796875,482.00445890426636
27780,0.9303436279296875,482.33396673202515
27790,0.906036376953125,482.53528594970703
27800,0.9084014892578125,482.74076890945435
27810,0.9084014892578125,482.9544508457184
27820,0.908416748046875,483.1217827796936
27830,0.9084625244140625,483.3053607940674
27840,0.9084625244140625,483.51002168655396
27850,0.9084930419921875,483.6532757282257
27860,0.9084930419921875,483.79586482048035
27870,0.9084930419921875,484.00820302963257
27880,0.908538818359375,484.19412565231323
27890,0.908538818359375,484.347758769989
27900,0.9085540771484375,484.4912598133087
27910,0.9085693359375,484.6382839679718
27920,0.9085845947265625,484.8022708892822
27930,0.908599853515625,484.96037769317627
27940,0.9086151123046875,485.1275849342346
27950,0.9086151123046875,485.41531586647034
27960,0.9086456298828125,485.5722737312317
27970,0.908660888671875,485.73480582237244
27980,0.9086761474609375,485.8887097835541
27990,0.90869140625,486.030104637146
28000,0.908721923828125,486.1616208553314
28010,0.9087371826171875,486.35725378990173
28020,0.9087371826171875,486.55739188194275
28030,0.90875244140625,486.76727175712585
28040,0.9087677001953125,486.94229888916016
28050,0.908782958984375,487.07590675354004
28060,0.908782958984375,487.22677302360535
28070,0.908782958984375,487.37591767311096
28080,0.9087982177734375,487.5236699581146
28090,0.9088287353515625,487.66806292533875
28100,0.908843994140625,487.8455057144165
28110,0.908843994140625,488.01478576660156
28120,0.90887451171875,488.19826197624207
28130,0.90887451171875,488.42033886909485
28140,0.9088897705078125,488.5693528652191
28150,0.908905029296875,488.7836368083954
28160,0.908935546875,489.00149869918823
28170,0.908935546875,489.1845338344574
28180,0.9089508056640625,489.346302986145
28190,0.9089813232421875,489.5498569011688
28200,0.9089813232421875,489.6827368736267
28210,0.90899658203125,489.80476784706116
28220,0.9090118408203125,489.9753279685974
28230,0.9090423583984375,490.13450288772583
28240,0.9090576171875,490.3087148666382
28250,0.9090576171875,490.4794056415558
28260,0.9090576171875,490.6834628582001
28270,0.909088134765625,490.8495817184448
28280,0.9091033935546875,491.0017738342285
28290,0.9091033935546875,491.2468967437744
28300,0.9091339111328125,491.38958287239075
28310,0.9091339111328125,491.5693688392639
28320,0.9091339111328125,491.7970497608185
28330,0.9091644287109375,491.9476127624512
28340,0.9091949462890625,492.07214069366455
28350,0.9091949462890625,492.25384497642517
28360,0.9092254638671875,492.4079496860504
28370,0.9092254638671875,492.6178376674652
28380,0.9092254638671875,492.760214805603
28390,0.9092559814453125,492.9231779575348
28400,0.9092864990234375,493.12608790397644
28410,0.9092864990234375,493.27079606056213
28420,0.9093017578125,493.4333236217499
28430,0.9093170166015625,493.6369888782501
28440,0.909332275390625,493.82189893722534
28450,0.9093475341796875,494.0717887878418
28460,0.90936279296875,494.23149371147156
28470,0.9093780517578125,494.4179058074951
28480,0.909393310546875,494.5548777580261
28490,0.9094085693359375,494.71642875671387
28500,0.909423828125,494.9008147716522
28510,0.909454345703125,495.0608329772949
28520,0.909454345703125,495.23295068740845
28530,0.9094696044921875,495.39259791374207
28540,0.90948486328125,495.5242328643799
28550,0.9095001220703125,495.76020193099976
28560,0.9095001220703125,495.98625779151917
28570,0.9095001220703125,496.22900199890137
28580,0.9095306396484375,496.3782436847687
28590,0.9095458984375,496.51444387435913
28600,0.9095611572265625,496.672908782959
28610,0.9095611572265625,496.8312518596649
28620,0.9095611572265625,496.9937937259674
28630,0.909576416015625,497.225195646286
28640,0.9098968505859375,497.4059839248657
28650,0.9098968505859375,497.55199790000916
28660,0.9118194580078125,497.74798798561096
28670,0.911834716796875,497.9099199771881
28680,0.9118804931640625,498.03928399086
28690,0.911895751953125,498.17412090301514
28700,0.9119110107421875,498.3458378314972
28710,0.91192626953125,498.5124087333679
28720,0.9119415283203125,498.68729281425476
28730,0.911956787109375,498.8555817604065
28740,0.911956787109375,498.9911139011383
28750,0.9119873046875,499.18755984306335
28760,0.9119873046875,499.3675317764282
28770,0.9120025634765625,499.53196382522583
28780,0.9120330810546875,499.76044964790344
28790,0.9120330810546875,499.9253828525543
28800,0.9120330810546875,500.09930396080017
28810,0.91204833984375,500.2672219276428
28820,0.9120941162109375,500.4108748435974
28830,0.912109375,500.610155582428
28840,0.9121246337890625,500.8326997756958
28850,1.0217437744140625,501.1175317764282
28860,1.021759033203125,501.3913049697876
28870,1.0217742919921875,501.5381598472595
28880,1.02178955078125,501.75633692741394
28890,1.0218048095703125,501.90617179870605
28900,1.021820068359375,502.0665748119354
28910,1.0218505859375,502.2355008125305
28920,1.0218505859375,502.3913736343384
28930,1.0218658447265625,502.5312566757202
28940,1.021881103515625,502.69355869293213
28950,1.0218963623046875,502.8627028465271
28960,1.02191162109375,503.01644372940063
28970,1.021942138671875,503.14082980155945
28980,1.021942138671875,503.2826638221741
28990,1.02197265625,503.45446491241455
29000,1.022003173828125,503.66220474243164
29010,1.0220184326171875,503.83451795578003
29020,1.0220184326171875,503.9664168357849
29030,1.02203369140625,504.15679001808167
29040,1.02203369140625,504.3090879917145
29050,1.022064208984375,504.4715976715088
29060,1.022064208984375,504.60526061058044
29070,1.0220794677734375,504.8061308860779
29080,1.0220794677734375,504.95498394966125
29090,1.022125244140625,505.0951998233795
29100,1.022125244140625,505.2782938480377
29110,1.0221405029296875,505.42797684669495
29120,1.0221710205078125,505.5735387802124
29130,1.0221710205078125,505.7459888458252
29140,1.0222015380859375,505.9424088001251
29150,1.022216796875,506.1147127151489
29160,1.0222320556640625,506.40191078186035
29170,1.0222320556640625,506.5742838382721
29180,1.0222625732421875,506.7035856246948
29190,1.0222930908203125,506.8697507381439
29200,1.0222930908203125,506.9907908439636
29210,1.022308349609375,507.14354181289673
29220,1.022308349609375,507.2745609283447
29230,1.0223388671875,507.4398226737976
29240,1.0223541259765625,507.58810591697693
29250,1.0223541259765625,507.7578217983246
29260,1.022369384765625,507.89170265197754
29270,1.02239990234375,508.0828058719635
29280,1.02239990234375,508.23399591445923
29290,1.02239990234375,508.36415004730225
29300,1.022430419921875,508.49930691719055
29310,1.0224609375,508.63737964630127
29320,1.0224609375,508.8123848438263
29330,1.0224761962890625,509.00219082832336
29340,1.022491455078125,509.1578209400177
29350,1.022491455078125,509.29188084602356
29360,1.02252197265625,509.4563407897949
29370,1.02252197265625,509.61194586753845
29380,1.0225372314453125,509.7869110107422
29390,1.0225677490234375,509.9259955883026
29400,1.0225830078125,510.07779359817505
29410,1.0225830078125,510.25343894958496
29420,1.022613525390625,510.4474959373474
29430,1.0226287841796875,510.58190274238586
29440,1.02264404296875,510.73847484588623
29450,1.022674560546875,510.8843548297882
29460,1.022674560546875,511.0067536830902
29470,1.022674560546875,511.1710886955261
29480,1.022705078125,511.3275487422943
29490,1.022705078125,511.49694180488586
29500,1.0227203369140625,511.6239478588104
29510,1.022735595703125,511.7748579978943
29520,1.0227508544921875,511.9030017852783
29530,1.02276611328125,512.0369837284088
29540,1.0227813720703125,512.3047978878021
29550,1.022796630859375,512.5250277519226
29560,1.022796630859375,512.6653368473053
29570,1.0228271484375,512.8057289123535
29580,1.0228271484375,513.0102007389069
29590,1.0228271484375,513.2374567985535
29600,1.022857666015625,513.4041848182678
29610,1.022857666015625,513.605320930481
29620,1.0228729248046875,513.7489569187164
29630,1.0229034423828125,513.892853975296
29640,1.0229034423828125,514.0299768447876
29650,1.0229034423828125,514.2037808895111
29660,1.022918701171875,514.3779919147491
29670,1.02294921875,514.5576057434082
29680,1.0229644775390625,514.7412588596344
29690,1.022979736328125,514.8852908611298
29700,1.02301025390625,515.0818827152252
29710,1.0230255126953125,515.2612407207489
29720,1.0230560302734375,515.4079759120941
29730,1.0230560302734375,515.550943851471
29740,1.0230560302734375,515.7212498188019
29750,1.0230712890625,515.8661665916443
29760,1.023101806640625,516.0139639377594
29770,1.023101806640625,516.1864387989044
29780,1.023101806640625,516.357480764389
29790,1.0231170654296875,516.5063788890839
29800,1.023162841796875,516.652135848999
29810,1.023162841796875,516.8066298961639
29820,1.023193359375,516.989474773407
29830,1.0232086181640625,517.1560657024384
29840,1.0232086181640625,517.2938458919525
29850,1.023223876953125,517.5112218856812
29860,1.023223876953125,517.6664748191833
29870,1.02325439453125,517.8087816238403
29880,1.0232696533203125,518.0184037685394
29890,1.0232696533203125,518.1867828369141
29900,1.023284912109375,518.3698046207428
29910,1.0233154296875,518.5185458660126
29920,1.023345947265625,518.668646812439
29930,1.0233612060546875,518.8630259037018
29940,1.0233917236328125,519.0169978141785
29950,1.0233917236328125,519.2163746356964
29960,1.0233917236328125,519.411787033081
29970,1.023406982421875,519.5979528427124
29980,1.0234375,519.7699308395386
29990,1.0234375,519.9128818511963
30000,1.0234527587890625,520.0496430397034
30010,1.0234527587890625,520.213812828064
30020,1.023468017578125,520.3760540485382
30030,1.023834228515625,520.5563819408417
30040,1.023834228515625,520.6892988681793
30050,1.023834228515625,520.8743767738342
30060,1.023834228515625,521.0967307090759
30070,1.02386474609375,521.2523467540741
30080,1.02386474609375,521.3950626850128
30090,1.02386474609375,521.5610358715057
30100,1.0238800048828125,521.7222669124603
30110,1.023895263671875,521.9095847606659
30120,1.0239105224609375,522.0723278522491
30130,1.0239105224609375,522.2510848045349
30140,1.02392578125,522.39311170578
30150,1.023956298828125,522.5821118354797
30160,1.02398681640625,522.7270398139954
30170,1.02398681640625,522.9483337402344
30180,1.0240020751953125,523.0837068557739
30190,1.024017333984375,523.2960677146912
30200,1.0240478515625,523.4550399780273
30210,1.0240631103515625,523.6077649593353
30220,1.0240936279296875,523.7833588123322
30230,1.0240936279296875,523.9361507892609
30240,1.02410888671875,524.109495639801
30250,1.0241241455078125,524.2931668758392
30260,1.024383544921875,524.4618558883667
30270,1.0243988037109375,524.6352436542511
30280,1.0244293212890625,524.815673828125
30290,1.0244293212890625,524.9924328327179
30300,1.0244598388671875,525.1095218658447
30310,1.0244598388671875,525.3697888851166
30320,1.0244598388671875,525.5334777832031
30330,1.02447509765625,525.8204169273376
30340,1.0245208740234375,525.9445278644562
30350,1.0245208740234375,526.0973498821259
30360,1.0245361328125,526.2733807563782
30370,1.0245513916015625,526.447265625
30380,1.024566650390625,526.6647238731384
30390,1.0245819091796875,526.8095347881317
30400,1.0246124267578125,526.9984877109528
30410,1.024627685546875,527.1651337146759
30420,1.024658203125,527.3328177928925
30430,1.024658203125,527.48690366745
30440,1.0246734619140625,527.6486828327179
30450,1.024688720703125,527.8526940345764
30460,1.024688720703125,528.0040838718414
30470,1.0247039794921875,528.1837430000305
30480,1.0247344970703125,528.3796379566193
30490,1.0247344970703125,528.5462968349457
30500,1.0247344970703125,528.7412049770355
30510,1.0247650146484375,528.9333078861237
30520,1.0247955322265625,529.1380217075348
30530,1.024810791015625,529.274514913559
30540,1.0248260498046875,529.4679238796234
30550,1.0248260498046875,529.6065237522125
30560,1.0248565673828125,529.8225426673889
30570,1.0248565673828125,530.0155026912689
30580,1.0248565673828125,530.1576838493347
30590,1.024871826171875,530.4494898319244
30600,1.024871826171875,530.6361029148102
30610,1.0248870849609375,530.77707695961
30620,1.02490234375,530.9004065990448
30630,1.0249176025390625,531.064050912857
30640,1.024932861328125,531.2571609020233
30650,1.0249481201171875,531.4454619884491
30660,1.02496337890625,531.6190369129181
30670,1.0249786376953125,531.8059189319611
30680,1.0249786376953125,531.9756937026978
30690,1.0250091552734375,532.2065637111664
30700,1.0250244140625,532.3873019218445
30710,1.0250396728515625,532.5611908435822
30720,1.025054931640625,532.7540175914764
30730,1.02508544921875,532.9370768070221
30740,1.02508544921875,533.113677740097
30750,1.0251007080078125,533.2597529888153
30760,1.0251312255859375,533.4199800491333
30770,1.025146484375,533.5715939998627
30780,1.0251617431640625,533.7240948677063
30790,1.025177001953125,533.8613097667694
30800,1.025177001953125,534.0580170154572
30810,1.02520751953125,534.2103779315948
30820,1.02520751953125,534.357097864151
30830,1.0252227783203125,534.4952347278595
30840,1.025238037109375,534.6742939949036
30850,1.025238037109375,534.8719480037689
30860,1.0252532958984375,534.998117685318
30870,1.0252685546875,535.2626798152924
30880,1.0253143310546875,535.39364361763
30890,1.02532958984375,535.5408067703247
30900,1.025360107421875,535.7132017612457
30910,1.025360107421875,535.8922388553619
30920,1.025390625,536.065967798233
30930,1.0254058837890625,536.2950069904327
30940,1.0254058837890625,536.438257932663
30950,1.0254058837890625,536.5944068431854
30960,1.0254364013671875,536.7867457866669
30970,1.02545166015625,536.9698958396912
30980,1.02545166015625,537.156507730484
30990,1.025482177734375,537.3455967903137
31000,1.025482177734375,537.5153887271881
31010,1.0255126953125,537.6674418449402
31020,1.0255279541015625,537.9660379886627
31030,1.0255584716796875,538.176995754242
31040,1.0255584716796875,538.367330789566
31050,1.0255584716796875,538.5955998897552
31060,1.02557373046875,538.7862868309021
31070,1.0255889892578125,538.9729957580566
31080,1.0255889892578125,539.1856598854065
31090,1.0255889892578125,539.3312158584595
31100,1.025604248046875,539.4695160388947
31110,1.0256195068359375,539.6347868442535
31120,1.025634765625,539.7985467910767
31130,1.0256500244140625,539.9441928863525
31140,1.025665283203125,540.091394662857
31150,1.02569580078125,540.257973909378
31160,1.02569580078125,540.416307926178
31170,1.02569580078125,540.6351249217987
31180,1.0257110595703125,540.7932229042053
31190,1.0257568359375,540.9137008190155
31200,1.0257720947265625,541.0652058124542
31210,1.025787353515625,541.1867897510529
31220,1.0258026123046875,541.3559119701385
31230,1.0258331298828125,541.5164108276367
31240,1.025848388671875,541.6737127304077
31250,1.0258636474609375,541.8298017978668
31260,1.02587890625,541.9995768070221
31270,1.025909423828125,542.1376688480377
31280,1.025909423828125,542.3136367797852
31290,1.025909423828125,542.4831237792969
31300,1.02593994140625,542.6561238765717
31310,1.02593994140625,542.8003556728363
31320,1.0259552001953125,542.9611978530884
31330,1.025970458984375,543.2043478488922
31340,1.0259857177734375,543.3760797977448
31350,1.0259857177734375,543.6084327697754
31360,1.0260162353515625,543.7628858089447
31370,1.0260467529296875,543.8827397823334
31380,1.0260467529296875,544.1095459461212
31390,1.02606201171875,544.2610177993774
31400,1.0260772705078125,544.3983328342438
31410,1.026092529296875,544.5937609672546
31420,1.026123046875,544.7716298103333
31430,1.026123046875,544.9157979488373
31440,1.0261383056640625,545.0595157146454
31450,1.026153564453125,545.2105395793915
31460,1.026153564453125,545.382838010788
31470,1.02618408203125,545.5535988807678
31480,1.0261993408203125,545.6977217197418
31490,1.0261993408203125,545.8096568584442
31500,1.0262298583984375,545.9393179416656
31510,1.0262603759765625,546.130334854126
31520,1.026275634765625,546.2675857543945
31530,1.0262908935546875,546.4484269618988
31540,1.0262908935546875,546.7078008651733
31550,1.026336669921875,546.9631459712982
31560,1.026336669921875,547.1724269390106
31570,1.026336669921875,547.3300490379333
31580,1.026336669921875,547.5155568122864
31590,1.0263519287109375,547.6393857002258
31600,1.0263671875,547.8546028137207
31610,1.0263671875,548.0118868350983
31620,1.0263671875,548.1496839523315
31630,1.026397705078125,548.3644816875458
31640,1.02642822265625,548.5342698097229
31650,1.02642822265625,548.7075929641724
31660,1.0264434814453125,548.8381366729736
31670,1.026458740234375,549.0151596069336
31680,1.0264739990234375,549.1723458766937
31690,1.0264739990234375,549.3066608905792
31700,1.0265045166015625,549.448755979538
31710,1.026519775390625,549.5907106399536
31720,1.026519775390625,549.7679898738861
31730,1.0265655517578125,549.9196548461914
31740,1.0265655517578125,550.0659530162811
31750,1.026580810546875,550.3056168556213
31760,1.0265960693359375,550.5138487815857
31770,1.026611328125,550.6752367019653
31780,1.0266265869140625,550.8373219966888
31790,1.026641845703125,551.1787729263306
31800,1.0266571044921875,551.3327276706696
31810,1.0266571044921875,551.4837467670441
31820,1.02667236328125,551.6281318664551
31830,1.026702880859375,551.7567448616028
31840,1.026702880859375,551.9359548091888
31850,1.0267181396484375,552.1093907356262
31860,1.0267181396484375,552.303585767746
31870,1.0267486572265625,552.4498028755188
31880,1.0267791748046875,552.6921908855438
31890,1.02679443359375,552.862194776535
31900,1.02679443359375,553.011904001236
31910,1.026824951171875,553.1639297008514
31920,1.0268402099609375,553.3076527118683
31930,1.02685546875,553.4300768375397
31940,1.0268707275390625,553.6108767986298
31950,1.026885986328125,553.7674298286438
31960,1.026885986328125,553.9366846084595
31970,1.02691650390625,554.1215918064117
31980,1.0269317626953125,554.2840187549591
31990,1.0269317626953125,554.4337956905365
32000,1.026947021484375,554.6204617023468
32010,1.0269775390625,554.8291428089142
32020,1.0269775390625,555.0248599052429
32030,1.0269927978515625,555.2042467594147
32040,1.027008056640625,555.4244358539581
32050,1.0270233154296875,555.5814888477325
32060,1.02703857421875,555.7685146331787
32070,1.02703857421875,555.901214838028
32080,1.02703857421875,556.087516784668
32090,1.02703857421875,556.3825218677521
32100,1.027069091796875,556.5428059101105
32110,1.0270843505859375,556.6887559890747
32120,1.027099609375,556.8695588111877
32130,1.027099609375,557.0084998607635
32140,1.0271453857421875,557.1847627162933
32150,1.0271453857421875,557.325142621994
32160,1.02716064453125,557.4588558673859
32170,1.0271759033203125,557.6293408870697
32180,1.0271759033203125,557.7923557758331
32190,1.0272064208984375,557.9276647567749
32200,1.0272064208984375,558.0957708358765
32210,1.0272674560546875,558.2975308895111
32220,1.0272674560546875,558.4706768989563
32230,1.02728271484375,558.6056356430054
32240,1.02728271484375,558.7627108097076
32250,1.027313232421875,558.9548997879028
32260,1.0273284912109375,559.1197597980499
32270,1.0273284912109375,559.2636127471924
32280,1.0273590087890625,559.4595098495483
32290,1.0273590087890625,559.6290938854218
32300,1.0273590087890625,559.7847228050232
32310,1.027374267578125,559.9721086025238
32320,1.02740478515625,560.1637997627258
32330,1.02740478515625,560.2994239330292
32340,1.027435302734375,560.6216309070587
32350,1.027435302734375,560.7672026157379
32360,1.0274658203125,560.9260747432709
32370,1.0274810791015625,561.0802838802338
32380,1.0274810791015625,561.2234578132629
32390,1.027496337890625,561.472535610199
32400,1.02752685546875,561.6455826759338
32410,1.0275421142578125,561.8190956115723
32420,1.0275421142578125,561.9887690544128
32430,1.027557373046875,562.1362187862396
32440,1.027587890625,562.4143559932709
32450,1.027587890625,562.5663177967072
32460,1.027618408203125,562.7945628166199
32470,1.027618408203125,562.9498586654663
32480,1.0276641845703125,563.1116847991943
32490,1.027679443359375,563.2675907611847
32500,1.027679443359375,563.4687826633453
32510,1.027679443359375,563.5832817554474
32520,1.0277252197265625,563.7203757762909
32530,1.0277252197265625,563.8900747299194
32540,1.0277252197265625,564.121248960495
32550,1.027740478515625,564.2742908000946
32560,1.02777099609375,564.4013817310333
32570,1.02777099609375,564.5743608474731
32580,1.02777099609375,564.7202517986298
32590,1.02777099609375,564.8875956535339
32600,1.0277862548828125,565.0369367599487
32610,1.0278167724609375,565.2372298240662
32620,1.0278167724609375,565.4930996894836
32630,1.0278167724609375,565.6349067687988
32640,1.02783203125,565.7772407531738
32650,1.027862548828125,565.9438707828522
32660,1.027862548828125,566.1289777755737
32670,1.02789306640625,566.2621548175812
32680,1.02789306640625,566.4720017910004
32690,1.0279083251953125,566.6332187652588
32700,1.027923583984375,566.7905478477478
32710,1.0279693603515625,566.9513700008392
32720,1.027984619140625,567.1021738052368
32730,1.02801513671875,567.2833318710327
32740,1.02801513671875,567.4520757198334
32750,1.0280303955078125,567.6622819900513
32760,1.028045654296875,567.8190448284149
32770,1.028076171875,567.9615218639374
32780,1.028076171875,568.1176538467407
32790,1.028106689453125,568.3373486995697
32800,1.0281219482421875,568.4750096797943
32810,1.02813720703125,568.6302347183228
32820,1.0281524658203125,568.8272697925568
32830,1.0281524658203125,568.966794013977
32840,1.0281829833984375,569.1215128898621
32850,1.0281829833984375,569.2576026916504
32860,1.028228759765625,569.4030840396881
32870,1.0282440185546875,569.650616645813
32880,1.02825927734375,569.811094045639
32890,1.02825927734375,569.9968466758728
32900,1.0282745361328125,570.1542446613312
32910,1.0283050537109375,570.3364417552948
32920,1.0283203125,570.4946858882904
32930,1.0283355712890625,570.6842176914215
32940,1.028350830078125,570.8146638870239
32950,1.0283660888671875,570.9836716651917
32960,1.0283966064453125,571.1213567256927
32970,1.0284271240234375,571.3063259124756
32980,1.0284423828125,571.5101478099823
32990,1.0284423828125,571.6654016971588
33000,1.0284576416015625,571.8449237346649
33010,1.0284881591796875,571.9821267127991
33020,1.0284881591796875,572.1177458763123
33030,1.02850341796875,572.3136167526245
33040,1.02850341796875,572.4869947433472
33050,1.0285491943359375,572.6477987766266
33060,1.0285491943359375,572.8135368824005
33070,1.028564453125,573.0268647670746
33080,1.0285797119140625,573.1697237491608
33090,1.0285797119140625,573.3339867591858
33100,1.028594970703125,573.506650686264
33110,1.028594970703125,573.682366847992
33120,1.02862548828125,573.8426358699799
33130,1.0286407470703125,574.044942855835
33140,1.0286407470703125,574.2057068347931
33150,1.028656005859375,574.3318107128143
33160,1.0286712646484375,574.4956407546997
33170,1.0286865234375,574.6445608139038
33180,1.0286865234375,574.7884168624878
33190,1.0316009521484375,574.9776477813721
33200,1.0316162109375,575.1709938049316
33210,1.0316314697265625,575.366623878479
33220,1.0316619873046875,575.4978139400482
33230,1.0316619873046875,575.6716799736023
33240,1.0316925048828125,575.8259909152985
33250,1.031707763671875,575.9978129863739
33260,1.0317230224609375,576.1490008831024
33270,1.03173828125,576.341029882431
33280,1.0317535400390625,576.5309247970581
33290,1.031768798828125,576.6814308166504
33300,1.0317840576171875,576.835414648056
33310,1.0318145751953125,576.985782623291
33320,1.0318145751953125,577.1728687286377
33330,1.031829833984375,577.3326699733734
33340,1.0318450927734375,577.4903869628906
33350,1.0318756103515625,577.6174597740173
33360,1.0318756103515625,577.7513127326965
33370,1.031890869140625,577.934506893158
33380,1.0319061279296875,578.0778138637543
33390,1.03192138671875,578.2720546722412
33400,1.0319366455078125,578.408002614975
33410,1.0319366455078125,578.5718038082123
33420,1.031982421875,578.7390038967133
33430,1.031982421875,578.9092066287994
33440,1.032012939453125,579.1730718612671
33450,1.032012939453125,579.4576778411865
33460,1.0320281982421875,579.6381828784943
33470,1.03204345703125,579.8153417110443
33480,1.0320587158203125,580.0330188274384
33490,1.032073974609375,580.2013998031616
33500,1.0320892333984375,580.3793499469757
33510,1.0320892333984375,580.6214518547058
33520,1.0321197509765625,580.7825889587402
33530,1.0321197509765625,580.9703769683838
33540,1.032135009765625,581.1409978866577
33550,1.0321502685546875,581.2840929031372
33560,1.03216552734375,581.4675438404083
33570,1.03216552734375,581.6600036621094
33580,1.0321807861328125,581.8309378623962
33590,1.0321807861328125,581.9944686889648
33600,1.0321807861328125,582.1307189464569
33610,1.0322113037109375,582.3155987262726
33620,1.0322113037109375,582.510128736496
33630,1.0322418212890625,582.6455988883972
33640,1.032257080078125,582.8011157512665
33650,1.0322723388671875,582.9219126701355
33660,1.03228759765625,583.1548459529877
33670,1.0323028564453125,583.3422977924347
33680,1.0323028564453125,583.4994146823883
33690,1.0323333740234375,583.6610758304596
33700,1.0323486328125,583.8133246898651
33710,1.032379150390625,583.9848718643188
33720,1.032379150390625,584.1583497524261
33730,1.03240966796875,584.3094546794891
33740,1.03240966796875,584.4510388374329
33750,1.0324249267578125,584.6105268001556
33760,1.032440185546875,584.8844287395477
33770,1.032440185546875,585.0424387454987
33780,1.0324554443359375,585.2812778949738
33790,1.0324859619140625,585.462653875351
33800,1.0324859619140625,585.6180667877197
33810,1.032501220703125,585.800500869751
33820,1.03253173828125,585.9918737411499
33830,1.03253173828125,586.204197883606
33840,1.0325469970703125,586.4635407924652
33850,1.032562255859375,586.6004207134247
33860,1.0325775146484375,586.7636706829071
33870,1.0325927734375,586.9758987426758
33880,1.0326080322265625,587.2008256912231
33890,1.0326080322265625,587.3963887691498
33900,1.0326080322265625,587.5361087322235
33910,1.03265380859375,587.6842937469482
33920,1.0326690673828125,587.8168430328369
33930,1.032684326171875,587.9821319580078
33940,1.03271484375,588.1368567943573
33950,1.03271484375,588.3214666843414
33960,1.0327301025390625,588.4738547801971
33970,1.032745361328125,588.6368236541748
33980,1.0327606201171875,588.7918436527252
33990,1.0327606201171875,588.9620747566223
34000,1.03277587890625,589.1731998920441
34010,1.032806396484375,589.3213896751404
34020,1.032806396484375,589.5149939060211
34030,1.0328216552734375,589.6591417789459
34040,1.032867431640625,589.8417747020721
34050,1.0328826904296875,590.030770778656
34060,1.0328826904296875,590.2454097270966
34070,1.0328826904296875,590.4641599655151
34080,1.03289794921875,590.6298408508301
34090,1.032928466796875,590.7816717624664
34100,1.032928466796875,590.9578449726105
34110,1.032928466796875,591.1638059616089
34120,1.032958984375,591.3357377052307
34130,1.032958984375,591.4626779556274
34140,1.0329742431640625,591.6454997062683
34150,1.032989501953125,591.8192849159241
34160,1.03302001953125,592.0231869220734
34170,1.03302001953125,592.1971657276154
34180,1.033050537109375,592.3518977165222
34190,1.033050537109375,592.4969856739044
34200,1.033050537109375,592.6864497661591
34210,1.0330963134765625,592.8267068862915
34220,1.033111572265625,593.000061750412
34230,1.033111572265625,593.1316938400269
34240,1.03314208984375,593.3055050373077
34250,1.03314208984375,593.483452796936
34260,1.03314208984375,593.6453199386597
34270,1.0331878662109375,593.7851338386536
34280,1.0331878662109375,593.9349009990692
34290,1.033203125,594.1069927215576
34300,1.0332183837890625,594.34547996521
34310,1.033233642578125,594.5413568019867
34320,1.0332489013671875,594.6879470348358
34330,1.03326416015625,594.8331909179688
34340,1.0332794189453125,595.0713038444519
34350,1.0332794189453125,595.2561037540436
34360,1.033294677734375,595.4317367076874
34370,1.0333251953125,595.6155059337616
34380,1.0333251953125,595.7957906723022
34390,1.0333404541015625,596.0195467472076
34400,1.033355712890625,596.1887879371643
34410,1.0334014892578125,596.3603928089142
34420,1.033416748046875,596.547780752182
34430,1.033416748046875,596.7065308094025
34440,1.0334320068359375,597.0318899154663
34450,1.0334625244140625,597.1529626846313
34460,1.0334625244140625,597.3355257511139
34470,1.0334625244140625,597.6067426204681
34480,1.0334930419921875,597.7647039890289
34490,1.0334930419921875,597.9052438735962
34500,1.03350830078125,598.1330099105835
34510,1.0335235595703125,598.2921788692474
34520,1.033538818359375,598.4389827251434
34530,1.0335540771484375,598.5836536884308
34540,1.0335693359375,598.7095129489899
34550,1.0335845947265625,598.8823568820953
34560,1.033599853515625,599.0097467899323
34570,1.033599853515625,599.2119159698486
34580,1.033599853515625,599.3543477058411
34590,1.0336151123046875,599.5297536849976
34600,1.03363037109375,599.664027929306
34610,1.03363037109375,599.8399188518524
34620,1.0336456298828125,599.9731948375702
34630,1.0336761474609375,600.1564548015594
34640,1.03369140625,600.3370878696442
34650,1.0337066650390625,600.4985296726227
34660,1.0337066650390625,600.6548707485199
34670,1.03375244140625,600.8081207275391
34680,1.03375244140625,601.0112457275391
34690,1.03375244140625,601.1595048904419
34700,1.0337677001953125,601.3181438446045
34710,1.0337982177734375,601.4432220458984
34720,1.0337982177734375,601.6397187709808
34730,1.0338287353515625,601.7962367534637
34740,1.033843994140625,601.9176440238953
34750,1.033843994140625,602.1420028209686
34760,1.0338592529296875,602.3335888385773
34770,1.033905029296875,602.4812569618225
34780,1.0339202880859375,602.6299488544464
34790,1.033935546875,602.8010549545288
34800,1.033935546875,602.9474356174469
34810,1.033966064453125,603.0717997550964
34820,1.03399658203125,603.189573764801
34830,1.03399658203125,603.3434748649597
34840,1.03399658203125,603.4780268669128
34850,1.034027099609375,603.705602645874
34860,1.034027099609375,603.8813908100128
34870,1.0340423583984375,604.0169417858124
34880,1.0340576171875,604.2713987827301
34890,1.0340728759765625,604.3951368331909
34900,1.034088134765625,604.649228811264
34910,1.0341339111328125,604.8462059497833
34920,1.034149169921875,604.9896638393402
34930,1.034149169921875,605.1477429866791
34940,1.0341644287109375,605.307315826416
34950,1.0341796875,605.4187397956848
34960,1.0341796875,605.6059427261353
34970,1.034210205078125,605.7702269554138
34980,1.0342559814453125,605.9050858020782
34990,1.0342559814453125,606.0835409164429
35000,1.034271240234375,606.2119598388672
35010,1.0343017578125,606.3483200073242
35020,1.157806396484375,606.6351606845856
35030,1.1578216552734375,606.8624927997589
35040,1.1578216552734375,606.9943857192993
35050,1.1578216552734375,607.1720986366272
35060,1.1578521728515625,607.3325877189636
35070,1.1578521728515625,607.5040068626404
35080,1.1578521728515625,607.6692178249359
35090,1.1578826904296875,607.8324239253998
35100,1.15789794921875,608.0161757469177
35110,1.15789794921875,608.1576447486877
35120,1.1579132080078125,608.2984638214111
35130,1.1579437255859375,608.4353659152985
35140,1.1579742431640625,608.6060988903046
35150,1.157989501953125,608.7605209350586
35160,1.157989501953125,608.9186706542969
35170,1.1580047607421875,609.0489280223846
35180,1.1580352783203125,609.2433128356934
35190,1.1580352783203125,609.3865187168121
35200,1.1580352783203125,609.5325849056244
35210,1.1580657958984375,609.7896778583527
35220,1.1580657958984375,609.9257159233093
35230,1.1580810546875,610.0880608558655
35240,1.1580963134765625,610.23291182518
35250,1.1580963134765625,610.4007139205933
35260,1.15814208984375,610.5640976428986
35270,1.1581573486328125,610.7237968444824
35280,1.158172607421875,610.9109597206116
35290,1.158172607421875,611.0540978908539
35300,1.158203125,611.2101957798004
35310,1.158233642578125,611.3810827732086
35320,1.158233642578125,611.5631449222565
35330,1.158233642578125,611.7543039321899
35340,1.15826416015625,611.8981027603149
35350,1.1582794189453125,612.0612769126892
35360,1.158294677734375,612.200624704361
35370,1.1583099365234375,612.3907148838043
35380,1.1583404541015625,612.5348987579346
35390,1.158355712890625,612.6836547851562
35400,1.1583709716796875,612.833126783371
35410,1.1584014892578125,613.0785868167877
35420,1.158416748046875,613.2220857143402
35430,1.158416748046875,613.3745279312134
35440,1.1584320068359375,613.5372469425201
35450,1.158447265625,613.7190189361572
35460,1.1584625244140625,613.9130108356476
35470,1.1584625244140625,614.0849206447601
35480,1.1584930419921875,614.2482039928436
35490,1.15850830078125,614.4227857589722
35500,1.1585235595703125,614.5854415893555
35510,1.158538818359375,614.7268359661102
35520,1.1585540771484375,614.9218108654022
35530,1.1585845947265625,615.0434868335724
35540,1.1585845947265625,615.2104556560516
35550,1.158599853515625,615.3699367046356
35560,1.1586151123046875,615.5278668403625
35570,1.1586151123046875,615.6835057735443
35580,1.1586151123046875,615.8659267425537
35590,1.15863037109375,616.0397338867188
35600,1.1586456298828125,616.2383847236633
35610,1.1586456298828125,616.384194612503
35620,1.1586761474609375,616.586306810379
35630,1.15869140625,616.7653758525848
35640,1.1587066650390625,616.9050047397614
35650,1.1587066650390625,617.0456566810608
35660,1.1587066650390625,617.1806190013885
35670,1.15875244140625,617.5305767059326
35680,1.15875244140625,617.7161457538605
35690,1.15875244140625,617.8702657222748
35700,1.158782958984375,618.0455570220947
35710,1.1588134765625,618.2383978366852
35720,1.1588134765625,618.3912577629089
35730,1.1588287353515625,618.5164248943329
35740,1.1588592529296875,618.6508238315582
35750,1.1588592529296875,618.8487617969513
35760,1.1588897705078125,619.003185749054
35770,1.158905029296875,619.169252872467
35780,1.158905029296875,619.3285629749298
35790,1.1589508056640625,619.4681007862091
35800,1.1589508056640625,619.6180186271667
35810,1.1589508056640625,619.7587718963623
35820,1.1589813232421875,620.0114607810974
35830,1.15899658203125,620.1652369499207
35840,1.15899658203125,620.3614797592163
35850,1.1590118408203125,620.5185956954956
35860,1.1590118408203125,620.6807858943939
35870,1.1590423583984375,620.8499047756195
35880,1.1590728759765625,621.0155746936798
35890,1.1590728759765625,621.177994966507
35900,1.1590728759765625,621.3386127948761
35910,1.1591339111328125,621.5268228054047
35920,1.1591339111328125,621.6670289039612
35930,1.1591339111328125,621.8537096977234
35940,1.159149169921875,622.0386507511139
35950,1.1591796875,622.1961088180542
35960,1.1591796875,622.3506598472595
35970,1.1591949462890625,622.5007219314575
35980,1.159210205078125,622.6453897953033
35990,1.1592254638671875,622.8195676803589
36000,1.159271240234375,622.9982006549835
36010,1.159271240234375,623.1671998500824
36020,1.1592864990234375,623.414205789566
36030,1.1593017578125,623.5667309761047
36040,1.1593170166015625,623.724681854248
36050,1.1593170166015625,623.901930809021
36060,1.1593170166015625,624.0560717582703
36070,1.159332275390625,624.2642817497253
36080,1.159332275390625,624.4522659778595
36090,1.1593475341796875,624.6081697940826
36100,1.1593475341796875,624.7670106887817
36110,1.159393310546875,624.9462997913361
36120,1.1594085693359375,625.1434028148651
36130,1.159423828125,625.2947058677673
36140,1.159423828125,625.4514329433441
36150,1.1594390869140625,625.6426329612732
36160,1.1594696044921875,625.802604675293
36170,1.1594696044921875,626.0023617744446
36180,1.15948486328125,626.1364138126373
36190,1.1595001220703125,626.2751317024231
36200,1.159515380859375,626.4294729232788
36210,1.1595458984375,626.6225197315216
36220,1.1595458984375,626.8048498630524
36230,1.1595611572265625,626.9639277458191
36240,1.15960693359375,627.1690897941589
36250,1.15960693359375,627.3512778282166
36260,1.15960693359375,627.4945809841156
36270,1.159637451171875,627.6515226364136
36280,1.159637451171875,627.810201883316
36290,1.1596527099609375,628.0012998580933
36300,1.15966796875,628.1484956741333
36310,1.15966796875,628.3035776615143
36320,1.15966796875,628.4503998756409
36330,1.1597137451171875,628.6119418144226
36340,1.1597137451171875,628.890793800354
36350,1.15972900390625,629.0380809307098
36360,1.1597442626953125,629.2012889385223
36370,1.1597747802734375,629.3887670040131
36380,1.1597747802734375,629.5191917419434
36390,1.1597900390625,629.699943780899
36400,1.1598052978515625,629.855908870697
36410,1.159820556640625,630.0550367832184
36420,1.15985107421875,630.2176036834717
36430,1.15985107421875,630.383945941925
36440,1.1598663330078125,630.5512728691101
36450,1.159881591796875,630.6973078250885
36460,1.159912109375,630.8680429458618
36470,1.1599273681640625,631.0117347240448
36480,1.159942626953125,631.1452479362488
36490,1.1599578857421875,631.30140376091
36500,1.1599578857421875,631.4756548404694
36510,1.1599884033203125,631.6208148002625
36520,1.1599884033203125,631.8014888763428
36530,1.160003662109375,631.9847958087921
36540,1.1600189208984375,632.1243147850037
36550,1.1600341796875,632.2818639278412
36560,1.1600341796875,632.4937698841095
36570,1.1600494384765625,632.6646008491516
36580,1.1600494384765625,632.8708798885345
36590,1.160064697265625,633.0347259044647
36600,1.1601104736328125,633.1909286975861
36610,1.1601104736328125,633.374960899353
36620,1.1601104736328125,633.5661487579346
36630,1.160125732421875,633.7828757762909
36640,1.1601409912109375,633.9847228527069
36650,1.16015625,634.1301758289337
36660,1.16015625,634.2832777500153
36670,1.1601715087890625,634.4312958717346
36680,1.160186767578125,634.5565197467804
36690,1.160186767578125,634.7281270027161
36700,1.16021728515625,634.8789796829224
36710,1.160247802734375,635.0307309627533
36720,1.1602630615234375,635.1513848304749
36730,1.1602935791015625,635.28142786026
36740,1.1602935791015625,635.4231657981873
36750,1.1603240966796875,635.5830228328705
36760,1.16033935546875,635.7227027416229
36770,1.16033935546875,635.860830783844
36780,1.16033935546875,636.0240898132324
36790,1.1603851318359375,636.2066659927368
36800,1.1603851318359375,636.3313858509064
36810,1.1603851318359375,636.5063228607178
36820,1.160400390625,636.6791837215424
36830,1.1604156494140625,636.8360798358917
36840,1.1604461669921875,637.0047328472137
36850,1.16046142578125,637.2220187187195
36860,1.1604766845703125,637.4463837146759
36870,1.160491943359375,637.6542987823486
36880,1.1605072021484375,637.8251657485962
36890,1.1605224609375,638.00457072258
36900,1.1605377197265625,638.141921043396
36910,1.1605682373046875,638.3248739242554
36920,1.16058349609375,638.4976098537445
36930,1.16058349609375,638.654061794281
36940,1.160614013671875,638.7941858768463
36950,1.160614013671875,638.9479007720947
36960,1.1606292724609375,639.1023077964783
36970,1.1606597900390625,639.2613906860352
36980,1.160675048828125,639.4078938961029
36990,1.160675048828125,639.5825238227844
37000,1.1606903076171875,639.702889919281
37010,1.16070556640625,639.8971216678619
37020,1.160736083984375,640.1065616607666
37030,1.1607513427734375,640.2785856723785
37040,1.1607513427734375,640.4499709606171
37050,1.1607666015625,640.6133027076721
37060,1.1607818603515625,640.7816016674042
37070,1.1607818603515625,640.9224219322205
37080,1.160797119140625,641.135333776474
37090,1.1608123779296875,641.3357119560242
37100,1.1608123779296875,641.4875178337097
37110,1.16082763671875,641.6441297531128
37120,1.160858154296875,641.7979745864868
37130,1.160858154296875,641.9582107067108
37140,1.160858154296875,642.115288734436
37150,1.160888671875,642.290552854538
37160,1.1609039306640625,642.4519617557526
37170,1.160919189453125,642.5916109085083
37180,1.16094970703125,642.7752566337585
37190,1.16094970703125,642.9186680316925
37200,1.160980224609375,643.0792179107666
37210,1.1610260009765625,643.2877118587494
37220,1.1610260009765625,643.5164856910706
37230,1.1610260009765625,643.6779797077179
37240,1.16107177734375,643.8258047103882
37250,1.16107177734375,643.9736776351929
37260,1.16107177734375,644.211583852768
37270,1.161102294921875,644.4057197570801
37280,1.1611175537109375,644.5766668319702
37290,1.1611328125,644.7418968677521
37300,1.1611480712890625,644.9087347984314
37310,1.161163330078125,645.0786759853363
37320,1.1611785888671875,645.2840750217438
37330,1.161224365234375,645.4145736694336
37340,1.1612396240234375,645.6538467407227
37350,1.1612396240234375,645.7879447937012
37360,1.1612701416015625,645.962929725647
37370,1.1612701416015625,646.1380097866058
37380,1.1613006591796875,646.3107776641846
37390,1.16131591796875,646.5046367645264
37400,1.16131591796875,646.6634638309479
37410,1.161346435546875,646.8222048282623
37420,1.161376953125,647.049234867096
37430,1.161376953125,647.2293648719788
37440,1.1613922119140625,647.4563558101654
37450,1.1614227294921875,647.7000958919525
37460,1.1614227294921875,647.8269097805023
37470,1.16143798828125,648.0053267478943
37480,1.1614532470703125,648.1796898841858
37490,1.161468505859375,648.3164627552032
37500,1.163543701171875,648.504606962204
37510,1.16357421875,648.6579067707062
37520,1.1635894775390625,648.8694789409637
37530,1.1635894775390625,649.0540196895599
37540,1.163604736328125,649.2100858688354
37550,1.163604736328125,649.3510520458221
37560,1.1636199951171875,649.5310137271881
37570,1.16363525390625,649.6872777938843
37580,1.16363525390625,649.8905627727509
37590,1.16363525390625,650.0030498504639
37600,1.163665771484375,650.2200179100037
37610,1.1636810302734375,650.3633208274841
37620,1.1636810302734375,650.5256519317627
37630,1.1636962890625,650.6458268165588
37640,1.1637115478515625,650.8323178291321
37650,1.163726806640625,650.9706518650055
37660,1.16375732421875,651.112028837204
37670,1.16375732421875,651.3177726268768
37680,1.16375732421875,651.4411838054657
37690,1.1638031005859375,651.5938918590546
37700,1.163818359375,651.7750468254089
37710,1.1638336181640625,651.9095938205719
37720,1.1638336181640625,652.1171939373016
37730,1.16387939453125,652.3070089817047
37740,1.16387939453125,652.4613077640533
37750,1.16387939453125,652.6281988620758
37760,1.1638946533203125,652.785787820816
37770,1.163909912109375,652.9104099273682
37780,1.1639251708984375,653.0652296543121
37790,1.1639556884765625,653.2379169464111
37800,1.163970947265625,653.4074077606201
37810,1.1639862060546875,653.5904860496521
37820,1.16400146484375,653.7751879692078
37830,1.1640167236328125,653.9359469413757
37840,1.164031982421875,654.0838279724121
37850,1.1640625,654.3647999763489
37860,1.1640625,654.4988987445831
37870,1.164093017578125,654.650496006012
37880,1.1641082763671875,654.8193609714508
37890,1.1641082763671875,654.9583349227905
37900,1.1641082763671875,655.1381916999817
37910,1.164154052734375,655.3720388412476
37920,1.1641693115234375,655.5363929271698
37930,1.1641845703125,655.7477667331696
37940,1.1642303466796875,655.9368298053741
37950,1.1642303466796875,656.0907819271088
37960,1.1725311279296875,656.3016529083252
37970,1.1725616455078125,656.4986057281494
37980,1.172576904296875,656.6954417228699
37990,1.172576904296875,656.8726537227631
38000,1.172607421875,657.0816478729248
38010,1.172607421875,657.2052738666534
38020,1.172637939453125,657.3619179725647
38030,1.1726531982421875,657.5328199863434
38040,1.1726531982421875,657.7110767364502
38050,1.172698974609375,657.9108989238739
38060,1.172698974609375,658.086226940155
38070,1.1727142333984375,658.2142789363861
38080,1.1727142333984375,658.3405828475952
38090,1.1727294921875,658.488686800003
38100,1.1727447509765625,658.6208009719849
38110,1.1727447509765625,658.8344848155975
38120,1.1727752685546875,659.045295715332
38130,1.17279052734375,659.1856648921967
38140,1.17279052734375,659.3614947795868
38150,1.1728057861328125,659.5656907558441
38160,1.172821044921875,659.7473499774933
38170,1.1728515625,659.9022798538208
38180,1.1728668212890625,660.0484428405762
38190,1.1728668212890625,660.2409060001373
38200,1.1728668212890625,660.3935778141022
38210,1.1729278564453125,660.636236667633
38220,1.1729278564453125,660.8065118789673
38230,1.1729278564453125,661.0224969387054
38240,1.172943115234375,661.2093839645386
38250,1.1729583740234375,661.5095307826996
38260,1.1729736328125,661.6931269168854
38270,1.1729888916015625,661.8465368747711
38280,1.1729888916015625,662.0083746910095
38290,1.17303466796875,662.2062516212463
38300,1.1730499267578125,662.398589849472
38310,1.1730499267578125,662.6172096729279
38320,1.1730804443359375,662.7693948745728
38330,1.173095703125,662.9150977134705
38340,1.173095703125,663.0371327400208
38350,1.1731109619140625,663.2054867744446
38360,1.173126220703125,663.3724958896637
38370,1.1731414794921875,663.5450706481934
38380,1.1731414794921875,663.7020359039307
38390,1.1731719970703125,663.845705986023
38400,1.173187255859375,663.988187789917
38410,1.173187255859375,664.1363389492035
38420,1.1732330322265625,664.2766547203064
38430,1.1732330322265625,664.4217798709869
38440,1.173248291015625,664.5895118713379
38450,1.17327880859375,664.7783348560333
38460,1.17327880859375,664.9513018131256
38470,1.1732940673828125,665.101019859314
38480,1.1733245849609375,665.2623999118805
38490,1.1733245849609375,665.4349648952484
38500,1.1733245849609375,665.5761709213257
38510,1.1733551025390625,665.8099298477173
38520,1.173370361328125,665.9595668315887
38530,1.173370361328125,666.1522908210754
38540,1.17340087890625,666.2760529518127
38550,1.173431396484375,666.5569498538971
38560,1.1734619140625,666.708744764328
38570,1.1734619140625,666.8729169368744
38580,1.1734619140625,667.0657999515533
38590,1.1734619140625,667.2588098049164
38600,1.173492431640625,667.4175369739532
38610,1.173492431640625,667.6518669128418
38620,1.173492431640625,668.2336456775665
38630,1.1735076904296875,668.383457660675
38640,1.17352294921875,668.5341639518738
38650,1.1735382080078125,668.6993489265442
38660,1.1735687255859375,668.885499715805
38670,1.173583984375,669.0760169029236
38680,1.173583984375,669.2293329238892
38690,1.1735992431640625,669.4012098312378
38700,1.1735992431640625,669.5517897605896
38710,1.17364501953125,669.6914587020874
38720,1.1736602783203125,669.8421077728271
38730,1.1736602783203125,670.0232079029083
38740,1.173675537109375,670.2105059623718
38750,1.1737060546875,670.3724937438965
38760,1.1737060546875,670.5306687355042
38770,1.1737060546875,670.6911427974701
38780,1.173736572265625,670.8923089504242
38790,1.17376708984375,671.0519807338715
38800,1.17376708984375,671.244283914566
38810,1.1737823486328125,671.4035608768463
38820,1.173797607421875,671.5528287887573
38830,1.1738128662109375,671.7603216171265
38840,1.1738128662109375,671.9271078109741
38850,1.173828125,672.1317677497864
38860,1.1738433837890625,672.4174687862396
38870,1.1738433837890625,672.6544299125671
38880,1.1738739013671875,672.8161008358002
38890,1.1738739013671875,672.9725608825684
38900,1.1739044189453125,673.1652526855469
38910,1.173919677734375,673.3327767848969
38920,1.1739501953125,673.4906458854675
38930,1.173980712890625,673.6394686698914
38940,1.1739959716796875,673.7903728485107
38950,1.1739959716796875,673.9775586128235
38960,1.17401123046875,674.1515939235687
38970,1.174041748046875,674.2896189689636
38980,1.174041748046875,674.4558758735657
38990,1.1740570068359375,674.6482219696045
39000,1.1740875244140625,674.9111077785492
39010,1.1740875244140625,675.0665879249573
39020,1.1741180419921875,675.2279517650604
39030,1.17413330078125,675.4076588153839
39040,1.1741485595703125,675.5878987312317
39050,1.174163818359375,675.7424666881561
39060,1.1741790771484375,675.8703916072845
39070,1.1742095947265625,676.1087608337402
39080,1.1742095947265625,676.3672907352448
39090,1.1742095947265625,676.5748589038849
39100,1.174224853515625,676.7465407848358
39110,1.174224853515625,676.895290851593
39120,1.17425537109375,677.0890538692474
39130,1.17425537109375,677.249285697937
39140,1.1742706298828125,677.3778748512268
39150,1.1743011474609375,677.5764915943146
39160,1.17431640625,677.7617948055267
39170,1.17431640625,677.9051418304443
39180,1.1743316650390625,678.1107928752899
39190,1.1743316650390625,678.2945096492767
39200,1.1743621826171875,678.4220490455627
39210,1.1743927001953125,678.5668728351593
39220,1.1743927001953125,678.7016608715057
39230,1.1744232177734375,678.854975938797
39240,1.1744537353515625,679.0261619091034
39250,1.1744537353515625,679.1998846530914
39260,1.1744537353515625,679.3509356975555
39270,1.1745147705078125,679.5078337192535
39280,1.1745147705078125,679.6360619068146
39290,1.174530029296875,679.8114669322968
39300,1.1745452880859375,680.0005798339844
39310,1.174560546875,680.1648046970367
39320,1.174560546875,680.3303689956665
39330,1.174591064453125,680.4719808101654
39340,1.174591064453125,680.6539950370789
39350,1.174591064453125,680.7925598621368
39360,1.1746368408203125,680.955178976059
39370,1.1746368408203125,681.1631548404694
39380,1.1746673583984375,681.4617447853088
39390,1.1746978759765625,681.6051468849182
39400,1.1746978759765625,681.8305389881134
39410,1.174713134765625,681.9876008033752
39420,1.1747589111328125,682.1299657821655
39430,1.1747589111328125,682.299373626709
39440,1.1747589111328125,682.5489406585693
39450,1.1747894287109375,682.7459509372711
39460,1.1748046875,682.9091420173645
39470,1.1748046875,683.1056597232819
39480,1.174835205078125,683.2299628257751
39490,1.1748504638671875,683.4511296749115
39500,1.1748504638671875,683.5904958248138
39510,1.1748809814453125,683.7491397857666
39520,1.174896240234375,683.946852684021
39530,1.1749114990234375,684.1145308017731
39540,1.1749420166015625,684.2853677272797
39550,1.1749420166015625,684.4702198505402
39560,1.1749420166015625,684.6792798042297
39570,1.174957275390625,684.8418028354645
39580,1.17498779296875,684.9807827472687
39590,1.17498779296875,685.2356216907501
39600,1.17498779296875,685.3833017349243
39610,1.17498779296875,685.6188497543335
39620,1.175018310546875,685.7835278511047
39630,1.175048828125,686.0080299377441
39640,1.175048828125,686.1538889408112
39650,1.175048828125,686.332929611206
39660,1.1750946044921875,686.4719088077545
39670,1.1750946044921875,686.6282806396484
39680,1.1750946044921875,686.8092160224915
39690,1.1751251220703125,686.9584648609161
39700,1.1751251220703125,687.1988129615784
39710,1.1751251220703125,687.3684868812561
39720,1.1751708984375,687.5500288009644
39730,1.1751861572265625,687.7263548374176
39740,1.1751861572265625,687.8675289154053
39750,1.1752166748046875,688.1052649021149
39760,1.17523193359375,688.2472388744354
39770,1.1752471923828125,688.4048707485199
39780,1.175262451171875,688.5477118492126
39790,1.175262451171875,688.7087547779083
39800,1.1752777099609375,688.8719968795776
39810,1.1753082275390625,689.0715420246124
39820,1.1753082275390625,689.2954859733582
39830,1.1753082275390625,689.4295678138733
39840,1.1753387451171875,689.6055097579956
39850,1.1753387451171875,689.8042318820953
39860,1.17535400390625,689.9601259231567
39870,1.175384521484375,690.1643619537354
39880,1.1753997802734375,690.3069229125977
39890,1.1754150390625,690.5100758075714
39900,1.1754302978515625,690.6682276725769
39910,1.1754302978515625,690.8127899169922
39920,1.1754608154296875,690.9359157085419
39930,1.1754913330078125,691.1718277931213
39940,1.1754913330078125,691.4293019771576
39950,1.175506591796875,691.6302127838135
39960,1.1755218505859375,691.7953517436981
39970,1.1755218505859375,691.989935874939
39980,1.175537109375,692.1824126243591
39990,1.1755828857421875,692.3309319019318
40000,1.17559814453125,692.4879679679871
40010,1.1756134033203125,692.6564128398895
40020,1.175628662109375,692.8144357204437
40030,1.1756439208984375,692.9971258640289
40040,1.1756439208984375,693.192088842392
40050,1.1756744384765625,693.33123087883
40060,1.1756744384765625,693.4828999042511
40070,1.1756744384765625,693.694317817688
40080,1.175689697265625,693.9239587783813
40090,1.1757049560546875,694.110643863678
40100,1.1757049560546875,694.2523288726807
40110,1.1757354736328125,694.4393327236176
40120,1.1757354736328125,694.6001017093658
40130,1.1757354736328125,694.7359449863434
40140,1.1757659912109375,694.9636468887329
40150,1.17578125,695.1727900505066
40160,1.1757965087890625,695.3265278339386
40170,1.175811767578125,695.5058166980743
40180,1.175811767578125,695.7009658813477
40190,1.175811767578125,695.8561367988586
40200,1.1758270263671875,696.0386047363281
40210,1.1758575439453125,696.1817636489868
40220,1.175872802734375,696.342120885849
40230,1.1758880615234375,696.4881837368011
40240,1.1759185791015625,696.7243049144745
40250,1.175933837890625,696.8679127693176
40260,1.17596435546875,697.0398778915405
40270,1.17596435546875,697.2161657810211
40280,1.1759796142578125,697.3864557743073
40290,1.1760101318359375,697.5367977619171
40300,1.1760101318359375,697.7043046951294
40310,1.1760101318359375,697.9252207279205
40320,1.176025390625,698.1427907943726
40330,1.176055908203125,698.2841427326202
40340,1.1760711669921875,698.4295048713684
40350,1.17608642578125,698.5815348625183
40360,1.176116943359375,698.7376828193665
40370,1.176116943359375,698.8708918094635
40380,1.1761474609375,699.0214018821716
40390,1.1761627197265625,699.2447748184204
40400,1.176177978515625,699.4487307071686
40410,1.1761932373046875,699.6039826869965
40420,1.1762237548828125,699.7478647232056
40430,1.1762237548828125,699.9786148071289
40440,1.1762542724609375,700.1414866447449
40450,1.1762542724609375,700.3827016353607
40460,1.1762542724609375,700.5475447177887
40470,1.1762847900390625,700.6907997131348
40480,1.1763153076171875,700.8691687583923
40490,1.1763153076171875,701.0166847705841
40500,1.17633056640625,701.1964018344879
40510,1.17633056640625,701.3506257534027
40520,1.1763458251953125,701.5205659866333
40530,1.176361083984375,701.7530958652496
40540,1.1763763427734375,701.8767900466919
40550,1.1763763427734375,702.0294687747955
40560,1.1764068603515625,702.1656126976013
40570,1.1764068603515625,702.3614180088043
40580,1.1764068603515625,702.5236358642578
40590,1.1764373779296875,702.6938998699188
40600,1.1764678955078125,702.8353238105774
40610,1.1764678955078125,703.0294427871704
40620,1.1764678955078125,703.1811587810516
40630,1.176513671875,703.3357429504395
40640,1.176513671875,703.525063753128
40650,1.176513671875,703.7654619216919
40660,1.176544189453125,703.9387767314911
40670,1.1765594482421875,704.1606478691101
40680,1.1765594482421875,704.3231058120728
40690,1.1765899658203125,704.5056707859039
40700,1.1765899658203125,704.6846568584442
40710,1.1765899658203125,704.8451719284058
40720,1.1766510009765625,705.1459357738495
40730,1.1766510009765625,705.3416767120361
40740,1.176666259765625,705.5119166374207
40750,1.17669677734375,705.656017780304
40760,1.17669677734375,705.7974636554718
40770,1.17669677734375,705.9378538131714
40780,1.1767425537109375,706.0916926860809
40790,1.1767578125,706.2626407146454
40800,1.1767578125,706.4559669494629
40810,1.1767730712890625,706.6171426773071
40820,1.176788330078125,706.8656177520752
40830,1.1768035888671875,707.1185348033905
40840,1.17681884765625,707.2758479118347
40850,1.1768341064453125,707.4504308700562
40860,1.176849365234375,707.6253507137299
40870,1.1768951416015625,707.7467839717865
40880,1.1768951416015625,707.9737617969513
40890,1.1768951416015625,708.1078746318817
40900,1.1769256591796875,708.2660176753998
40910,1.1769256591796875,708.4714097976685
40920,1.1769561767578125,708.6325256824493
40930,1.176971435546875,708.8442478179932
40940,1.1769866943359375,708.9973566532135
40950,1.1769866943359375,709.1802549362183
40960,1.177001953125,709.3507499694824
40970,1.1770477294921875,709.5196826457977
40980,1.17706298828125,709.7855968475342
40990,1.1770782470703125,709.9316208362579
41000,1.177093505859375,710.0938618183136
41010,1.177093505859375,710.2234878540039
41020,1.1771087646484375,710.3643567562103
41030,1.1771240234375,710.5320918560028
41040,1.1771392822265625,710.7218608856201
41050,1.177154541015625,710.8446719646454
41060,1.1771697998046875,711.053751707077
41070,1.1771697998046875,711.1960468292236
41080,1.17718505859375,711.3194878101349
41090,1.17718505859375,711.4903807640076
41100,1.17718505859375,711.6655197143555
41110,1.1772308349609375,711.791622877121
41120,1.17724609375,711.9506466388702
41130,1.17724609375,712.1123278141022
41140,1.177276611328125,712.315477848053
41150,1.177276611328125,712.5028007030487
41160,1.1772918701171875,712.6526308059692
41170,1.1773223876953125,712.8291399478912
41180,1.177337646484375,713.0039780139923
41190,1.177337646484375,713.150604724884
41200,1.1773529052734375,713.3033277988434
41210,1.1773834228515625,713.4603338241577
41220,1.1774139404296875,713.6008849143982
41230,1.17742919921875,713.7562317848206
41240,1.1774444580078125,713.9183588027954
41250,1.1774444580078125,714.0713169574738
41260,1.1774749755859375,714.2093389034271
41270,1.177490234375,714.3498797416687
41280,1.177490234375,714.5247478485107
41290,1.177520751953125,714.6965386867523
41300,1.1775360107421875,714.8733298778534
41310,1.1775360107421875,715.011067867279
41320,1.17755126953125,715.3134758472443
41330,1.1775665283203125,715.4874958992004
41340,1.1775970458984375,715.6236789226532
41350,1.1776123046875,715.8438909053802
41360,1.1776123046875,716.0405628681183
41370,1.1776123046875,716.1583259105682
41380,1.1776580810546875,716.2869389057159
41390,1.1776580810546875,716.4521307945251
41400,1.1776580810546875,716.6315698623657
41410,1.17767333984375,716.8643457889557
41420,1.1777191162109375,717.0442008972168
41430,1.177734375,717.2405738830566
41440,1.1777496337890625,717.4152648448944
41450,1.177764892578125,717.5894577503204
41460,1.17779541015625,717.7248876094818
41470,1.1778106689453125,717.92506980896
41480,1.1778106689453125,718.1062729358673
41490,1.1778106689453125,718.2571079730988
41500,1.1778564453125,718.3908867835999
41510,1.1778717041015625,718.5386018753052
41520,1.1778717041015625,718.7184729576111
41530,1.177886962890625,719.0358929634094
41540,1.1779022216796875,719.2145228385925
41550,1.1779022216796875,719.3654069900513
41560,1.1779327392578125,719.5583457946777
41570,1.1779327392578125,719.718939781189
41580,1.177947998046875,719.9980187416077
41590,1.1779632568359375,720.1762008666992
41600,1.1779632568359375,720.3639018535614
41610,1.177978515625,720.5175848007202
41620,1.1779937744140625,720.6530487537384
41630,1.1779937744140625,720.8148338794708
41640,1.1780242919921875,720.9905269145966
41650,1.1780242919921875,721.2157759666443
41660,1.17803955078125,721.4017527103424
41670,1.17803955078125,721.5298869609833
41680,1.178070068359375,721.7341566085815
41690,1.1781158447265625,721.908383846283
41700,1.1781158447265625,722.1463680267334
41710,1.178131103515625,722.3249757289886
41720,1.17816162109375,722.5022389888763
41730,1.1781768798828125,722.6435630321503
41740,1.178192138671875,722.7807898521423
41750,1.178192138671875,722.9294857978821
41760,1.178192138671875,723.0816099643707
41770,1.17822265625,723.228245973587
41780,1.1782379150390625,723.384343624115
41790,1.1782379150390625,723.6370098590851
41800,1.1782684326171875,723.817991733551
41810,1.1782684326171875,723.9633657932281
41820,1.1782989501953125,724.1513488292694
41830,1.178314208984375,724.2932918071747
41840,1.1783294677734375,724.4448227882385
41850,1.1783294677734375,724.6053550243378
41860,1.1783599853515625,724.7606148719788
41870,1.1783599853515625,724.9236207008362
41880,1.178375244140625,725.1042997837067
41890,1.178375244140625,725.2173397541046
41900,1.17840576171875,725.3766016960144
41910,1.1784210205078125,725.5815029144287
41920,1.1784515380859375,725.7267117500305
41930,1.178466796875,725.9145185947418
41940,1.178497314453125,726.0622179508209
41950,1.178497314453125,726.2615988254547
41960,1.17852783203125,726.4564559459686
41970,1.17852783203125,726.6151678562164
41980,1.1785430908203125,726.867598772049
41990,1.178558349609375,727.1200566291809
42000,1.1785736083984375,727.2700548171997
42010,1.1785736083984375,727.4057059288025
42020,1.1786041259765625,727.5375878810883
42030,1.1786041259765625,727.6810047626495
42040,1.1786041259765625,727.9731929302216
42050,1.1786346435546875,728.1069228649139
42060,1.1786651611328125,728.283323764801
42070,1.1786651611328125,728.4398627281189
42080,1.1786651611328125,728.5888998508453
42090,1.178680419921875,728.794353723526
42100,1.1786956787109375,728.9859566688538
42110,1.1786956787109375,729.1666297912598
42120,1.1786956787109375,729.3026888370514
42130,1.1787109375,729.4346029758453
42140,1.178741455078125,729.6018857955933
42150,1.178741455078125,729.7569887638092
42160,1.1787567138671875,729.9530177116394
42170,1.17877197265625,730.1243839263916
42180,1.178802490234375,730.322182893753
42190,1.178802490234375,730.5005559921265
42200,1.1788177490234375,730.6478478908539
42210,1.1788177490234375,730.777266740799
42220,1.178863525390625,730.9461278915405
42230,1.1788787841796875,731.1167306900024
42240,1.17889404296875,731.3429098129272
42250,1.17889404296875,731.5430338382721
42260,1.178924560546875,731.7031817436218
42270,1.178924560546875,731.8810880184174
42280,1.1789398193359375,732.0697379112244
42290,1.1789703369140625,732.2481427192688
42300,1.178985595703125,732.423398733139
42310,1.178985595703125,732.6019418239594
42320,1.1790313720703125,732.775429725647
42330,1.1790313720703125,733.0157928466797
42340,1.1790313720703125,733.2143187522888
42350,1.179046630859375,733.4037759304047
42360,1.1790618896484375,733.5653986930847
42370,1.1790771484375,733.7379426956177
42380,1.1790924072265625,733.8774948120117
42390,1.1790924072265625,734.0996568202972
42400,1.179107666015625,734.2585837841034
42410,1.17913818359375,734.3767266273499
42420,1.1791534423828125,734.5304489135742
42430,1.179168701171875,734.6977417469025
42440,1.1792144775390625,734.7939410209656
42450,1.1792144775390625,734.9730849266052
42460,1.1792144775390625,735.1516208648682
42470,1.179229736328125,735.3285586833954
42480,1.1792449951171875,735.5020217895508
42490,1.1792449951171875,735.6674129962921
42500,1.1792755126953125,735.8369908332825
42510,1.1792755126953125,735.9610238075256
42520,1.179290771484375,736.0869429111481
42530,1.1793060302734375,736.2518508434296
42540,1.179351806640625,736.4527168273926
42550,1.1793670654296875,736.6049058437347
42560,1.17938232421875,736.7721028327942
42570,1.17938232421875,736.9056258201599
42580,1.17938232421875,737.0920958518982
42590,1.179412841796875,737.2733607292175
42600,1.179412841796875,737.4518847465515
42610,1.179412841796875,737.6481447219849
42620,1.1794281005859375,737.7937819957733
42630,1.1794281005859375,737.9188606739044
42640,1.179443359375,738.0921878814697
42650,1.179443359375,738.2703857421875
42660,1.1794891357421875,738.5332589149475
42670,1.1794891357421875,738.6635179519653
42680,1.17950439453125,738.8029277324677
42690,1.1795196533203125,739.0208487510681
42700,1.179534912109375,739.2458438873291
42710,1.179534912109375,739.3766169548035
42720,1.1795806884765625,739.5218329429626
42730,1.179595947265625,739.6857218742371
42740,1.179595947265625,739.8394348621368
42750,1.1796112060546875,740.0270988941193
42760,1.1796112060546875,740.1617679595947
42770,1.17962646484375,740.301228761673
42780,1.179656982421875,740.4717659950256
42790,1.1796722412109375,740.6121726036072
42800,1.1796875,740.7759549617767
42810,1.179718017578125,740.9307978153229
42820,1.179718017578125,741.069088935852
42830,1.179718017578125,741.2635426521301
42840,1.17974853515625,741.3971807956696
42850,1.1797637939453125,741.5487806797028
42860,1.1797637939453125,741.7607066631317
42870,1.179779052734375,741.9074156284332
42880,1.1797943115234375,742.0673217773438
42890,1.1797943115234375,742.2168388366699
42900,1.1798248291015625,742.5045037269592
42910,1.179840087890625,742.6322138309479
42920,1.179901123046875,742.8172926902771
42930,1.179901123046875,743.0044898986816
42940,1.179901123046875,743.1859128475189
42950,1.179931640625,743.3882977962494
42960,1.179962158203125,743.5425117015839
42970,1.179962158203125,743.7062249183655
42980,1.179962158203125,743.870139837265
42990,1.17999267578125,744.0420229434967
43000,1.1800079345703125,744.2089037895203
43010,1.180023193359375,744.3737757205963
43020,1.1800384521484375,744.5286939144135
43030,1.1800689697265625,744.7154357433319
43040,1.1800689697265625,744.8851268291473
43050,1.1800994873046875,745.0435347557068
43060,1.1800994873046875,745.2750358581543
43070,1.1800994873046875,745.5494568347931
43080,1.18011474609375,745.7672109603882
43090,1.1801300048828125,745.9394397735596
43100,1.1801300048828125,746.1085319519043
43110,1.180145263671875,746.2740569114685
43120,1.1801605224609375,746.406986951828
43130,1.18017578125,746.5481626987457
43140,1.1801910400390625,746.8298327922821
43150,1.180206298828125,747.1065599918365
43160,1.1802215576171875,747.267541885376
43170,1.1802520751953125,747.4234359264374
43180,1.180267333984375,747.6156837940216
43190,1.1802825927734375,747.7635757923126
43200,1.1802978515625,747.9144587516785
43210,1.1803131103515625,748.0915896892548
43220,1.180328369140625,748.2578706741333
43230,1.18035888671875,748.3997938632965
43240,1.18035888671875,748.5708699226379
43250,1.18035888671875,748.7140369415283
43260,1.1804046630859375,748.8735198974609
43270,1.180419921875,749.0990707874298
43280,1.1804351806640625,749.2313368320465
43290,1.180450439453125,749.4175696372986
43300,1.1804656982421875,749.6390678882599
43310,1.1804656982421875,749.8233966827393
43320,1.180511474609375,749.9729228019714
43330,1.180511474609375,750.1083688735962
43340,1.1805419921875,750.2372915744781
43350,1.1805572509765625,750.4321279525757
43360,1.180572509765625,750.5927817821503
43370,1.180572509765625,750.7544808387756
43380,1.18060302734375,750.966778755188
43390,1.18060302734375,751.0821137428284
43400,1.180633544921875,751.2440958023071
43410,1.1806488037109375,751.3862426280975
43420,1.1806793212890625,751.5488877296448
43430,1.1806793212890625,751.7768177986145
43440,1.1807098388671875,751.9092106819153
43450,1.1807098388671875,752.068018913269
43460,1.1807098388671875,752.2065668106079
43470,1.180755615234375,752.3744497299194
43480,1.1807708740234375,752.5046107769012
43490,1.1807708740234375,752.7105438709259
43500,1.1807861328125,752.8561449050903
43510,1.1808013916015625,753.024652004242
43520,1.1808319091796875,753.2036490440369
43530,1.18084716796875,753.3739037513733
43540,1.18084716796875,753.6516616344452
43550,1.1808624267578125,753.8241317272186
43560,1.1808929443359375,753.980183839798
43570,1.1808929443359375,754.1396627426147
43580,1.1821441650390625,754.3858907222748
43590,1.1821441650390625,754.5707547664642
43600,1.182159423828125,754.8066539764404
43610,1.182159423828125,754.984956741333
43620,1.1821746826171875,755.170423746109
43630,1.1821746826171875,755.4320015907288
43640,1.18218994140625,755.599250793457
43650,1.182220458984375,755.7861199378967
43660,1.1822357177734375,756.0006358623505
43670,1.1822357177734375,756.1664447784424
43680,1.1822509765625,756.3142988681793
43690,1.1822662353515625,756.4733927249908
43700,1.182281494140625,756.6445109844208
43710,1.1822967529296875,756.7970056533813
43720,1.1823272705078125,756.9982357025146
43730,1.1823272705078125,757.1762056350708
43740,1.1823577880859375,757.3846809864044
43750,1.1823577880859375,757.5550737380981
43760,1.182373046875,757.7182478904724
43770,1.182403564453125,757.8971798419952
43780,1.18243408203125,758.070152759552
43790,1.18243408203125,758.2127828598022
43800,1.1824493408203125,758.3896148204803
43810,1.182464599609375,758.5553019046783
43820,1.1824798583984375,758.7166829109192
43830,1.1824951171875,758.8510327339172
43840,1.1824951171875,759.0237827301025
43850,1.1825103759765625,759.1881227493286
43860,1.1825408935546875,759.3682355880737
43870,1.1825408935546875,759.5011577606201
43880,1.18255615234375,759.6514368057251
43890,1.1825714111328125,759.8153648376465
43900,1.1826171875,759.9888119697571
43910,1.1826171875,760.1768848896027
43920,1.182647705078125,760.3395247459412
43930,1.182647705078125,760.481636762619
43940,1.1826629638671875,760.6297936439514
43950,1.1826934814453125,760.7792778015137
43960,1.1826934814453125,760.9596948623657
43970,1.1826934814453125,761.1335847377777
43980,1.1827239990234375,761.3382978439331
43990,1.1827392578125,761.4948208332062
44000,1.1827545166015625,761.6426277160645
44010,1.1827850341796875,761.768082857132
44020,1.1827850341796875,761.9731757640839
44030,1.18280029296875,762.2004816532135
44040,1.1828155517578125,762.3578917980194
44050,1.182830810546875,762.5084307193756
44060,1.182830810546875,762.7269718647003
44070,1.1828460693359375,762.8631818294525
44080,1.1828460693359375,763.027542591095
44090,1.182861328125,763.232106924057
44100,1.182861328125,763.3794627189636
44110,1.1828765869140625,763.5727248191833
44120,1.1829071044921875,763.7664766311646
44130,1.1829376220703125,763.8988997936249
44140,1.1829376220703125,764.0609107017517
44150,1.182952880859375,764.2813677787781
44160,1.1829681396484375,764.4366619586945
44170,1.1829833984375,764.5941777229309
44180,1.1829986572265625,764.7790389060974
44190,1.1830291748046875,764.962474822998
44200,1.1830291748046875,765.1031858921051
44210,1.18304443359375,765.2945249080658
44220,1.1830902099609375,765.4411950111389
44230,1.18310546875,765.5788378715515
44240,1.1831207275390625,765.7353408336639
44250,1.1831512451171875,765.9197368621826
44260,1.1831512451171875,766.0956058502197
44270,1.1831512451171875,766.2769129276276
44280,1.1831817626953125,766.4483137130737
44290,1.1831817626953125,766.6500296592712
44300,1.183197021484375,766.8088319301605
44310,1.1832122802734375,766.9886269569397
44320,1.1832275390625,767.1474287509918
44330,1.1832427978515625,767.3401489257812
44340,1.183258056640625,767.5024847984314
44350,1.183258056640625,767.6515667438507
44360,1.1832733154296875,767.8206157684326
44370,1.1833038330078125,767.9877457618713
44380,1.183319091796875,768.1514358520508
44390,1.183319091796875,768.3087797164917
44400,1.183349609375,768.4638137817383
44410,1.1833648681640625,768.6135396957397
44420,1.1833953857421875,768.7549638748169
44430,1.1834259033203125,768.9036407470703
44440,1.1834259033203125,769.0685458183289
44450,1.1834259033203125,769.2367448806763
44460,1.1834564208984375,769.4268898963928
44470,1.1834564208984375,769.5989317893982
44480,1.1834716796875,769.7611367702484
44490,1.1835174560546875,769.9211988449097
44500,1.1835174560546875,770.0920248031616
44510,1.1835174560546875,770.2397677898407
44520,1.18353271484375,770.3854608535767
44530,1.183563232421875,770.5476408004761
44540,1.183563232421875,770.6991639137268
44550,1.183563232421875,770.824857711792
44560,1.18359375,770.976646900177
44570,1.1836090087890625,771.1291007995605
44580,1.1836090087890625,771.2657527923584
44590,1.1836090087890625,771.4337637424469
44600,1.1836090087890625,771.609002828598
44610,1.183624267578125,771.7895328998566
44620,1.18365478515625,771.9093477725983
44630,1.18365478515625,772.0705027580261
44640,1.18365478515625,772.2458498477936
44650,1.1837005615234375,772.4266917705536
44660,1.1837158203125,772.5989887714386
44670,1.1837158203125,772.7360937595367
44680,1.183746337890625,772.9085087776184
44690,1.183746337890625,773.0822746753693
44700,1.183746337890625,773.2449758052826
44710,1.1837615966796875,773.4536859989166
44720,1.183807373046875,773.6322147846222
44730,1.1838226318359375,773.7856187820435
44740,1.183837890625,773.9496839046478
44750,1.1838531494140625,774.0965027809143
44760,1.1838531494140625,774.2668948173523
44770,1.1838836669921875,774.4411778450012
44780,1.1838836669921875,774.6975049972534
44790,1.18389892578125,774.8522129058838
44800,1.1839141845703125,775.0271217823029
44810,1.183929443359375,775.1978869438171
44820,1.183929443359375,775.3504619598389
44830,1.1839599609375,775.5117237567902
44840,1.1839599609375,775.6904947757721
44850,1.1839752197265625,775.8641076087952
44860,1.18402099609375,776.076281785965
44870,1.18402099609375,776.2841327190399
44880,1.18402099609375,776.4257290363312
44890,1.1840362548828125,776.5746507644653
44900,1.1840667724609375,776.8041467666626
44910,1.1840667724609375,777.0401318073273
44920,1.18408203125,777.2533957958221
44930,1.1840972900390625,777.4617159366608
44940,1.184112548828125,777.6193187236786
44950,1.18414306640625,777.7698769569397
44960,1.18414306640625,777.8920860290527
44970,1.18414306640625,778.0455918312073
44980,1.1842041015625,778.252260684967
44990,1.1842041015625,778.3761918544769
45000,1.1842041015625,778.5387988090515
45010,1.1842193603515625,778.725909948349
45020,1.1842498779296875,778.90079164505
45030,1.18426513671875,779.050400018692
45040,1.1842803955078125,779.1826837062836
45050,1.1842803955078125,779.3459808826447
45060,1.1843109130859375,779.4823348522186
45070,1.184326171875,779.6196677684784
45080,1.1843719482421875,779.8466539382935
45090,1.18438720703125,780.014506816864
45100,1.18438720703125,780.1939828395844
45110,1.18438720703125,780.396146774292
45120,1.1844024658203125,780.5870118141174
45130,1.1844329833984375,780.7479076385498
45140,1.1844329833984375,780.9187636375427
45150,1.1844329833984375,781.1176929473877
45160,1.1844635009765625,781.271369934082
45170,1.184478759765625,781.4473526477814
45180,1.184478759765625,781.6426048278809
45190,1.1844940185546875,781.8061666488647
45200,1.18450927734375,782.0365777015686
45210,1.18450927734375,782.1826009750366
45220,1.1845855712890625,782.3603537082672
45230,1.1845855712890625,782.627831697464
45240,1.1846160888671875,782.7640676498413
45250,1.1846466064453125,782.9936237335205
45260,1.1846466064453125,783.2381176948547
45270,1.1846466064453125,783.4343018531799
45280,1.1846771240234375,783.6060087680817
45290,1.1846923828125,783.8726627826691
45300,1.1846923828125,784.0537807941437
45310,1.1847076416015625,784.2034838199615
45320,1.184722900390625,784.3778109550476
45330,1.184722900390625,784.5409498214722
45340,1.1847686767578125,784.7758347988129
45350,1.1847686767578125,784.916877746582
45360,1.184783935546875,785.0600256919861
45370,1.184814453125,785.2085537910461
45380,1.1848297119140625,785.4530708789825
45390,1.184844970703125,785.6226427555084
45400,1.1848602294921875,785.7850847244263
45410,1.1848602294921875,785.9429178237915
45420,1.18487548828125,786.0752120018005
45430,1.184906005859375,786.2313268184662
45440,1.1849212646484375,786.3795578479767
45450,1.1849517822265625,786.5975878238678
45460,1.1849822998046875,786.782500743866
45470,1.18499755859375,786.9385058879852
45480,1.1850128173828125,787.1333148479462
45490,1.185028076171875,787.3162319660187
45500,1.1850433349609375,787.4507949352264
45510,1.1850433349609375,787.5978167057037
45520,1.185089111328125,787.7841157913208
45530,1.185089111328125,787.959145784378
45540,1.1851043701171875,788.098712682724
45550,1.18511962890625,788.2846398353577
45560,1.18511962890625,788.4779477119446
45570,1.185150146484375,788.673360824585
45580,1.185150146484375,788.8323748111725
45590,1.185150146484375,788.9831585884094
45600,1.185150146484375,789.1586117744446
45610,1.1851806640625,789.283814907074
45620,1.1851959228515625,789.4439518451691
45630,1.1851959228515625,789.5782568454742
45640,1.1851959228515625,789.7400057315826
45650,1.1852264404296875,789.932386636734
45660,1.18524169921875,790.2170648574829
45670,1.18524169921875,790.3699426651001
45680,1.1852569580078125,790.4988307952881
45690,1.185272216796875,790.6552138328552
45700,1.1852874755859375,790.7990999221802
45710,1.1853179931640625,790.961859703064
45720,1.1853485107421875,791.1449627876282
45730,1.1853485107421875,791.3407318592072
45740,1.18536376953125,791.5323729515076
45750,1.18536376953125,791.7362377643585
45760,1.185394287109375,791.9024138450623
45770,1.1854248046875,792.0959889888763
45780,1.1854248046875,792.2679307460785
45790,1.1854248046875,792.4135818481445
45800,1.185455322265625,792.5993967056274
45810,1.185455322265625,792.8587007522583
45820,1.1855010986328125,793.0644009113312
45830,1.185516357421875,793.2407188415527
45840,1.1855316162109375,793.3660397529602
45850,1.1855316162109375,793.51162981987
45860,1.1855621337890625,793.6973538398743
45870,1.185577392578125,793.8431797027588
45880,1.185577392578125,794.0454747676849
45890,1.1855926513671875,794.1965687274933
45900,1.1855926513671875,794.4062578678131
45910,1.18560791015625,794.6573786735535
45920,1.185638427734375,794.8048877716064
45930,1.1856536865234375,794.9437346458435
45940,1.1856689453125,795.0769827365875
45950,1.185699462890625,795.2943959236145
45960,1.185699462890625,795.4747409820557
45970,1.1857147216796875,795.6796197891235
45980,1.185760498046875,795.8572447299957
45990,1.185760498046875,796.0813567638397
46000,1.185760498046875,796.2254438400269
46010,1.1857757568359375,796.3792588710785
46020,1.1858062744140625,796.5600309371948
46030,1.1858062744140625,796.753851890564
46040,1.185821533203125,796.938405752182
46050,1.185821533203125,797.1752698421478
46060,1.18585205078125,797.3804988861084
46070,1.185882568359375,797.5153617858887
46080,1.185882568359375,797.656457901001
46090,1.185882568359375,797.8138868808746
46100,1.1858978271484375,797.9806258678436
46110,1.1859130859375,798.1724286079407
46120,1.1859130859375,798.3019688129425
46130,1.185943603515625,798.4521918296814
46140,1.185943603515625,798.5979697704315
46150,1.185943603515625,798.7854809761047
46160,1.18597412109375,799.0425999164581
46170,1.1859893798828125,799.1851217746735
46180,1.1859893798828125,799.3575067520142
46190,1.1860198974609375,799.5109896659851
46200,1.18603515625,799.6346559524536
46210,1.1860504150390625,799.8010458946228
46220,1.1860809326171875,799.9660956859589
46230,1.1860809326171875,800.1984658241272
46240,1.18609619140625,800.3834249973297
46250,1.186126708984375,800.5331168174744
46260,1.186126708984375,800.6546387672424
46270,1.186126708984375,800.8424010276794
46280,1.1861419677734375,800.9930768013
46290,1.1861724853515625,801.1518478393555
46300,1.186187744140625,801.3550758361816
46310,1.18621826171875,801.5537588596344
46320,1.18621826171875,801.7877187728882
46330,1.1862335205078125,801.9317519664764
46340,1.1862640380859375,802.0749397277832
46350,1.1862640380859375,802.2161207199097
46360,1.1862640380859375,802.4120597839355
46370,1.1862945556640625,802.5669448375702
46380,1.186309814453125,802.7357168197632
46390,1.186309814453125,802.8906517028809
46400,1.1863250732421875,803.0330018997192
46410,1.18634033203125,803.1703958511353
46420,1.1863555908203125,803.3495948314667
46430,1.1864013671875,803.4931437969208
46440,1.1864166259765625,803.6840546131134
46450,1.1864166259765625,803.8539397716522
46460,1.186431884765625,803.9877686500549
46470,1.1864471435546875,804.1304409503937
46480,1.18646240234375,804.3028798103333
46490,1.1864776611328125,804.4796097278595
46500,1.1864776611328125,804.6319580078125
46510,1.1865081787109375,804.7808268070221
46520,1.1865081787109375,804.9399888515472
46530,1.1865234375,805.1142408847809
46540,1.1865234375,805.3176786899567
46550,1.186553955078125,805.4576127529144
46560,1.18658447265625,805.5987918376923
46570,1.18658447265625,805.7719397544861
46580,1.18658447265625,805.9205958843231
46590,1.1865997314453125,806.0920987129211
46600,1.186614990234375,806.2559769153595
46610,1.186614990234375,806.4316558837891
46620,1.1866302490234375,806.5786938667297
46630,1.1866455078125,806.7083828449249
46640,1.1866607666015625,806.8950610160828
46650,1.186676025390625,807.0930607318878
46660,1.186676025390625,807.2892808914185
46670,1.18670654296875,807.4372169971466
46680,1.186737060546875,807.6327049732208
46690,1.186737060546875,807.7932386398315
46700,1.1867523193359375,807.9253318309784
46710,1.186767578125,808.1845798492432
46720,1.1867828369140625,808.3119099140167
46730,1.186798095703125,808.448579788208
46740,1.1868133544921875,808.5945098400116
46750,1.18682861328125,808.7427840232849
46760,1.1868438720703125,808.946989774704
46770,1.188079833984375,809.1543669700623
46780,1.1880950927734375,809.2825417518616
46790,1.1881103515625,809.4316618442535
46800,1.188140869140625,809.5834918022156
46810,1.1881561279296875,809.7162108421326
46820,1.1881561279296875,809.8802030086517
46830,1.1881866455078125,810.0865569114685
46840,1.1881866455078125,810.222198009491
46850,1.1881866455078125,810.3484909534454
46860,1.188232421875,810.5173397064209
46870,1.188232421875,810.6950709819794
46880,1.188232421875,810.8155288696289
46890,1.1882476806640625,810.9865107536316
46900,1.188262939453125,811.1441259384155
46910,1.1882781982421875,811.2883887290955
46920,1.1883087158203125,811.4606337547302
46930,1.188323974609375,811.6065657138824
46940,1.188323974609375,811.7572968006134
46950,1.1883697509765625,811.9199857711792
46960,1.188385009765625,812.1025168895721
46970,1.188385009765625,812.2894418239594
46980,1.1884002685546875,812.464677810669
46990,1.18841552734375,812.7035927772522
47000,1.1884307861328125,812.8532998561859
47010,1.188446044921875,812.9869627952576
47020,1.1884613037109375,813.286233663559
47030,1.1884613037109375,813.4732496738434
47040,1.188507080078125,813.7163419723511
47050,1.18853759765625,813.9343726634979
47060,1.18853759765625,814.089451789856
47070,1.1885528564453125,814.2508699893951
47080,1.1885528564453125,814.4296638965607
47090,1.1885833740234375,814.6170077323914
47100,1.1885833740234375,814.802277803421
47110,1.1885986328125,814.918595790863
47120,1.1885986328125,815.0767228603363
47130,1.1886138916015625,815.2197496891022
47140,1.188629150390625,815.3764216899872
47150,1.188629150390625,815.5041699409485
47160,1.1886749267578125,815.6573297977448
47170,1.1886749267578125,815.8891956806183
47180,1.1886749267578125,816.0914018154144
47190,1.1887054443359375,816.2352108955383
47200,1.1887054443359375,816.3883368968964
47210,1.188720703125,816.5569257736206
47220,1.18878173828125,816.7154009342194
47230,1.18878173828125,816.9227747917175
47240,1.18878173828125,817.0920009613037
47250,1.1888275146484375,817.2787997722626
47260,1.1888580322265625,817.4730377197266
47270,1.1888580322265625,817.6565268039703
47280,1.18890380859375,817.8330569267273
47290,1.18890380859375,817.9842357635498
47300,1.18890380859375,818.1177909374237
47310,1.188934326171875,818.248108625412
47320,1.1889495849609375,818.4779436588287
47330,1.1889495849609375,818.6476738452911
47340,1.18896484375,818.8000028133392
47350,1.1889801025390625,818.9766688346863
47360,1.188995361328125,819.123373746872
47370,1.1890106201171875,819.2678027153015
47380,1.1890106201171875,819.4060297012329
47390,1.18902587890625,819.544821023941
47400,1.1890716552734375,819.69748878479
47410,1.1890869140625,819.8336398601532
47420,1.1891021728515625,819.9588599205017
47430,1.18914794921875,820.1607978343964
47440,1.18914794921875,820.3609616756439
47450,1.1891632080078125,820.5190787315369
47460,1.189178466796875,820.6885130405426
47470,1.1891937255859375,820.8951239585876
47480,1.1891937255859375,821.0632379055023
47490,1.189208984375,821.2357318401337
47500,1.1892242431640625,821.3650608062744
47510,1.189239501953125,821.5511608123779
47520,1.1892547607421875,821.6889877319336
47530,1.18927001953125,821.8809058666229
47540,1.18927001953125,822.0500538349152
47550,1.1893157958984375,822.207347869873
47560,1.1893157958984375,822.3834519386292
47570,1.1893310546875,822.5527696609497
47580,1.1893310546875,822.8074188232422
47590,1.1893463134765625,822.9872887134552
47600,1.189361572265625,823.1793169975281
47610,1.189361572265625,823.3596386909485
47620,1.189361572265625,823.4941649436951
47630,1.1893768310546875,823.6225118637085
47640,1.18939208984375,823.7620799541473
47650,1.189422607421875,823.9454278945923
47660,1.189422607421875,824.0885708332062
47670,1.1894378662109375,824.262218952179
47680,1.1894683837890625,824.4916496276855
47690,1.1894683837890625,824.6765468120575
47700,1.1894683837890625,824.9099426269531
47710,1.1894989013671875,825.0746338367462
47720,1.189544677734375,825.2730569839478
47730,1.189544677734375,825.4222609996796
47740,1.1895599365234375,825.5651090145111
47750,1.1895751953125,825.7466349601746
47760,1.1895904541015625,825.892157793045
47770,1.1896209716796875,826.0942978858948
47780,1.18963623046875,826.3269307613373
47790,1.18963623046875,826.519229888916
47800,1.1896514892578125,826.6889069080353
47810,1.189666748046875,826.8062720298767
47820,1.1896820068359375,826.9524297714233
47830,1.189697265625,827.1140327453613
47840,1.1897125244140625,827.322479724884
47850,1.189727783203125,827.4748108386993
47860,1.1897430419921875,827.6540718078613
47870,1.1897430419921875,827.8011116981506
47880,1.18975830078125,827.9194338321686
47890,1.189788818359375,828.0713889598846
47900,1.1898040771484375,828.2401957511902
47910,1.1898040771484375,828.3952867984772
47920,1.1898345947265625,828.5130889415741
47930,1.189849853515625,828.6711637973785
47940,1.189849853515625,828.8430118560791
47950,1.18988037109375,828.9748449325562
47960,1.18988037109375,829.1192088127136
47970,1.1898956298828125,829.3009006977081
47980,1.18994140625,829.4803829193115
47990,1.18994140625,829.6531310081482
48000,1.18994140625,829.8191769123077
48010,1.19000244140625,829.9982597827911
48020,1.1900177001953125,830.1315968036652
48030,1.1900177001953125,830.2812128067017
48040,1.190032958984375,830.4483637809753
48050,1.1900482177734375,830.6254489421844
48060,1.1900482177734375,830.783588886261
48070,1.1900787353515625,830.9394989013672
48080,1.190093994140625,831.0807375907898
48090,1.190093994140625,831.2292537689209
48100,1.190093994140625,831.380292892456
48110,1.1901092529296875,831.6139090061188
48120,1.19012451171875,831.7890486717224
48130,1.1901397705078125,831.9406399726868
48140,1.1901397705078125,832.1049118041992
48150,1.190155029296875,832.2771117687225
48160,1.1901702880859375,832.5142269134521
48170,1.190185546875,832.7850906848907
48180,1.190185546875,833.0265378952026
48190,1.1902008056640625,833.1877346038818
48200,1.1902008056640625,833.4177157878876
48210,1.1902313232421875,833.5788269042969
48220,1.1902618408203125,833.7531228065491
48230,1.1902618408203125,833.8775019645691
48240,1.1902618408203125,834.047623872757
48250,1.1903228759765625,834.2604186534882
48260,1.1903228759765625,834.461838722229
48270,1.190338134765625,834.592102766037
48280,1.1903533935546875,834.7644159793854
48290,1.1903839111328125,834.9130020141602
48300,1.1903839111328125,835.0571236610413
48310,1.190399169921875,835.2599277496338
48320,1.1904144287109375,835.408264875412
48330,1.1904144287109375,835.5756168365479
48340,1.1904449462890625,835.7276239395142
48350,1.1904449462890625,836.0038168430328
48360,1.1904754638671875,836.1620910167694
48370,1.19049072265625,836.2947738170624
48380,1.1905059814453125,836.4395866394043
48390,1.1905364990234375,836.6377449035645
48400,1.1905517578125,836.7574808597565
48410,1.1905517578125,836.8912827968597
48420,1.1905517578125,837.0859398841858
48430,1.1905975341796875,837.2176430225372
48440,1.19061279296875,837.3784487247467
48450,1.19061279296875,837.5320148468018
48460,1.1906280517578125,837.7626748085022
48470,1.1906585693359375,837.9462289810181
48480,1.1906585693359375,838.1141338348389
48490,1.190673828125,838.2786889076233
48500,1.1906890869140625,838.5142478942871
48510,1.1906890869140625,838.6843638420105
48520,1.19073486328125,838.851057767868
48530,1.1907501220703125,839.0286548137665
48540,1.1907501220703125,839.2156705856323
48550,1.190765380859375,839.3794207572937
48560,1.1907806396484375,839.5374929904938
48570,1.1907806396484375,839.7155437469482
48580,1.1907958984375,839.8655359745026
48590,1.1907958984375,840.0419528484344
48600,1.1908111572265625,840.2215917110443
48610,1.190826416015625,840.3849437236786
48620,1.1908416748046875,840.5000298023224
48630,1.1908416748046875,840.6558609008789
48640,1.19085693359375,840.7968218326569
48650,1.190887451171875,840.9410197734833
48660,1.190887451171875,841.1066048145294
48670,1.190887451171875,841.2350697517395
48680,1.1909027099609375,841.3854899406433
48690,1.1909332275390625,841.5761349201202
48700,1.1909332275390625,841.7554287910461
48710,1.190948486328125,841.9267568588257
48720,1.1909637451171875,842.0937757492065
48730,1.1909942626953125,842.2387928962708
48740,1.1910247802734375,842.4106109142303
48750,1.1910247802734375,842.5570178031921
48760,1.1910247802734375,842.7202708721161
48770,1.191070556640625,842.9009437561035
48780,1.191070556640625,843.0501737594604
48790,1.191070556640625,843.2101340293884
48800,1.1910858154296875,843.4357438087463
48810,1.1911163330078125,843.614896774292
48820,1.1911163330078125,843.8985967636108
48830,1.1911468505859375,844.0895328521729
48840,1.1911468505859375,844.2510118484497
48850,1.1911468505859375,844.4067809581757
48860,1.1912078857421875,844.5678718090057
48870,1.1912078857421875,844.7557566165924
48880,1.1912078857421875,844.9271287918091
48890,1.19122314453125,845.092563867569
48900,1.191253662109375,845.2563886642456
48910,1.191253662109375,845.4144797325134
48920,1.1912689208984375,845.5957276821136
48930,1.1912994384765625,845.749345779419
48940,1.191314697265625,845.936589717865
48950,1.1913299560546875,846.1156799793243
48960,1.1913299560546875,846.2568337917328
48970,1.1913299560546875,846.4255449771881
48980,1.191375732421875,846.5667757987976
48990,1.1913909912109375,846.7037577629089
49000,1.1913909912109375,846.8401098251343
49010,1.1914215087890625,847.0211567878723
49020,1.191436767578125,847.1550807952881
49030,1.191436767578125,847.3178570270538
49040,1.1914520263671875,847.467013835907
49050,1.1914520263671875,847.6166658401489
49060,1.19146728515625,847.7867646217346
49070,1.191497802734375,847.9306869506836
49080,1.191497802734375,848.1112968921661
49090,1.1915130615234375,848.2888576984406
49100,1.1915130615234375,848.4160876274109
49110,1.1915283203125,848.5619359016418
49120,1.1915283203125,848.7405676841736
49130,1.1915435791015625,848.9054737091064
49140,1.191558837890625,849.0860698223114
49150,1.1915740966796875,849.3565676212311
49160,1.1916046142578125,849.4972398281097
49170,1.1916046142578125,849.660760641098
49180,1.191619873046875,849.7924826145172
49190,1.191650390625,849.9412169456482
49200,1.191650390625,850.0936017036438
49210,1.191650390625,850.2415618896484
49220,1.19171142578125,850.4055817127228
49230,1.191741943359375,850.5681228637695
49240,1.191741943359375,850.7427966594696
49250,1.1917572021484375,850.873085975647
49260,1.1917877197265625,851.0642907619476
49270,1.191802978515625,851.2027509212494
49280,1.19183349609375,851.3988237380981
49290,1.19183349609375,851.5538997650146
49300,1.1918487548828125,851.723466873169
49310,1.19189453125,851.8579268455505
49320,1.19189453125,852.0036969184875
49330,1.19189453125,852.1763997077942
49340,1.191925048828125,852.3275997638702
49350,1.19195556640625,852.493766784668
49360,1.19195556640625,852.6238079071045
49370,1.191986083984375,852.7643127441406
49380,1.1920013427734375,852.9152739048004
49390,1.1920013427734375,853.0651829242706
49400,1.1920166015625,853.2870128154755
49410,1.1920318603515625,853.4718017578125
49420,1.192047119140625,853.657791852951
49430,1.19207763671875,853.84370470047
49440,1.19207763671875,854.0160126686096
49450,1.19207763671875,854.1620178222656
49460,1.1921234130859375,854.4186587333679
49470,1.1921539306640625,854.6331589221954
49480,1.1921539306640625,854.8062427043915
49490,1.192169189453125,854.9610576629639
49500,1.1921844482421875,855.1280188560486
49510,1.19219970703125,855.2867298126221
49520,1.19219970703125,855.4432146549225
49530,1.1922149658203125,855.6061277389526
49540,1.192230224609375,855.7793657779694
49550,1.192230224609375,855.9262657165527
49560,1.1922607421875,856.1678199768066
49570,1.1922760009765625,856.3283746242523
49580,1.1922760009765625,856.4614589214325
49590,1.1922760009765625,856.6310830116272
49600,1.1923065185546875,856.8063578605652
49610,1.19232177734375,856.9761037826538
49620,1.192352294921875,857.1757109165192
49630,1.1923675537109375,857.3174269199371
49640,1.1923675537109375,857.5201818943024
49650,1.1923828125,857.7013118267059
49660,1.1923980712890625,857.8601558208466
49670,1.192413330078125,858.1013739109039
49680,1.1924285888671875,858.293182849884
49690,1.1924285888671875,858.5033488273621
49700,1.19244384765625,858.8183586597443
49710,1.1924896240234375,858.9999618530273
49720,1.1924896240234375,859.2229218482971
49730,1.1925201416015625,859.407363653183
49740,1.192535400390625,859.5812468528748
49750,1.19256591796875,859.705778837204
49760,1.19256591796875,859.865553855896
49770,1.1925811767578125,860.0946140289307
49780,1.192596435546875,860.2353389263153
49790,1.1926116943359375,860.4452149868011
49800,1.192626953125,860.6125419139862
49810,1.192626953125,860.7713437080383
49820,1.1926422119140625,860.9646730422974
49830,1.1926727294921875,861.1215317249298
49840,1.1926727294921875,861.2996227741241
49850,1.19268798828125,861.4578378200531
49860,1.1927032470703125,861.723541021347
49870,1.192718505859375,861.932621717453
49880,1.192718505859375,862.0870289802551
49890,1.1927490234375,862.2541558742523
49900,1.1927642822265625,862.4498338699341
49910,1.1927642822265625,862.6847968101501
49920,1.1927947998046875,862.8769197463989
49930,1.1928253173828125,863.0152099132538
49940,1.1928253173828125,863.1682357788086
49950,1.19287109375,863.3591878414154
49960,1.1928863525390625,863.6094048023224
49970,1.1928863525390625,863.7713937759399
49980,1.192901611328125,863.9127707481384
49990,1.192901611328125,864.1219389438629
50000,1.1929168701171875,864.2644848823547
50010,1.1929473876953125,864.45689702034
50020,1.1929473876953125,864.6338176727295
50030,1.1929473876953125,864.7605466842651
50040,1.1929779052734375,864.9452588558197
50050,1.1929779052734375,865.1291148662567
50060,1.1929931640625,865.3418438434601
50070,1.193023681640625,865.5272068977356
50080,1.1930389404296875,865.7136509418488
50090,1.1930389404296875,865.8644857406616
50100,1.19305419921875,866.0405519008636
50110,1.19305419921875,866.2154428958893
50120,1.1930694580078125,866.3706686496735
50130,1.1930694580078125,866.5327899456024
50140,1.193084716796875,866.8203167915344
50150,1.193084716796875,867.0584089756012
50160,1.193115234375,867.2290019989014
50170,1.193115234375,867.3924977779388
50180,1.1931304931640625,867.5371778011322
50190,1.193145751953125,867.6901118755341
50200,1.19317626953125,867.8668296337128
50210,1.193206787109375,868.051543712616
50220,1.1932220458984375,868.216760635376
50230,1.1932373046875,868.3746807575226
50240,1.1932525634765625,868.5436379909515
50250,1.193267822265625,868.733229637146
50260,1.1932830810546875,868.8878707885742
50270,1.1932830810546875,869.0602769851685
50280,1.1933135986328125,869.2771327495575
50290,1.1933135986328125,869.5163099765778
50300,1.1933135986328125,869.7206747531891
50310,1.1933441162109375,869.9034628868103
50320,1.1933746337890625,870.0569396018982
50330,1.193389892578125,870.2600629329681
50340,1.1934051513671875,870.3978729248047
50350,1.19342041015625,870.538932800293
50360,1.19342041015625,870.6976387500763
50370,1.193450927734375,870.8669476509094
50380,1.1934661865234375,871.0115756988525
50390,1.1934661865234375,871.2047848701477
50400,1.1934814453125,871.340886592865
50410,1.1934967041015625,871.4642548561096
50420,1.193511962890625,871.6086447238922
50430,1.1935272216796875,871.7742006778717
50440,1.1935577392578125,871.9544546604156
50450,1.193572998046875,872.1046898365021
50460,1.1935882568359375,872.2399778366089
50470,1.193603515625,872.4150178432465
50480,1.193603515625,872.5729937553406
50490,1.1936187744140625,872.7490587234497
50500,1.1936492919921875,872.933956861496
50510,1.1936492919921875,873.1022188663483
50520,1.19366455078125,873.2537198066711
50530,1.1937103271484375,873.4668457508087
50540,1.1937103271484375,873.6041457653046
50550,1.1937255859375,873.7753777503967
50560,1.193756103515625,873.9525837898254
50570,1.1937713623046875,874.2219038009644
50580,1.19378662109375,874.426736831665
50590,1.19378662109375,874.5622389316559
50600,1.19378662109375,874.7033977508545
50610,1.1938018798828125,874.9302687644958
50620,1.1938018798828125,875.1014447212219
50630,1.193817138671875,875.260913848877
50640,1.193817138671875,875.3835248947144
50650,1.1938323974609375,875.5745947360992
50660,1.193878173828125,875.7156898975372
50670,1.1938934326171875,875.8800749778748
50680,1.1939239501953125,876.0358736515045
50690,1.1939544677734375,876.176513671875
50700,1.1939544677734375,876.3371436595917
50710,1.1939849853515625,876.5660150051117
50720,1.1939849853515625,876.7407057285309
50730,1.1940155029296875,876.9046268463135
50740,1.19403076171875,877.0827188491821
50750,1.19403076171875,877.2599217891693
50760,1.1940460205078125,877.4023747444153
50770,1.1940765380859375,877.5833826065063
50780,1.1940765380859375,877.7846038341522
50790,1.1940765380859375,877.9224288463593
50800,1.194122314453125,878.0921490192413
50810,1.194122314453125,878.2610659599304
50820,1.1941375732421875,878.4368577003479
50830,1.19415283203125,878.5843427181244
50840,1.1941680908203125,878.7546360492706
50850,1.1941680908203125,878.9048819541931
50860,1.1941986083984375,879.0551497936249
50870,1.1941986083984375,879.2177667617798
50880,1.1942138671875,879.4084048271179
50890,1.1942291259765625,879.6265769004822
50900,1.1942596435546875,879.7714738845825
50910,1.19427490234375,879.9332768917084
50920,1.21014404296875,880.3160939216614
50930,1.210174560546875,880.4699006080627
50940,1.2101898193359375,880.6374578475952
50950,1.210205078125,880.8568067550659
50960,1.2102203369140625,881.1445739269257
50970,1.2102203369140625,881.2961280345917
50980,1.2102508544921875,881.4432108402252
50990,1.2102508544921875,881.5756597518921
51000,1.21026611328125,881.7500767707825
51010,1.2102813720703125,881.8971667289734
51020,1.2102813720703125,882.0933368206024
51030,1.2103118896484375,882.304557800293
51040,1.2103424072265625,882.4311647415161
51050,1.2103424072265625,882.5954427719116
51060,1.2103424072265625,882.7179317474365
51070,1.21038818359375,882.8873720169067
51080,1.21038818359375,883.0359077453613
51090,1.21038818359375,883.185136795044
51100,1.21038818359375,883.3340647220612
51110,1.21038818359375,883.5122697353363
51120,1.2104339599609375,883.6514687538147
51130,1.2104339599609375,883.8216328620911
51140,1.2104339599609375,883.9949297904968
51150,1.2104339599609375,884.1845870018005
51160,1.2104644775390625,884.3482890129089
51170,1.2104949951171875,884.471816778183
51180,1.2104949951171875,884.663676738739
51190,1.2104949951171875,884.7944808006287
51200,1.210540771484375,884.9623317718506
51210,1.2105560302734375,885.2548129558563
51220,1.2105712890625,885.4129507541656
51230,1.210601806640625,885.5333969593048
51240,1.210601806640625,885.6955578327179
51250,1.21063232421875,885.867378950119
51260,1.21063232421875,886.0398597717285
51270,1.21063232421875,886.191056728363
51280,1.210662841796875,886.3588726520538
51290,1.2106781005859375,886.528021812439
51300,1.210693359375,886.6994397640228
51310,1.210723876953125,886.8535668849945
51320,1.210723876953125,887.0476706027985
51330,1.210723876953125,887.1829688549042
51340,1.21075439453125,887.3631737232208
51350,1.2107696533203125,887.5279908180237
51360,1.210784912109375,887.7085597515106
51370,1.2108001708984375,887.8714129924774
51380,1.2108154296875,888.016411781311
51390,1.2108306884765625,888.2186858654022
51400,1.210845947265625,888.3722867965698
51410,1.21087646484375,888.5066328048706
51420,1.21087646484375,888.6871747970581
51430,1.2109222412109375,888.8122837543488
51440,1.2109375,889.01256275177
51450,1.2109375,889.175498008728
51460,1.2109527587890625,889.3084468841553
51470,1.2109832763671875,889.4230337142944
51480,1.2109832763671875,889.5873589515686
51490,1.2109832763671875,889.7365109920502
51500,1.2110137939453125,889.9163198471069
51510,1.211029052734375,890.0490708351135
51520,1.2110443115234375,890.2071568965912
51530,1.2110748291015625,890.3733987808228
51540,1.211090087890625,890.5146067142487
51550,1.211090087890625,890.703097820282
51560,1.2111053466796875,890.8534159660339
51570,1.2111053466796875,890.9870648384094
51580,1.2111358642578125,891.1809599399567
51590,1.211151123046875,891.405651807785
51600,1.211151123046875,891.5348958969116
51610,1.211151123046875,891.7051517963409
51620,1.211181640625,891.9054787158966
51630,1.211181640625,892.0752127170563
51640,1.211181640625,892.2319447994232
51650,1.211212158203125,892.3824436664581
51660,1.2112274169921875,892.5276029109955
51670,1.21124267578125,892.7528309822083
51680,1.211273193359375,892.8921616077423
51690,1.211273193359375,893.0502347946167
51700,1.2112884521484375,893.1612038612366
51710,1.2113037109375,893.3265118598938
51720,1.2113037109375,893.4919347763062
51730,1.211334228515625,893.62313580513
51740,1.21136474609375,893.764705657959
51750,1.21136474609375,894.0231738090515
51760,1.21136474609375,894.175764799118
51770,1.2114105224609375,894.3732447624207
51780,1.21142578125,894.5102987289429
51790,1.21142578125,894.6643776893616
51800,1.2114410400390625,894.8301417827606
51810,1.21148681640625,894.9770097732544
51820,1.211517333984375,895.1593768596649
51830,1.211517333984375,895.3386118412018
51840,1.211517333984375,895.4755017757416
51850,1.2115478515625,895.644957780838
51860,1.2115631103515625,895.7662909030914
51870,1.2115631103515625,895.9392168521881
51880,1.211578369140625,896.0764889717102
51890,1.2116241455078125,896.3025867938995
51900,1.211639404296875,896.4775817394257
51910,1.211639404296875,896.6075167655945
51920,1.2116546630859375,896.7713279724121
51930,1.2122955322265625,896.9555478096008
51940,1.2122955322265625,897.0900349617004
51950,1.212310791015625,897.2868838310242
51960,1.2123260498046875,897.4748706817627
51970,1.21234130859375,897.6123657226562
51980,1.2123565673828125,897.8130798339844
51990,1.2123565673828125,898.0466668605804
52000,1.212371826171875,898.2744970321655
52010,1.21240234375,898.5014536380768
52020,1.2124176025390625,898.6757898330688
52030,1.2124176025390625,898.9097318649292
52040,1.212432861328125,899.0681307315826
52050,1.2124481201171875,899.2547378540039
52060,1.2124786376953125,899.4263107776642
52070,1.212493896484375,899.6722166538239
52080,1.212493896484375,899.8152878284454
52090,1.2125091552734375,899.957820892334
52100,1.2125091552734375,900.1464998722076
52110,1.2125244140625,900.2866578102112
52120,1.2125396728515625,900.4794187545776
52130,1.2125396728515625,900.7706208229065
52140,1.212554931640625,900.9106576442719
52150,1.2125701904296875,901.0819976329803
52160,1.2126007080078125,901.2691457271576
52170,1.2126007080078125,901.4992277622223
52180,1.2126007080078125,901.662273645401
52190,1.2126007080078125,901.8017289638519
52200,1.212646484375,901.993782043457
52210,1.212646484375,902.121839761734
52220,1.212646484375,902.2854237556458
52230,1.2126922607421875,902.5257389545441
52240,1.21270751953125,902.6823527812958
52250,1.21270751953125,902.8896787166595
52260,1.2127532958984375,903.0594818592072
52270,1.2127685546875,903.2169179916382
52280,1.2127685546875,903.4028129577637
52290,1.212799072265625,903.5792498588562
52300,1.212799072265625,903.7140917778015
52310,1.2128143310546875,903.9667618274689
52320,1.212860107421875,904.1767928600311
52330,1.212860107421875,904.3342688083649
52340,1.2128753662109375,904.4710259437561
52350,1.212890625,904.5989158153534
52360,1.2129058837890625,904.7210969924927
52370,1.2129058837890625,904.918566942215
52380,1.21295166015625,905.1528346538544
52390,1.2129669189453125,905.3203458786011
52400,1.2129669189453125,905.4821209907532
52410,1.212982177734375,905.7363338470459
52420,1.212982177734375,905.9193289279938
52430,1.2129974365234375,906.1124618053436
52440,1.2130279541015625,906.2672169208527
52450,1.2130584716796875,906.406261920929
52460,1.2130584716796875,906.5548396110535
52470,1.21307373046875,906.725329875946
52480,1.21307373046875,906.8962898254395
52490,1.2130889892578125,907.0527057647705
52500,1.213134765625,907.276743888855
52510,1.213134765625,907.4149198532104
52520,1.213134765625,907.5630238056183
52530,1.213165283203125,907.7159476280212
52540,1.2131805419921875,907.8704187870026
52550,1.2131805419921875,908.0274438858032
52560,1.2132110595703125,908.1430389881134
52570,1.2132110595703125,908.3417768478394
52580,1.2132110595703125,908.5691246986389
52590,1.213226318359375,908.7676959037781
52600,1.213226318359375,908.959659576416
52610,1.213226318359375,909.1197466850281
52620,1.213287353515625,909.2774147987366
52630,1.213287353515625,909.462887763977
52640,1.2133026123046875,909.6678237915039
52650,1.21331787109375,909.8592398166656
52660,1.2133331298828125,910.0940437316895
52670,1.2133331298828125,910.2270157337189
52680,1.213348388671875,910.4170989990234
52690,1.21337890625,910.5966057777405
52700,1.21337890625,910.7266528606415
52710,1.213409423828125,910.9031767845154
52720,1.213409423828125,911.069239616394
52730,1.2134246826171875,911.2115099430084
52740,1.2134552001953125,911.3808648586273
52750,1.2134552001953125,911.5407807826996
52760,1.2134552001953125,911.7066240310669
52770,1.2135009765625,911.862117767334
52780,1.2135009765625,912.0640666484833
52790,1.2135009765625,912.2431869506836
52800,1.2135162353515625,912.4293959140778
52810,1.213531494140625,912.5887217521667
52820,1.2135467529296875,912.725668668747
52830,1.21356201171875,912.8966908454895
52840,1.21356201171875,913.0525939464569
52850,1.2135772705078125,913.2751066684723
52860,1.213623046875,913.4768807888031
52870,1.213623046875,913.6154217720032
52880,1.213623046875,913.8007369041443
52890,1.213653564453125,913.9454929828644
52900,1.2136688232421875,914.1301686763763
52910,1.2136688232421875,914.2891237735748
52920,1.21368408203125,914.422798871994
52930,1.2136993408203125,914.5530140399933
52940,1.2137298583984375,914.7841498851776
52950,1.2137451171875,914.9545328617096
52960,1.2137603759765625,915.1052508354187
52970,1.2137603759765625,915.2562408447266
52980,1.21380615234375,915.4389660358429
52990,1.2138214111328125,915.5763077735901
53000,1.2138214111328125,915.7385838031769
53010,1.2138519287109375,915.9257657527924
53020,1.2138519287109375,916.1070399284363
53030,1.2138519287109375,916.2675547599792
53040,1.213897705078125,916.4403839111328
53050,1.213897705078125,916.6169836521149
53060,1.213897705078125,916.7748408317566
53070,1.2139129638671875,916.9186317920685
53080,1.2139434814453125,917.0965960025787
53090,1.213958740234375,917.2420496940613
53100,1.213958740234375,917.4133858680725
53110,1.2139739990234375,917.5508148670197
53120,1.2139739990234375,917.7048518657684
53130,1.2140045166015625,917.8860490322113
53140,1.214019775390625,918.0326337814331
53150,1.2140350341796875,918.2513988018036
53160,1.2140350341796875,918.4065208435059
53170,1.2140655517578125,918.615514755249
53180,1.2140960693359375,918.7766289710999
53190,1.2140960693359375,918.9105746746063
53200,1.214111328125,919.0742106437683
53210,1.214141845703125,919.2510569095612
53220,1.214141845703125,919.4225506782532
53230,1.2141876220703125,919.577508687973
53240,1.2141876220703125,919.7340836524963
53250,1.2142181396484375,919.8944509029388
53260,1.2142486572265625,920.0361168384552
53270,1.2142486572265625,920.1809289455414
53280,1.214263916015625,920.3728787899017
53290,1.2142791748046875,920.5362818241119
53300,1.21429443359375,920.6973378658295
53310,1.21429443359375,920.8417479991913
53320,1.2143096923828125,921.0528838634491
53330,1.214324951171875,921.1820588111877
53340,1.2143402099609375,921.3482768535614
53350,1.2143707275390625,921.4753267765045
53360,1.2143707275390625,921.6339967250824
53370,1.214385986328125,921.8126268386841
53380,1.21441650390625,922.0022468566895
53390,1.21441650390625,922.2084496021271
53400,1.2144317626953125,922.3982238769531
53410,1.2144775390625,922.5760447978973
53420,1.2144927978515625,922.7164268493652
53430,1.2144927978515625,922.8410167694092
53440,1.21453857421875,922.983571767807
53450,1.21453857421875,923.156792640686
53460,1.2145538330078125,923.359258890152
53470,1.2145843505859375,923.5066349506378
53480,1.214599609375,923.630316734314
53490,1.214599609375,923.7974648475647
53500,1.2146148681640625,923.9157328605652
53510,1.21466064453125,924.1358938217163
53520,1.21466064453125,924.3024728298187
53530,1.2146759033203125,924.4751408100128
53540,1.2146759033203125,924.6801187992096
53550,1.214691162109375,924.8597519397736
53560,1.2147369384765625,925.0389986038208
53570,1.2147369384765625,925.2083067893982
53580,1.2147369384765625,925.3558387756348
53590,1.214752197265625,925.5144588947296
53600,1.2147674560546875,925.6753838062286
53610,1.2147674560546875,925.8360738754272
53620,1.21478271484375,926.0338287353516
53630,1.2147979736328125,926.2268106937408
53640,1.2147979736328125,926.4268727302551
53650,1.2148284912109375,926.593772649765
53660,1.2148284912109375,926.7732698917389
53670,1.21484375,926.9614667892456
53680,1.2148590087890625,927.1679339408875
53690,1.2148590087890625,927.3435258865356
53700,1.2148895263671875,927.5057888031006
53710,1.21490478515625,927.6374487876892
53720,1.214935302734375,927.8106558322906
53730,1.2149505615234375,927.9633798599243
53740,1.214996337890625,928.1099047660828
53750,1.214996337890625,928.2551338672638
53760,1.214996337890625,928.4134736061096
53770,1.21502685546875,928.6205019950867
53780,1.2150421142578125,928.7873659133911
53790,1.2150421142578125,929.0074727535248
53800,1.2150726318359375,929.1577208042145
53810,1.2150726318359375,929.2799837589264
53820,1.215087890625,929.4250228404999
53830,1.2151031494140625,929.551228761673
53840,1.215118408203125,929.7594358921051
53850,1.21514892578125,929.932541847229
53860,1.2151641845703125,930.091748714447
53870,1.2151641845703125,930.2545237541199
53880,1.2151641845703125,930.5056707859039
53890,1.2151947021484375,930.642963886261
53900,1.2152099609375,930.7927567958832
53910,1.2152099609375,930.9542939662933
53920,1.215240478515625,931.1102848052979
53930,1.215240478515625,931.2808568477631
53940,1.2152557373046875,931.5095658302307
53950,1.2152862548828125,931.7405738830566
53960,1.2153167724609375,931.8935658931732
53970,1.2153167724609375,932.0388736724854
53980,1.21533203125,932.1934018135071
53990,1.2153472900390625,932.3558399677277
54000,1.215362548828125,932.525506734848
54010,1.2153778076171875,932.6783578395844
54020,1.2153778076171875,932.8103077411652
54030,1.2154083251953125,932.9584016799927
54040,1.215423583984375,933.1544117927551
54050,1.215423583984375,933.3249967098236
54060,1.215423583984375,933.471542596817
54070,1.2154541015625,933.6655788421631
54080,1.215484619140625,933.8456037044525
54090,1.2154998779296875,933.9897537231445
54100,1.21551513671875,934.1438789367676
54110,1.2170562744140625,934.3505988121033
54120,1.2170562744140625,934.4855828285217
54130,1.2170867919921875,934.647641658783
54140,1.21710205078125,934.8006927967072
54150,1.21710205078125,934.9720067977905
54160,1.2171173095703125,935.1982967853546
54170,1.2171173095703125,935.3704378604889
54180,1.217132568359375,935.515538930893
54190,1.2171630859375,935.6909577846527
54200,1.2171630859375,935.872053861618
54210,1.217193603515625,936.0732479095459
54220,1.2172088623046875,936.2766556739807
54230,1.2172393798828125,936.4275326728821
54240,1.217254638671875,936.5742337703705
54250,1.2172698974609375,936.7444198131561
54260,1.21728515625,936.9488208293915
54270,1.21728515625,937.1022839546204
54280,1.2173004150390625,937.2847437858582
54290,1.2173004150390625,937.4257388114929
54300,1.217315673828125,937.6122319698334
54310,1.2173309326171875,937.7778558731079
54320,1.21734619140625,937.9167947769165
54330,1.2173919677734375,938.0609929561615
54340,1.2174072265625,938.2213847637177
54350,1.2174072265625,938.383847951889
54360,1.2174530029296875,938.5014278888702
54370,1.21746826171875,938.6640210151672
54380,1.2174835205078125,938.872282743454
54390,1.2174835205078125,939.0555267333984
54400,1.2174835205078125,939.2324368953705
54410,1.217498779296875,939.4145369529724
54420,1.2175140380859375,939.5654997825623
54430,1.2175445556640625,939.7197158336639
54440,1.217559814453125,939.8707456588745
54450,1.2175750732421875,940.0188238620758
54460,1.217620849609375,940.1903460025787
54470,1.217620849609375,940.3437056541443
54480,1.217620849609375,940.5045518875122
54490,1.2176513671875,940.6856997013092
54500,1.2176513671875,940.8312337398529
54510,1.2176513671875,941.0263259410858
54520,1.217681884765625,941.1989278793335
54530,1.2176971435546875,941.3726017475128
54540,1.2176971435546875,941.5310728549957
54550,1.2176971435546875,941.6615679264069
54560,1.217742919921875,941.8147950172424
54570,1.2177734375,941.9787738323212
54580,1.2177734375,942.1433527469635
54590,1.2177734375,942.3142938613892
54600,1.2177886962890625,942.4658019542694
54610,1.2178192138671875,942.6152226924896
54620,1.2178192138671875,942.7832398414612
54630,1.2178192138671875,942.9430909156799
54640,1.21783447265625,943.2061638832092
54650,1.2178497314453125,943.3849918842316
54660,1.217864990234375,943.5629549026489
54670,1.217864990234375,943.7366089820862
54680,1.2178802490234375,943.8780229091644
54690,1.217926025390625,944.030660867691
54700,1.217926025390625,944.1757118701935
54710,1.2179412841796875,944.3867967128754
54720,1.2179412841796875,944.5186307430267
54730,1.217987060546875,944.6727337837219
54740,1.2180023193359375,944.8520328998566
54750,1.2180023193359375,944.9959449768066
54760,1.2180023193359375,945.1429769992828
54770,1.2180328369140625,945.5012748241425
54780,1.218048095703125,945.6574738025665
54790,1.218048095703125,945.8859179019928
54800,1.2180633544921875,946.0394239425659
54810,1.218109130859375,946.2210638523102
54820,1.218109130859375,946.4375779628754
54830,1.2183685302734375,946.6479480266571
54840,1.2183685302734375,946.7855129241943
54850,1.2183837890625,946.9674549102783
54860,1.2183990478515625,947.1552429199219
54870,1.218414306640625,947.3100497722626
54880,1.2184295654296875,947.5128309726715
54890,1.21844482421875,947.6633369922638
54900,1.21844482421875,947.8529448509216
54910,1.2184600830078125,948.0134446620941
54920,1.2184906005859375,948.1823370456696
54930,1.218505859375,948.3487858772278
54940,1.218536376953125,948.5215139389038
54950,1.21856689453125,948.7003509998322
54960,1.21856689453125,948.8358557224274
54970,1.21856689453125,949.0703728199005
54980,1.218597412109375,949.2066419124603
54990,1.218597412109375,949.3909440040588
55000,1.2186126708984375,949.5363438129425
55010,1.2186431884765625,949.6673288345337
55020,1.218658447265625,949.8430097103119
55030,1.218658447265625,950.1087248325348
55040,1.2186737060546875,950.2749319076538
55050,1.218719482421875,950.4479277133942
55060,1.218719482421875,950.6075909137726
55070,1.2187347412109375,950.761843919754
55080,1.2187347412109375,950.9333057403564
55090,1.2187652587890625,951.1161637306213
55100,1.2187652587890625,951.2727417945862
55110,1.2187652587890625,951.4130728244781
55120,1.218780517578125,951.5676019191742
55130,1.2187957763671875,951.7174379825592
55140,1.2187957763671875,951.8795838356018
55150,1.2187957763671875,952.0589518547058
55160,1.2188262939453125,952.2480428218842
55170,1.2188568115234375,952.5067777633667
55180,1.2188568115234375,952.6919150352478
55190,1.2188720703125,952.8914878368378
55200,1.2188873291015625,953.045557975769
55210,1.2188873291015625,953.2347347736359
55220,1.218902587890625,953.4931938648224
55230,1.21893310546875,953.6511228084564
55240,1.21893310546875,953.8079206943512
55250,1.218963623046875,954.1087486743927
55260,1.218963623046875,954.3427498340607
55270,1.2189788818359375,954.5412607192993
55280,1.218994140625,954.6845378875732
55290,1.2190093994140625,954.8314697742462
55300,1.2190399169921875,954.9985737800598
55310,1.21905517578125,955.295581817627
55320,1.219085693359375,955.5260627269745
55330,1.219085693359375,955.6676077842712
55340,1.2191162109375,955.7844076156616
55350,1.2191314697265625,955.9476249217987
55360,1.219146728515625,956.117978811264
55370,1.2191619873046875,956.269907951355
55380,1.21917724609375,956.4250240325928
55390,1.21917724609375,956.581869840622
55400,1.219207763671875,956.7144546508789
55410,1.21923828125,956.8905048370361
55420,1.21923828125,957.1489489078522
55430,1.219268798828125,957.3086898326874
55440,1.2192840576171875,957.4538967609406
55450,1.21929931640625,957.704610824585
55460,1.219329833984375,957.8770396709442
55470,1.2193450927734375,958.1338407993317
55480,1.2193450927734375,958.2803347110748
55490,1.2193756103515625,958.4197027683258
55500,1.219390869140625,958.5655679702759
55510,1.219390869140625,958.7151260375977
55520,1.2194061279296875,958.875670671463
55530,1.2194366455078125,959.1227986812592
55540,1.219451904296875,959.2656886577606
55550,1.2194671630859375,959.4473388195038
55560,1.2194671630859375,959.6386680603027
55570,1.2194976806640625,959.7988579273224
55580,1.2194976806640625,959.9912419319153
55590,1.2194976806640625,960.1552817821503
55600,1.2194976806640625,960.3120038509369
55610,1.2195281982421875,960.4536838531494
55620,1.2195587158203125,960.6260187625885
55630,1.219573974609375,960.813934803009
55640,1.219573974609375,960.9841578006744
55650,1.2196197509765625,961.1773357391357
55660,1.2196502685546875,961.3840088844299
55670,1.21966552734375,961.6343460083008
55680,1.21966552734375,961.7878148555756
55690,1.2196807861328125,961.9489889144897
55700,1.2197113037109375,962.105397939682
55710,1.2197113037109375,962.2425317764282
55720,1.2197265625,962.4041569232941
55730,1.2197723388671875,962.5734746456146
55740,1.2197723388671875,962.7813568115234
55750,1.2197723388671875,963.0050139427185
55760,1.2198028564453125,963.1915488243103
55770,1.2198486328125,963.4681527614594
55780,1.2198638916015625,963.6187007427216
55790,1.219879150390625,963.7860107421875
55800,1.219879150390625,963.9267547130585
55810,1.219879150390625,964.1114449501038
55820,1.2199249267578125,964.3192639350891
55830,1.2199249267578125,964.50599193573
55840,1.2199249267578125,964.6392757892609
55850,1.2199554443359375,964.8035216331482
55860,1.2199859619140625,964.9551827907562
55870,1.2199859619140625,965.1455779075623
55880,1.220001220703125,965.318817615509
55890,1.2200164794921875,965.580944776535
55900,1.22003173828125,965.754873752594
55910,1.2200469970703125,965.9754629135132
55920,1.2200775146484375,966.1304218769073
55930,1.2200775146484375,966.3282878398895
55940,1.2201080322265625,966.5198609828949
55950,1.2201080322265625,966.7707607746124
55960,1.2201080322265625,966.9094278812408
55970,1.2201385498046875,967.0390017032623
55980,1.22015380859375,967.1711008548737
55990,1.22015380859375,967.3581929206848
56000,1.220184326171875,967.4745469093323
56010,1.2201995849609375,967.6427509784698
56020,1.2201995849609375,967.8298256397247
56030,1.2202301025390625,967.9857788085938
56040,1.2202301025390625,968.1566457748413
56050,1.2202606201171875,968.341344833374
56060,1.2202606201171875,968.4872167110443
56070,1.22027587890625,968.6926338672638
56080,1.2202911376953125,968.8563346862793
56090,1.220306396484375,969.0078058242798
56100,1.220306396484375,969.2503328323364
56110,1.220306396484375,969.4725430011749
56120,1.220306396484375,969.6573266983032
56130,1.2203369140625,969.8556327819824
56140,1.2203521728515625,969.9988238811493
56150,1.220367431640625,970.1528208255768
56160,1.22039794921875,970.3310289382935
56170,1.220428466796875,970.4628915786743
56180,1.220428466796875,970.6413869857788
56190,1.2204437255859375,970.7691209316254
56200,1.220458984375,970.9097878932953
56210,1.220489501953125,971.136885881424
56220,1.2205047607421875,971.2636988162994
56230,1.22052001953125,971.4337978363037
56240,1.2205352783203125,971.5871479511261
56250,1.2205657958984375,971.7436707019806
56260,1.2205810546875,971.9271337985992
56270,1.2205810546875,972.1042408943176
56280,1.2205963134765625,972.3378670215607
56290,1.2206268310546875,972.4718248844147
56300,1.2206268310546875,972.7658047676086
56310,1.22064208984375,972.9393196105957
56320,1.2206573486328125,973.0802278518677
56330,1.2206573486328125,973.2715818881989
56340,1.2206878662109375,973.3922979831696
56350,1.2206878662109375,973.5528447628021
56360,1.2206878662109375,973.716983795166
56370,1.220733642578125,973.9395227432251
56380,1.220733642578125,974.1099367141724
56390,1.2207489013671875,974.2405829429626
56400,1.220794677734375,974.3690140247345
56410,1.220794677734375,974.5398106575012
56420,1.220794677734375,974.6831858158112
56430,1.2208251953125,974.8366169929504
56440,1.220855712890625,975.0017237663269
56450,1.220855712890625,975.1439538002014
56460,1.22088623046875,975.2821776866913
56470,1.2209014892578125,975.4986119270325
56480,1.2209014892578125,975.710067987442
56490,1.220916748046875,975.8996958732605
56500,1.2209320068359375,976.0785799026489
56510,1.220947265625,976.2387938499451
56520,1.2209930419921875,976.4519999027252
56530,1.2209930419921875,976.5881948471069
56540,1.22100830078125,976.7536177635193
56550,1.2210235595703125,976.9437198638916
56560,1.221038818359375,977.1036279201508
56570,1.221038818359375,977.2692868709564
56580,1.2210693359375,977.4994878768921
56590,1.2210693359375,977.666054725647
56600,1.2210845947265625,977.8501358032227
56610,1.2210845947265625,978.0401327610016
56620,1.2210845947265625,978.1870999336243
56630,1.221099853515625,978.3671438694
56640,1.2211151123046875,978.5660736560822
56650,1.2211456298828125,978.7485649585724
56660,1.221160888671875,978.9098348617554
56670,1.2211761474609375,979.0319278240204
56680,1.2211761474609375,979.212968826294
56690,1.22119140625,979.3528017997742
56700,1.2212066650390625,979.5305206775665
56710,1.221221923828125,979.6815438270569
56720,1.221221923828125,979.906391620636
56730,1.22125244140625,980.0964648723602
56740,1.2212677001953125,980.3343818187714
56750,1.2212982177734375,980.5997388362885
56760,1.2213134765625,980.7597358226776
56770,1.2213287353515625,980.9251327514648
56780,1.2213287353515625,981.0886929035187
56790,1.221343994140625,981.2233417034149
56800,1.2213592529296875,981.3854737281799
56810,1.22137451171875,981.5433599948883
56820,1.221405029296875,981.6830179691315
56830,1.2214202880859375,981.8619577884674
56840,1.2214202880859375,982.019101858139
56850,1.221435546875,982.1885168552399
56860,1.2214508056640625,982.370698928833
56870,1.2214813232421875,982.5267179012299
56880,1.22149658203125,982.6840226650238
56890,1.2215118408203125,982.8768858909607
56900,1.221527099609375,983.0639905929565
56910,1.2215423583984375,983.2441039085388
56920,1.2215576171875,983.4182939529419
56930,1.2218780517578125,983.6115148067474
56940,1.2219085693359375,983.8298768997192
56950,1.221923828125,984.009462594986
56960,1.2219390869140625,984.1628947257996
56970,1.221954345703125,984.3330829143524
56980,1.221954345703125,984.504222869873
56990,1.22198486328125,984.6936278343201
57000,1.222015380859375,984.8806097507477
57010,1.222015380859375,985.0405027866364
57020,1.2220306396484375,985.1950347423553
57030,1.2220611572265625,985.3779337406158
57040,1.2220611572265625,985.544900894165
57050,1.2220611572265625,985.6643078327179
57060,1.222076416015625,985.8229556083679
57070,1.2220916748046875,986.0071108341217
57080,1.22210693359375,986.2595689296722
57090,1.22210693359375,986.4645648002625
57100,1.2221221923828125,986.6140048503876
57110,1.2221221923828125,986.7756288051605
57120,1.222137451171875,986.9724066257477
57130,1.2221527099609375,987.1358458995819
57140,1.22216796875,987.3006029129028
57150,1.2221832275390625,987.522068977356
57160,1.2221832275390625,987.694629907608
57170,1.222198486328125,987.9202907085419
57180,1.22222900390625,988.0704188346863
57190,1.22222900390625,988.2373898029327
57200,1.2222442626953125,988.4006538391113
57210,1.2222442626953125,988.5398819446564
57220,1.2222747802734375,988.6923599243164
57230,1.2222900390625,988.8524618148804
57240,1.222320556640625,989.0121767520905
57250,1.2223358154296875,989.1501188278198
57260,1.2223358154296875,989.3482329845428
57270,1.22235107421875,989.5129179954529
57280,1.2223663330078125,989.6905579566956
57290,1.222381591796875,989.835902929306
57300,1.2223968505859375,990.0025317668915
57310,1.222412109375,990.2102317810059
57320,1.222412109375,990.3813388347626
57330,1.222442626953125,990.5496118068695
57340,1.22247314453125,990.7274458408356
57350,1.2224884033203125,990.8832819461823
57360,1.222503662109375,991.0740427970886
57370,1.2225341796875,991.2457499504089
57380,1.2225341796875,991.7983429431915
57390,1.2225494384765625,991.978080034256
57400,1.2225799560546875,992.1172158718109
57410,1.2225799560546875,992.2940237522125
57420,1.2225799560546875,992.477249622345
57430,1.2226104736328125,992.6361198425293
57440,1.222625732421875,992.8946697711945
57450,1.2226409912109375,993.0705018043518
57460,1.22265625,993.2475697994232
57470,1.2226715087890625,993.4334788322449
57480,1.222686767578125,993.61802983284
57490,1.22271728515625,993.7644076347351
57500,1.2227325439453125,993.9677178859711
57510,1.222747802734375,994.1556580066681
57520,1.2227630615234375,994.2915577888489
57530,1.2227783203125,994.463241815567
57540,1.2227783203125,994.6580967903137
57550,1.222808837890625,994.8703527450562
57560,1.22283935546875,995.030898809433
57570,1.22283935546875,995.1923308372498
57580,1.2228546142578125,995.3375098705292
57590,1.2228546142578125,995.4671669006348
57600,1.2228546142578125,995.6495537757874
57610,1.2228851318359375,995.7902820110321
57620,1.2228851318359375,995.9447417259216
57630,1.222900390625,996.0851256847382
57640,1.222930908203125,996.2160127162933
57650,1.222930908203125,996.3935580253601
57660,1.22296142578125,996.5620198249817
57670,1.222991943359375,996.6805567741394
57680,1.222991943359375,996.8461449146271
57690,1.222991943359375,997.0440666675568
57700,1.2230072021484375,997.2560608386993
57710,1.2230072021484375,997.3769929409027
57720,1.223052978515625,997.5328168869019
57730,1.22308349609375,997.6701548099518
57740,1.2230987548828125,997.89781665802
57750,1.2230987548828125,998.0711917877197
57760,1.223114013671875,998.2262318134308
57770,1.223114013671875,998.3849489688873
57780,1.22314453125,998.5150027275085
57790,1.2231597900390625,998.6741797924042
57800,1.2231597900390625,998.8827078342438
57810,1.223175048828125,999.0175857543945
57820,1.2232208251953125,999.240790605545
57830,1.2232208251953125,999.4536898136139
57840,1.223236083984375,999.5982828140259
57850,1.2232666015625,999.7463548183441
57860,1.2232818603515625,1000.0337488651276
57870,1.2232818603515625,1000.2346518039703
57880,1.2233123779296875,1000.3994057178497
57890,1.2233123779296875,1000.5859897136688
57900,1.22332763671875,1000.7941808700562
57910,1.223358154296875,1000.9392907619476
57920,1.223358154296875,1001.0822169780731
57930,1.223358154296875,1001.2366409301758
57940,1.2234039306640625,1001.4277586936951
57950,1.223419189453125,1001.5991868972778
57960,1.223419189453125,1001.7939188480377
57970,1.22344970703125,1001.9930078983307
57980,1.2234649658203125,1002.145703792572
57990,1.2234649658203125,1002.314202785492
58000,1.2234954833984375,1002.5580518245697
58010,1.2235107421875,1002.7588946819305
58020,1.2235107421875,1002.9640939235687
58030,1.2235260009765625,1003.1143898963928
58040,1.223541259765625,1003.2599606513977
58050,1.2235565185546875,1003.4030089378357
58060,1.22357177734375,1003.5265316963196
58070,1.22357177734375,1003.6743748188019
58080,1.22357177734375,1003.8326818943024
58090,1.223602294921875,1003.9851388931274
58100,1.223602294921875,1004.1586256027222
58110,1.223602294921875,1004.2901329994202
58120,1.2236328125,1004.4539957046509
58130,1.2236480712890625,1004.6999349594116
58140,1.2236480712890625,1004.8572249412537
58150,1.223663330078125,1005.0498287677765
58160,1.22369384765625,1005.2654027938843
58170,1.2237091064453125,1005.4095957279205
58180,1.223724365234375,1005.6413698196411
58190,1.223724365234375,1005.8690996170044
58200,1.2237548828125,1006.0500848293304
58210,1.223785400390625,1006.2087857723236
58220,1.223785400390625,1006.3828809261322
58230,1.22381591796875,1006.5723187923431
58240,1.2238311767578125,1006.8698008060455
58250,1.2238311767578125,1007.0020427703857
58260,1.2238616943359375,1007.1650166511536
58270,1.223876953125,1007.376767873764
58280,1.223876953125,1007.5182447433472
58290,1.223876953125,1007.7446699142456
58300,1.2239227294921875,1007.8853859901428
58310,1.2239227294921875,1008.0346097946167
58320,1.22393798828125,1008.222767829895
58330,1.223968505859375,1008.3754377365112
58340,1.2240142822265625,1008.5642449855804
58350,1.2240142822265625,1008.7336876392365
58360,1.224029541015625,1008.9080209732056
58370,1.224029541015625,1009.0914549827576
58380,1.22406005859375,1009.2072179317474
58390,1.2240753173828125,1009.370032787323
58400,1.2240753173828125,1009.5442328453064
58410,1.2240753173828125,1009.6736707687378
58420,1.2241058349609375,1009.8733229637146
58430,1.22412109375,1010.0066606998444
58440,1.2241363525390625,1010.1785337924957
58450,1.2241668701171875,1010.4021677970886
58460,1.22418212890625,1010.5631899833679
58470,1.2241973876953125,1010.7208099365234
58480,1.224212646484375,1010.9259886741638
58490,1.224212646484375,1011.0689477920532
58500,1.2242279052734375,1011.2422747612
58510,1.2242584228515625,1011.4076547622681
58520,1.2242584228515625,1011.5581307411194
58530,1.224273681640625,1011.6925418376923
58540,1.2242889404296875,1011.837911605835
58550,1.22430419921875,1012.0148737430573
58560,1.2243194580078125,1012.2077770233154
58570,1.2243499755859375,1012.3944027423859
58580,1.2243499755859375,1012.5811178684235
58590,1.2243499755859375,1012.7479276657104
58600,1.224365234375,1012.9398138523102
58610,1.2243804931640625,1013.0770785808563
58620,1.2243804931640625,1013.2132790088654
58630,1.224395751953125,1013.4552187919617
58640,1.224395751953125,1013.6197078227997
58650,1.2244110107421875,1013.7822067737579
58660,1.2244415283203125,1013.9470527172089
58670,1.2244415283203125,1014.1431789398193
58680,1.2244415283203125,1014.5154638290405
58690,1.2244873046875,1014.656281709671
58700,1.224517822265625,1014.8119947910309
58710,1.224517822265625,1014.9627618789673
58720,1.2245330810546875,1015.0941548347473
58730,1.2245941162109375,1015.2452528476715
58740,1.2245941162109375,1015.3679678440094
58750,1.224609375,1015.5165026187897
58760,1.2246246337890625,1015.6958258152008
58770,1.224639892578125,1015.839855670929
58780,1.224639892578125,1016.0032796859741
58790,1.2246551513671875,1016.1339426040649
58800,1.2246551513671875,1016.2630069255829
58810,1.2246856689453125,1016.4481546878815
58820,1.2247161865234375,1016.6027677059174
58830,1.2247161865234375,1016.7531747817993
58840,1.2247161865234375,1016.9181137084961
58850,1.2247314453125,1017.0749807357788
58860,1.224761962890625,1017.3552918434143
58870,1.224761962890625,1017.5982646942139
58880,1.2247772216796875,1017.7709739208221
58890,1.22479248046875,1017.9095017910004
58900,1.2248077392578125,1018.0426077842712
58910,1.224822998046875,1018.1914649009705
58920,1.224822998046875,1018.3781099319458
58930,1.2248382568359375,1018.554872751236
58940,1.2248992919921875,1018.7777500152588
58950,1.2248992919921875,1018.9436638355255
58960,1.22491455078125,1019.1209027767181
58970,1.224945068359375,1019.2757108211517
58980,1.224945068359375,1019.4497218132019
58990,1.2249603271484375,1019.6544508934021
59000,1.2249755859375,1019.827889919281
59010,1.2249908447265625,1019.9942836761475
59020,1.2249908447265625,1020.1976976394653
59030,1.2250213623046875,1020.3413717746735
59040,1.22503662109375,1020.5194969177246
59050,1.22503662109375,1020.6923978328705
59060,1.2250823974609375,1020.9020578861237
59070,1.2422943115234375,1021.216888666153
59080,1.2422943115234375,1021.4035959243774
59090,1.2423095703125,1021.5759718418121
59100,1.2423248291015625,1021.7867188453674
59110,1.2423248291015625,1022.0437366962433
59120,1.242340087890625,1022.198413848877
59130,1.242340087890625,1022.338280916214
59140,1.2423553466796875,1022.4790608882904
59150,1.24237060546875,1022.6443448066711
59160,1.24237060546875,1022.7996699810028
59170,1.2423858642578125,1022.9531877040863
59180,1.242431640625,1023.097954750061
59190,1.242431640625,1023.2290465831757
59200,1.242431640625,1023.3939247131348
59210,1.242462158203125,1023.5835988521576
59220,1.242462158203125,1023.7654666900635
59230,1.24249267578125,1023.9132769107819
59240,1.2425079345703125,1024.090173959732
59250,1.2425079345703125,1024.2690658569336
59260,1.2425384521484375,1024.4338607788086
59270,1.2425537109375,1024.5838747024536
59280,1.2425537109375,1024.760530948639
59290,1.2425689697265625,1024.9282228946686
59300,1.24261474609375,1025.1218769550323
59310,1.24261474609375,1025.2948229312897
59320,1.24261474609375,1025.4585428237915
59330,1.2426300048828125,1025.6033647060394
59340,1.242645263671875,1025.7739646434784
59350,1.242645263671875,1025.933521747589
59360,1.24267578125,1026.095163822174
59370,1.24267578125,1026.274308681488
59380,1.2426910400390625,1026.437873840332
59390,1.2427215576171875,1026.5636439323425
59400,1.24273681640625,1026.7067427635193
59410,1.24273681640625,1026.9163436889648
59420,1.2427825927734375,1027.093730688095
59430,1.2427978515625,1027.2525827884674
59440,1.242828369140625,1027.4678049087524
59450,1.2428436279296875,1027.5934188365936
59460,1.2428741455078125,1027.7885429859161
59470,1.242889404296875,1027.9401988983154
59480,1.2429046630859375,1028.103993654251
59490,1.242919921875,1028.227537870407
59500,1.242919921875,1028.4251427650452
59510,1.2429351806640625,1028.5888187885284
59520,1.242950439453125,1028.757132768631
59530,1.2429656982421875,1028.9350578784943
59540,1.24298095703125,1029.1513268947601
59550,1.243011474609375,1029.287880897522
59560,1.2430419921875,1029.4650528430939
59570,1.2430572509765625,1029.6311748027802
59580,1.243072509765625,1029.7905058860779
59590,1.243072509765625,1029.9803929328918
59600,1.243072509765625,1030.1656577587128
59610,1.2430877685546875,1030.334038734436
59620,1.24310302734375,1030.4729778766632
59630,1.2431182861328125,1030.6512048244476
59640,1.2431182861328125,1030.8432929515839
59650,1.2431182861328125,1031.0500888824463
59660,1.2431488037109375,1031.2174799442291
59670,1.2431640625,1031.3933517932892
59680,1.2431640625,1031.5614957809448
59690,1.243194580078125,1031.7064776420593
59700,1.243194580078125,1031.8495359420776
59710,1.24322509765625,1032.0366568565369
59720,1.2432403564453125,1032.2057137489319
59730,1.2432708740234375,1032.3943066596985
59740,1.2432861328125,1032.5355248451233
59750,1.2433013916015625,1032.6912686824799
59760,1.243316650390625,1032.8368928432465
59770,1.243316650390625,1032.9821457862854
59780,1.2433319091796875,1033.1350846290588
59790,1.2433624267578125,1033.3668358325958
59800,1.243377685546875,1033.503905057907
59810,1.2433929443359375,1033.7421979904175
59820,1.243408203125,1033.998685836792
59830,1.2434234619140625,1034.1576128005981
59840,1.2434539794921875,1034.3123819828033
59850,1.2434539794921875,1034.4738278388977
59860,1.24346923828125,1034.6494636535645
59870,1.243499755859375,1034.8110747337341
59880,1.243499755859375,1035.0137078762054
59890,1.2435150146484375,1035.211541891098
59900,1.2435302734375,1035.3520238399506
59910,1.243560791015625,1035.497657775879
59920,1.2435760498046875,1035.618174791336
59930,1.2435760498046875,1035.7940998077393
59940,1.2436065673828125,1035.939258813858
59950,1.2436065673828125,1036.1146519184113
59960,1.2436370849609375,1036.3880038261414
59970,1.24365234375,1036.5189998149872
59980,1.24365234375,1036.665516614914
59990,1.24365234375,1036.8341987133026
60000,1.243682861328125,1036.9905107021332
60010,1.2436981201171875,1037.1350626945496
60020,1.2436981201171875,1037.2958858013153
60030,1.2437286376953125,1037.431846857071
60040,1.2437591552734375,1037.584026813507
60050,1.2437591552734375,1037.7496497631073
60060,1.2437744140625,1037.9084706306458
60070,1.2437744140625,1038.062980890274
60080,1.2437896728515625,1038.2791039943695
60090,1.2437896728515625,1038.4441957473755
60100,1.243804931640625,1038.5744497776031
60110,1.2438201904296875,1038.8080246448517
60120,1.24383544921875,1038.935112953186
60130,1.24383544921875,1039.0674078464508
60140,1.243865966796875,1039.2040598392487
60150,1.243896484375,1039.3610990047455
60160,1.243896484375,1039.4822998046875
60170,1.243896484375,1039.6168367862701
60180,1.243927001953125,1039.8016397953033
60190,1.2439422607421875,1039.9265909194946
60200,1.2439422607421875,1040.0823438167572
60210,1.24395751953125,1040.2169027328491
60220,1.243988037109375,1040.4257307052612
60230,1.2440032958984375,1040.6204919815063
60240,1.2440185546875,1040.7925848960876
60250,1.2440185546875,1040.9577918052673
60260,1.244049072265625,1041.1287508010864
60270,1.24407958984375,1041.3367228507996
60280,1.24407958984375,1041.5134499073029
60290,1.24407958984375,1041.6630399227142
60300,1.244110107421875,1041.8523988723755
60310,1.2441253662109375,1042.037173986435
60320,1.2441253662109375,1042.230587720871
60330,1.244140625,1042.38573884964
60340,1.244171142578125,1042.5315248966217
60350,1.244171142578125,1042.724149942398
60360,1.2441864013671875,1042.895499944687
60370,1.2441864013671875,1043.04248380661
60380,1.24420166015625,1043.1872808933258
60390,1.2442474365234375,1043.3603508472443
60400,1.2442474365234375,1043.495463848114
60410,1.2442474365234375,1043.6563909053802
60420,1.2442779541015625,1043.8158988952637
60430,1.244293212890625,1043.9705526828766
60440,1.2443084716796875,1044.1153738498688
60450,1.2443389892578125,1044.2865216732025
60460,1.244354248046875,1044.472630739212
60470,1.244354248046875,1044.622769832611
60480,1.2443695068359375,1044.779397726059
60490,1.244384765625,1044.913162946701
60500,1.2444000244140625,1045.0652086734772
60510,1.2444305419921875,1045.3275289535522
60520,1.24444580078125,1045.464558839798
60530,1.2444610595703125,1045.6186769008636
60540,1.244476318359375,1045.8036527633667
60550,1.2444915771484375,1045.9350247383118
60560,1.2444915771484375,1046.0859978199005
60570,1.2445220947265625,1046.2257668972015
60580,1.2445220947265625,1046.400053024292
60590,1.244537353515625,1046.6739938259125
60600,1.244537353515625,1046.8372948169708
60610,1.244537353515625,1046.9748799800873
60620,1.2445526123046875,1047.1009447574615
60630,1.24456787109375,1047.2672169208527
60640,1.2445831298828125,1047.430184841156
60650,1.2445831298828125,1047.5563628673553
60660,1.2446136474609375,1047.7028348445892
60670,1.24462890625,1047.8672759532928
60680,1.24462890625,1048.0115988254547
60690,1.2446441650390625,1048.154798746109
60700,1.244659423828125,1048.3989658355713
60710,1.244659423828125,1048.5686719417572
60720,1.24468994140625,1048.7408678531647
60730,1.244720458984375,1048.8824677467346
60740,1.244720458984375,1049.033314704895
60750,1.2447357177734375,1049.2127578258514
60760,1.244781494140625,1049.3441438674927
60770,1.2447967529296875,1049.4872598648071
60780,1.2447967529296875,1049.6290979385376
60790,1.24481201171875,1049.88369679451
60800,1.2448272705078125,1050.0510346889496
60810,1.2448272705078125,1050.2287907600403
60820,1.2448577880859375,1050.3943967819214
60830,1.2448577880859375,1050.5280618667603
60840,1.2448577880859375,1050.6848707199097
60850,1.2448883056640625,1050.8769569396973
60860,1.244903564453125,1051.1186969280243
60870,1.244903564453125,1051.2683608531952
60880,1.2449493408203125,1051.4333786964417
60890,1.244964599609375,1051.5720336437225
60900,1.244964599609375,1051.7174558639526
60910,1.2449951171875,1051.8615498542786
60920,1.2450103759765625,1052.0123479366302
60930,1.2450103759765625,1052.1773025989532
60940,1.2450408935546875,1052.295206785202
60950,1.24505615234375,1052.501660823822
60960,1.2450714111328125,1052.693063735962
60970,1.245086669921875,1052.857445716858
60980,1.245086669921875,1053.0027709007263
60990,1.245086669921875,1053.2193636894226
61000,1.245147705078125,1053.3805258274078
61010,1.245147705078125,1053.5467126369476
61020,1.2451629638671875,1053.7083218097687
61030,1.24517822265625,1053.899924993515
61040,1.24517822265625,1054.0773329734802
61050,1.24517822265625,1054.2144796848297
61060,1.2452392578125,1054.4246327877045
61070,1.2452392578125,1054.5685498714447
61080,1.2452545166015625,1054.7288937568665
61090,1.2452545166015625,1054.8873827457428
61100,1.2452545166015625,1055.063355922699
61110,1.245269775390625,1055.2302939891815
61120,1.245269775390625,1055.388211965561
61130,1.2452850341796875,1055.5419158935547
61140,1.2453155517578125,1055.6779599189758
61150,1.2453460693359375,1055.8361718654633
61160,1.2453460693359375,1055.9921128749847
61170,1.2453460693359375,1056.186824798584
61180,1.2454071044921875,1056.348594903946
61190,1.2454071044921875,1056.4730639457703
61200,1.2454071044921875,1056.6246206760406
61210,1.24542236328125,1056.7928068637848
61220,1.2454376220703125,1056.946496963501
61230,1.245452880859375,1057.0937237739563
61240,1.2454833984375,1057.2794659137726
61250,1.2454833984375,1057.513948917389
61260,1.245513916015625,1057.6976199150085
61270,1.2455291748046875,1057.820447921753
61280,1.2455291748046875,1058.0352437496185
61290,1.24554443359375,1058.2105479240417
61300,1.245574951171875,1058.4017298221588
61310,1.245574951171875,1058.577999830246
61320,1.245574951171875,1058.7677597999573
61330,1.2455902099609375,1058.9359018802643
61340,1.24560546875,1059.1118037700653
61350,1.245635986328125,1059.3126819133759
61360,1.2456512451171875,1059.5132548809052
61370,1.24566650390625,1059.6754639148712
61380,1.245697021484375,1059.8322286605835
61390,1.2457122802734375,1059.951192855835
61400,1.2457122802734375,1060.1650528907776
61410,1.2457275390625,1060.3357667922974
61420,1.2457427978515625,1060.481678724289
61430,1.245758056640625,1060.6633079051971
61440,1.24578857421875,1060.8150737285614
61450,1.245819091796875,1060.9857878684998
61460,1.245819091796875,1061.1463606357574
61470,1.245849609375,1061.3000876903534
61480,1.2458648681640625,1061.548702955246
61490,1.2458953857421875,1061.7208397388458
61500,1.2458953857421875,1061.9044170379639
61510,1.24591064453125,1062.086506843567
61520,1.245941162109375,1062.2274248600006
61530,1.245941162109375,1062.4307537078857
61540,1.2459564208984375,1062.5934636592865
61550,1.2459716796875,1062.8127098083496
61560,1.2459716796875,1063.022127866745
61570,1.2459716796875,1063.1902158260345
61580,1.2460174560546875,1063.3592357635498
61590,1.2460174560546875,1063.4954676628113
61600,1.24603271484375,1063.6158728599548
61610,1.24603271484375,1063.8818686008453
61620,1.246063232421875,1064.0374326705933
61630,1.246063232421875,1064.2028357982635
61640,1.2460784912109375,1064.3537657260895
61650,1.24609375,1064.575428724289
61660,1.2461090087890625,1064.723376750946
61670,1.246124267578125,1064.868861913681
61680,1.246124267578125,1065.0343618392944
61690,1.2461395263671875,1065.2297296524048
61700,1.24615478515625,1065.3444838523865
61710,1.2461700439453125,1065.485782623291
61720,1.246185302734375,1065.680728673935
61730,1.2462310791015625,1065.9038317203522
61740,1.246246337890625,1066.0520210266113
61750,1.2462615966796875,1066.186414718628
61760,1.24627685546875,1066.3697698116302
61770,1.246307373046875,1066.505004644394
61780,1.246307373046875,1066.659390926361
61790,1.2463226318359375,1066.8222568035126
61800,1.246337890625,1066.9557240009308
61810,1.246337890625,1067.096804857254
61820,1.2463531494140625,1067.2359948158264
61830,1.246368408203125,1067.4253759384155
61840,1.2463836669921875,1067.6504328250885
61850,1.2464141845703125,1067.811435699463
61860,1.246429443359375,1067.982932806015
61870,1.246429443359375,1068.1074256896973
61880,1.2464447021484375,1068.2480158805847
61890,1.2464752197265625,1068.3957738876343
61900,1.2464752197265625,1068.5334169864655
61910,1.2465057373046875,1068.7320017814636
61920,1.2465057373046875,1068.8927228450775
61930,1.2465057373046875,1069.0307838916779
61940,1.2465667724609375,1069.155574798584
61950,1.2465667724609375,1069.3095948696136
61960,1.2465667724609375,1069.4855937957764
61970,1.2466278076171875,1069.6869130134583
61980,1.24664306640625,1069.8839869499207
61990,1.24664306640625,1070.025063753128
62000,1.2466583251953125,1070.2033610343933
62010,1.2466583251953125,1070.3668417930603
62020,1.246673583984375,1070.5057489871979
62030,1.2467041015625,1070.6578166484833
62040,1.2467041015625,1070.8317539691925
62050,1.2467041015625,1071.005765914917
62060,1.246734619140625,1071.200787782669
62070,1.2467498779296875,1071.3944108486176
62080,1.2467498779296875,1071.695702791214
62090,1.24676513671875,1071.8856687545776
62100,1.2467803955078125,1072.0757398605347
62110,1.246795654296875,1072.193170785904
62120,1.246795654296875,1072.386826992035
62130,1.2468109130859375,1072.637021780014
62140,1.2468414306640625,1072.813494682312
62150,1.246856689453125,1072.999473810196
62160,1.246856689453125,1073.1519057750702
62170,1.2468719482421875,1073.3408298492432
62180,1.24688720703125,1073.5281229019165
62190,1.24688720703125,1073.6969809532166
62200,1.2469024658203125,1073.902097940445
62210,1.2469329833984375,1074.0764317512512
62220,1.2469482421875,1074.2333347797394
62230,1.2469482421875,1074.4023847579956
62240,1.2469940185546875,1074.5774326324463
62250,1.24700927734375,1074.7053287029266
62260,1.24700927734375,1074.8788158893585
62270,1.2470245361328125,1075.0365607738495
62280,1.247039794921875,1075.2331268787384
62290,1.2470550537109375,1075.3466596603394
62300,1.2470703125,1075.581865787506
62310,1.2470703125,1075.7235717773438
62320,1.2470703125,1075.8708877563477
62330,1.2471160888671875,1076.0515398979187
62340,1.24713134765625,1076.2135548591614
62350,1.24713134765625,1076.366495847702
62360,1.247161865234375,1076.5358819961548
62370,1.247161865234375,1076.6878077983856
62380,1.2471771240234375,1076.8956060409546
62390,1.2472076416015625,1077.044243812561
62400,1.2472076416015625,1077.2787647247314
62410,1.2472076416015625,1077.481449842453
62420,1.2472381591796875,1077.66756772995
62430,1.2472381591796875,1077.8387217521667
62440,1.247283935546875,1078.081717967987
62450,1.2472991943359375,1078.2147488594055
62460,1.247314453125,1078.3810868263245
62470,1.2473297119140625,1078.5459609031677
62480,1.2473602294921875,1078.7613246440887
62490,1.2473602294921875,1078.9148206710815
62500,1.2473602294921875,1079.0617678165436
62510,1.2473907470703125,1079.2248258590698
62520,1.2473907470703125,1079.3696599006653
62530,1.2473907470703125,1079.513727903366
62540,1.2474212646484375,1079.6468198299408
62550,1.2474365234375,1079.8081538677216
62560,1.2474365234375,1079.9549777507782
62570,1.2474365234375,1080.0797686576843
62580,1.2474822998046875,1080.2303586006165
62590,1.24749755859375,1080.399597644806
62600,1.24749755859375,1080.585964679718
62610,1.24749755859375,1080.7194538116455
62620,1.2475128173828125,1080.9497838020325
62630,1.247528076171875,1081.1034388542175
62640,1.247528076171875,1081.2824566364288
62650,1.2475433349609375,1081.4001019001007
62660,1.24755859375,1081.576239824295
62670,1.2475738525390625,1081.6980738639832
62680,1.247589111328125,1081.8167307376862
62690,1.247589111328125,1082.0018780231476
62700,1.24761962890625,1082.1585178375244
62710,1.247650146484375,1082.4418969154358
62720,1.247650146484375,1082.5696158409119
62730,1.2476654052734375,1082.7118508815765
62740,1.2476806640625,1082.8777267932892
62750,1.247711181640625,1083.1747217178345
62760,1.2477264404296875,1083.3275728225708
62770,1.2477264404296875,1083.4599227905273
62780,1.2477264404296875,1083.5992336273193
62790,1.247772216796875,1083.771530866623
62800,1.247772216796875,1083.977314710617
62810,1.247772216796875,1084.197090625763
62820,1.247802734375,1084.3898918628693
62830,1.247833251953125,1084.6131939888
62840,1.247833251953125,1084.7666549682617
62850,1.2478485107421875,1084.9610447883606
62860,1.2478485107421875,1085.158196926117
62870,1.2478790283203125,1085.3451697826385
62880,1.247894287109375,1085.5256187915802
62890,1.247894287109375,1085.7036838531494
62900,1.247894287109375,1085.9075787067413
62910,1.2479400634765625,1086.0527539253235
62920,1.2479400634765625,1086.1974127292633
62930,1.2479400634765625,1086.3287377357483
62940,1.2479705810546875,1086.4896960258484
62950,1.248016357421875,1086.6873517036438
62960,1.248016357421875,1086.8386466503143
62970,1.2480316162109375,1086.9804549217224
62980,1.248046875,1087.1493906974792
62990,1.2480621337890625,1087.288498878479
63000,1.248077392578125,1087.4198117256165
63010,1.248077392578125,1087.5653548240662
63020,1.2480926513671875,1087.714596748352
63030,1.248138427734375,1087.9347047805786
63040,1.248138427734375,1088.0718369483948
63050,1.248138427734375,1088.3296766281128
63060,1.2481842041015625,1088.4544587135315
63070,1.248199462890625,1088.5997760295868
63080,1.2482147216796875,1088.8140497207642
63090,1.2482147216796875,1089.113021850586
63100,1.2482147216796875,1089.28959774971
63110,1.2482147216796875,1089.510624885559
63120,1.2482452392578125,1089.648530960083
63130,1.2482452392578125,1089.8265898227692
63140,1.2482452392578125,1090.029893875122
63150,1.248260498046875,1090.1646258831024
63160,1.248291015625,1090.4041197299957
63170,1.248291015625,1090.5940039157867
63180,1.2483062744140625,1090.780859708786
63190,1.248321533203125,1090.9223518371582
63200,1.2483367919921875,1091.0932657718658
63210,1.2483673095703125,1091.2835609912872
63220,1.2483673095703125,1091.4190237522125
63230,1.2483673095703125,1091.5719618797302
63240,1.2484283447265625,1091.8050837516785
63250,1.248443603515625,1091.987613916397
63260,1.248443603515625,1092.1566417217255
63270,1.2484588623046875,1092.3894908428192
63280,1.2484893798828125,1092.530821800232
63290,1.2484893798828125,1092.686330795288
63300,1.24853515625,1092.848227739334
63310,1.2494659423828125,1093.0190997123718
63320,1.249481201171875,1093.1787567138672
63330,1.2494964599609375,1093.3412599563599
63340,1.2494964599609375,1093.4671716690063
63350,1.2494964599609375,1093.6364798545837
63360,1.2495269775390625,1093.791693687439
63370,1.2495269775390625,1093.9564349651337
63380,1.2495574951171875,1094.1147468090057
63390,1.24957275390625,1094.2620658874512
63400,1.24957275390625,1094.4486057758331
63410,1.2495880126953125,1094.6028757095337
63420,1.249603271484375,1094.8126499652863
63430,1.2496337890625,1095.0031917095184
63440,1.2496490478515625,1095.1586208343506
63450,1.2496795654296875,1095.353658914566
63460,1.2497100830078125,1095.5121579170227
63470,1.2497100830078125,1095.8170847892761
63480,1.249725341796875,1095.9712760448456
63490,1.2497406005859375,1096.1581318378448
63500,1.249755859375,1096.2941827774048
63510,1.249786376953125,1096.4645228385925
63520,1.249786376953125,1096.6302938461304
63530,1.249786376953125,1096.852463722229
63540,1.24981689453125,1097.0224368572235
63550,1.249847412109375,1097.1837906837463
63560,1.249847412109375,1097.3422918319702
63570,1.249847412109375,1097.494994878769
63580,1.2498779296875,1097.6302347183228
63590,1.2498931884765625,1097.802830696106
63600,1.2498931884765625,1097.9792127609253
63610,1.2498931884765625,1098.2312197685242
63620,1.2498931884765625,1098.3925676345825
63630,1.249908447265625,1098.524483680725
63640,1.2499237060546875,1098.6809537410736
63650,1.24993896484375,1098.8612349033356
63660,1.24993896484375,1099.0295107364655
63670,1.25,1099.1788067817688
63680,1.25,1099.3035006523132
63690,1.2500152587890625,1099.4503219127655
63700,1.250030517578125,1099.5738399028778
63710,1.250030517578125,1099.719075679779
63720,1.25006103515625,1099.8784866333008
63730,1.250091552734375,1100.055785894394
63740,1.2501068115234375,1100.2331757545471
63750,1.2501220703125,1100.3565130233765
63760,1.250152587890625,1100.51815867424
63770,1.250152587890625,1100.6340017318726
63780,1.250152587890625,1100.8713138103485
63790,1.25018310546875,1100.998857975006
63800,1.2502288818359375,1101.2127606868744
63810,1.2502288818359375,1101.3621230125427
63820,1.250244140625,1101.4971017837524
63830,1.250244140625,1101.6738276481628
63840,1.2502593994140625,1101.9588186740875
63850,1.2502899169921875,1102.0975568294525
63860,1.2502899169921875,1102.2569479942322
63870,1.2502899169921875,1102.423062801361
63880,1.2503204345703125,1102.6014778614044
63890,1.2503204345703125,1102.7581868171692
63900,1.250335693359375,1103.0879368782043
63910,1.2503814697265625,1103.2313537597656
63920,1.250396728515625,1103.4512078762054
63930,1.250396728515625,1103.6147618293762
63940,1.2504425048828125,1103.8000128269196
63950,1.2504425048828125,1103.9561517238617
63960,1.2504730224609375,1104.1015899181366
63970,1.25048828125,1104.3248329162598
63980,1.25048828125,1104.494482755661
63990,1.2505035400390625,1104.668795824051
64000,1.250518798828125,1104.8003866672516
64010,1.25054931640625,1104.9492909908295
64020,1.2505645751953125,1105.0996317863464
64030,1.250579833984375,1105.2942049503326
64040,1.2506103515625,1105.4423117637634
64050,1.2506103515625,1105.587574005127
64060,1.250640869140625,1105.7391276359558
64070,1.250640869140625,1105.9671788215637
64080,1.2506561279296875,1106.135850906372
64090,1.2506561279296875,1106.288293838501
64100,1.2506561279296875,1106.4464509487152
64110,1.25067138671875,1106.6284828186035
64120,1.2506866455078125,1106.7805666923523
64130,1.2506866455078125,1106.9463248252869
64140,1.2506866455078125,1107.1111488342285
64150,1.250701904296875,1107.2509098052979
64160,1.250732421875,1107.4344639778137
64170,1.2507476806640625,1107.5996987819672
64180,1.250762939453125,1107.7741858959198
64190,1.250762939453125,1107.934345960617
64200,1.2507781982421875,1108.0856318473816
64210,1.2508087158203125,1108.3717648983002
64220,1.2508087158203125,1108.5402228832245
64230,1.2508087158203125,1108.6965868473053
64240,1.2508544921875,1108.836315870285
64250,1.2508697509765625,1108.98504281044
64260,1.2508697509765625,1109.1363179683685
64270,1.250885009765625,1109.328002691269
64280,1.25091552734375,1109.4576120376587
64290,1.2509307861328125,1109.6319317817688
64300,1.250946044921875,1109.8135979175568
64310,1.250946044921875,1109.9849736690521
64320,1.2509613037109375,1110.156691789627
64330,1.2509765625,1110.330091714859
64340,1.2509918212890625,1110.4919607639313
64350,1.251007080078125,1110.6343758106232
64360,1.251007080078125,1110.7720127105713
64370,1.2510223388671875,1110.9261429309845
64380,1.25103759765625,1111.1044826507568
64390,1.25103759765625,1111.2758197784424
64400,1.251068115234375,1111.438048839569
64410,1.2510986328125,1111.5787768363953
64420,1.2510986328125,1111.9340369701385
64430,1.2511138916015625,1112.0737297534943
64440,1.25115966796875,1112.2153899669647
64450,1.25115966796875,1112.5510017871857
64460,1.2511749267578125,1112.7019529342651
64470,1.251190185546875,1112.854018688202
64480,1.2512054443359375,1113.0430929660797
64490,1.2512359619140625,1113.2160246372223
64500,1.251251220703125,1113.411251783371
64510,1.2512664794921875,1113.595921754837
64520,1.25128173828125,1113.7704529762268
64530,1.25128173828125,1113.9043567180634
64540,1.2512969970703125,1114.1361918449402
64550,1.2513427734375,1114.2961428165436
64560,1.2513427734375,1114.466594696045
64570,1.2513427734375,1114.6302328109741
64580,1.2513580322265625,1114.7981457710266
64590,1.2513885498046875,1114.968134880066
64600,1.2513885498046875,1115.1352047920227
64610,1.2513885498046875,1115.3191878795624
64620,1.2513885498046875,1115.5136089324951
64630,1.2513885498046875,1115.683475971222
64640,1.2514190673828125,1115.8251535892487
64650,1.251434326171875,1115.9877870082855
64660,1.251434326171875,1116.1356678009033
64670,1.25146484375,1116.3262677192688
64680,1.2514801025390625,1116.4971718788147
64690,1.2514801025390625,1116.6335518360138
64700,1.251495361328125,1116.8072957992554
64710,1.2515106201171875,1116.9999697208405
64720,1.2515411376953125,1117.1634907722473
64730,1.251556396484375,1117.3225228786469
64740,1.2515716552734375,1117.4688968658447
64750,1.2515869140625,1117.6016578674316
64760,1.2516326904296875,1117.8205478191376
64770,1.2516326904296875,1118.059761762619
64780,1.2516326904296875,1118.243311882019
64790,1.2516632080078125,1118.3881957530975
64800,1.251678466796875,1118.558245897293
64810,1.251678466796875,1118.7129290103912
64820,1.251708984375,1118.8750410079956
64830,1.251708984375,1119.0188698768616
64840,1.2517242431640625,1119.2066938877106
64850,1.251739501953125,1119.363430738449
64860,1.2517547607421875,1119.5118730068207
64870,1.2517547607421875,1119.683590888977
64880,1.2517852783203125,1119.8356728553772
64890,1.2518157958984375,1119.9846768379211
64900,1.2518157958984375,1120.1603226661682
64910,1.2518310546875,1120.3345618247986
64920,1.2518310546875,1120.47904586792
64930,1.2518463134765625,1120.6242487430573
64940,1.2518768310546875,1120.7604229450226
64950,1.25189208984375,1120.943708896637
64960,1.25189208984375,1121.1495108604431
64970,1.2519073486328125,1121.3177988529205
64980,1.2519378662109375,1121.4599368572235
64990,1.2519378662109375,1121.6009967327118
65000,1.251953125,1121.8010368347168
65010,1.2519683837890625,1121.9475209712982
65020,1.251983642578125,1122.066078901291
65030,1.2520294189453125,1122.205147743225
65040,1.2520294189453125,1122.3490307331085
65050,1.2520294189453125,1122.4607317447662
65060,1.252044677734375,1122.6210758686066
65070,1.2520751953125,1122.7752876281738
65080,1.2520751953125,1122.917401790619
65090,1.2520751953125,1123.094545841217
65100,1.2520751953125,1123.2959458827972
65110,1.252105712890625,1123.4455947875977
65120,1.252105712890625,1123.7142448425293
65130,1.2521209716796875,1123.9096958637238
65140,1.2521209716796875,1124.0496666431427
65150,1.2521514892578125,1124.2781717777252
65160,1.252166748046875,1124.405268907547
65170,1.252166748046875,1124.5534148216248
65180,1.2521820068359375,1124.6969108581543
65190,1.252197265625,1124.8770396709442
65200,1.2522125244140625,1125.0638499259949
65210,1.252227783203125,1125.2968819141388
65220,1.252227783203125,1125.4678897857666
65230,1.252227783203125,1125.7130727767944
65240,1.252288818359375,1125.849544763565
65250,1.2523040771484375,1126.0075199604034
65260,1.2523040771484375,1126.1391038894653
65270,1.2523345947265625,1126.3496189117432
65280,1.2523345947265625,1126.5115327835083
65290,1.252349853515625,1126.6881477832794
65300,1.2523651123046875,1126.8603918552399
65310,1.25238037109375,1127.1251637935638
65320,1.2523956298828125,1127.2919487953186
65330,1.252410888671875,1127.4783580303192
65340,1.2524261474609375,1127.6311728954315
65350,1.25244140625,1127.808346748352
65360,1.2524566650390625,1127.9948058128357
65370,1.25250244140625,1128.349895954132
65380,1.25250244140625,1128.4733128547668
65390,1.2525177001953125,1128.6933808326721
65400,1.252532958984375,1128.805231809616
65410,1.252532958984375,1128.9378979206085
65420,1.2525634765625,1129.1628170013428
65430,1.2525787353515625,1129.3876700401306
65440,1.2525787353515625,1129.5615718364716
65450,1.252593994140625,1129.7009358406067
65460,1.2526092529296875,1129.9021399021149
65470,1.2526397705078125,1130.1136119365692
65480,1.2526397705078125,1130.3120918273926
65490,1.2526702880859375,1130.5476338863373
65500,1.2526702880859375,1130.7026348114014
65510,1.2527008056640625,1130.8508369922638
65520,1.252716064453125,1131.0312016010284
65530,1.252716064453125,1131.225548028946
65540,1.2527313232421875,1131.381553888321
65550,1.252777099609375,1131.5366966724396
65560,1.252777099609375,1131.6842138767242
65570,1.252777099609375,1131.8468816280365
65580,1.2527923583984375,1132.0216777324677
65590,1.2528076171875,1132.1883487701416
65600,1.2528228759765625,1132.342583656311
65610,1.2528228759765625,1132.5178198814392
65620,1.2528228759765625,1132.6821727752686
65630,1.252838134765625,1132.8559749126434
65640,1.25286865234375,1132.9832417964935
65650,1.25286865234375,1133.1743648052216
65660,1.25286865234375,1133.3613450527191
65670,1.252899169921875,1133.4983477592468
65680,1.2529144287109375,1133.6809678077698
65690,1.2529144287109375,1133.843104839325
65700,1.252960205078125,1133.9822828769684
65710,1.2529754638671875,1134.182410955429
65720,1.25299072265625,1134.3454546928406
65730,1.2530059814453125,1134.5250868797302
65740,1.2530364990234375,1134.6691279411316
65750,1.2530517578125,1134.947569847107
65760,1.253082275390625,1135.0718357563019
65770,1.253082275390625,1135.210019826889
65780,1.253082275390625,1135.3476197719574
65790,1.25311279296875,1135.5168867111206
65800,1.25311279296875,1135.6820275783539
65810,1.2531280517578125,1135.8805146217346
65820,1.2531585693359375,1136.073576927185
65830,1.253173828125,1136.2484657764435
65840,1.253173828125,1136.39160490036
65850,1.2532196044921875,1136.5643799304962
65860,1.25323486328125,1136.7387425899506
65870,1.25323486328125,1136.9652769565582
65880,1.253265380859375,1137.1054847240448
65890,1.2532958984375,1137.311378955841
65900,1.2532958984375,1137.5026438236237
65910,1.2533111572265625,1137.6536667346954
65920,1.2533111572265625,1137.8646709918976
65930,1.2533416748046875,1138.0090668201447
65940,1.25335693359375,1138.1433427333832
65950,1.2533721923828125,1138.3017446994781
65960,1.253387451171875,1138.467212677002
65970,1.2534027099609375,1138.610046863556
65980,1.2534332275390625,1138.8028979301453
65990,1.2534332275390625,1138.9176757335663
66000,1.25347900390625,1139.040361881256
66010,1.25347900390625,1139.1796667575836
66020,1.2534942626953125,1139.3136308193207
66030,1.253509521484375,1139.447330713272
66040,1.2535247802734375,1139.6635887622833
66050,1.2535247802734375,1139.8085539340973
66060,1.2535552978515625,1140.0323886871338
66070,1.2535552978515625,1140.2496387958527
66080,1.2535552978515625,1140.454823732376
66090,1.253570556640625,1140.6398258209229
66100,1.2535858154296875,1140.7623805999756
66110,1.25360107421875,1140.987919807434
66120,1.253631591796875,1141.1407387256622
66130,1.2536468505859375,1141.305434703827
66140,1.2536468505859375,1141.441253900528
66150,1.253662109375,1141.57314991951
66160,1.2536773681640625,1141.7334537506104
66170,1.253692626953125,1141.8905086517334
66180,1.253692626953125,1142.0331950187683
66190,1.2537078857421875,1142.1576209068298
66200,1.25372314453125,1142.3155319690704
66210,1.25372314453125,1142.4843547344208
66220,1.2537689208984375,1142.6133728027344
66230,1.2537689208984375,1142.7611148357391
66240,1.2537841796875,1142.935673713684
66250,1.253814697265625,1143.079708814621
66260,1.253814697265625,1143.241868019104
66270,1.2563018798828125,1143.40531873703
66280,1.25634765625,1143.548603773117
66290,1.25634765625,1143.6889946460724
66300,1.2563629150390625,1143.8705477714539
66310,1.256378173828125,1144.0658309459686
66320,1.2563934326171875,1144.2429928779602
66330,1.2563934326171875,1144.4055166244507
66340,1.2564544677734375,1144.5721037387848
66350,1.2564544677734375,1144.7219829559326
66360,1.2564544677734375,1144.918316602707
66370,1.2564697265625,1145.1135528087616
66380,1.256500244140625,1145.2890617847443
66390,1.256500244140625,1145.4716889858246
66400,1.2565155029296875,1145.636070728302
66410,1.25653076171875,1145.827419757843
66420,1.25653076171875,1145.9671878814697
66430,1.256561279296875,1146.1435358524323
66440,1.256561279296875,1146.3556559085846
66450,1.2565765380859375,1146.4788999557495
66460,1.256622314453125,1146.6626958847046
66470,1.2566375732421875,1146.7960319519043
66480,1.2566375732421875,1146.9372227191925
66490,1.2566680908203125,1147.1052746772766
66500,1.2566680908203125,1147.262532711029
66510,1.2566680908203125,1147.423794746399
66520,1.2566986083984375,1147.5978889465332
66530,1.2566986083984375,1147.8427069187164
66540,1.2567291259765625,1148.0193498134613
66550,1.256744384765625,1148.2056617736816
66560,1.256744384765625,1148.4123089313507
66570,1.25677490234375,1148.5745787620544
66580,1.256805419921875,1148.7312088012695
66590,1.2568206787109375,1148.8949329853058
66600,1.2568206787109375,1149.0994617938995
66610,1.2568359375,1149.2565586566925
66620,1.2568511962890625,1149.5059657096863
66630,1.2568511962890625,1149.714198589325
66640,1.2568511962890625,1149.9628579616547
66650,1.2568511962890625,1150.1560218334198
66660,1.2568817138671875,1150.2914779186249
66670,1.25689697265625,1150.478465795517
66680,1.25689697265625,1150.7128117084503
66690,1.2569122314453125,1150.880688905716
66700,1.256927490234375,1151.00630569458
66710,1.2569580078125,1151.175597667694
66720,1.2569580078125,1151.3265187740326
66730,1.2569732666015625,1151.4984757900238
66740,1.2570037841796875,1151.6482758522034
66750,1.25701904296875,1151.8333868980408
66760,1.2570343017578125,1151.9833788871765
66770,1.257049560546875,1152.2021958827972
66780,1.257049560546875,1152.3682708740234
66790,1.257080078125,1152.5040788650513
66800,1.257080078125,1152.6918988227844
66810,1.257080078125,1152.8799319267273
66820,1.2571258544921875,1153.106925725937
66830,1.25714111328125,1153.268929719925
66840,1.25714111328125,1153.4527969360352
66850,1.257171630859375,1153.720951795578
66860,1.2572021484375,1153.8654687404633
66870,1.2572021484375,1154.0182399749756
66880,1.2572479248046875,1154.1725907325745
66890,1.2572479248046875,1154.32119679451
66900,1.2572784423828125,1154.5062577724457
66910,1.257293701171875,1154.7125968933105
66920,1.257293701171875,1154.8898878097534
66930,1.257293701171875,1155.0974078178406
66940,1.25732421875,1155.3060328960419
66950,1.2573699951171875,1155.4609637260437
66960,1.2573699951171875,1155.6360330581665
66970,1.25738525390625,1155.8244726657867
66980,1.257415771484375,1155.9726598262787
66990,1.257415771484375,1156.1255757808685
67000,1.2574310302734375,1156.3625898361206
67010,1.2574310302734375,1156.514131784439
67020,1.2574462890625,1156.6543009281158
67030,1.257476806640625,1156.8543639183044
67040,1.257476806640625,1157.0718648433685
67050,1.257476806640625,1157.2580659389496
67060,1.25750732421875,1157.384079694748
67070,1.2575225830078125,1157.5255718231201
67080,1.257537841796875,1157.6785488128662
67090,1.257537841796875,1157.8316779136658
67100,1.2575531005859375,1157.9841306209564
67110,1.257568359375,1158.165560722351
67120,1.2575836181640625,1158.3600199222565
67130,1.257598876953125,1158.530833721161
67140,1.257598876953125,1158.7740178108215
67150,1.25762939453125,1158.912710905075
67160,1.25762939453125,1159.0808458328247
67170,1.25762939453125,1159.3427999019623
67180,1.257659912109375,1159.484525680542
67190,1.2576904296875,1159.6613109111786
67200,1.2576904296875,1159.776282787323
67210,1.2577056884765625,1159.9354486465454
67220,1.2577362060546875,1160.0997166633606
67230,1.2577362060546875,1160.2470288276672
67240,1.2577667236328125,1160.4286427497864
67250,1.257781982421875,1160.668093919754
67260,1.257781982421875,1160.9406158924103
67270,1.2578125,1161.0736048221588
67280,1.2578277587890625,1161.277688741684
67290,1.2578277587890625,1161.4677457809448
67300,1.257843017578125,1161.6140007972717
67310,1.2578582763671875,1161.761608839035
67320,1.25787353515625,1161.9417977333069
67330,1.257904052734375,1162.083693742752
67340,1.257904052734375,1162.2373676300049
67350,1.258453369140625,1162.3978896141052
67360,1.25848388671875,1162.5747468471527
67370,1.25848388671875,1162.7073698043823
67380,1.25848388671875,1162.902762889862
67390,1.258514404296875,1163.051650762558
67400,1.258514404296875,1163.235003709793
67410,1.2585296630859375,1163.401133775711
67420,1.258544921875,1163.5817918777466
67430,1.2585601806640625,1163.7704377174377
67440,1.258575439453125,1163.9404559135437
67450,1.2586212158203125,1164.1389498710632
67460,1.2586212158203125,1164.281683921814
67470,1.258636474609375,1164.428006887436
67480,1.2586517333984375,1164.586006641388
67490,1.2586669921875,1164.7647297382355
67500,1.2586822509765625,1165.002270936966
67510,1.258697509765625,1165.1570496559143
67520,1.258697509765625,1165.2970366477966
67530,1.2587127685546875,1165.4315447807312
67540,1.25872802734375,1165.5925087928772
67550,1.2587432861328125,1165.7363467216492
67560,1.2587890625,1165.888900756836
67570,1.2588043212890625,1166.1309487819672
67580,1.258819580078125,1166.3201699256897
67590,1.2588348388671875,1166.5008299350739
67600,1.2588348388671875,1166.6761395931244
67610,1.25885009765625,1166.8623068332672
67620,1.258880615234375,1166.9988946914673
67630,1.2588958740234375,1167.1503267288208
67640,1.2588958740234375,1167.2736866474152
67650,1.2589111328125,1167.528704881668
67660,1.2589263916015625,1167.6829178333282
67670,1.258941650390625,1167.8197729587555
67680,1.2589569091796875,1167.9574418067932
67690,1.25897216796875,1168.0789468288422
67700,1.2589874267578125,1168.2084968090057
67710,1.259002685546875,1168.3813786506653
67720,1.2590179443359375,1168.5265426635742
67730,1.259033203125,1168.713288784027
67740,1.2590484619140625,1168.8611106872559
67750,1.2590789794921875,1169.0627210140228
67760,1.2590789794921875,1169.2358157634735
67770,1.25909423828125,1169.4255838394165
67780,1.2591094970703125,1169.6225218772888
67790,1.259124755859375,1169.7652218341827
67800,1.2591552734375,1170.0467257499695
67810,1.2591705322265625,1170.23894572258
67820,1.2591705322265625,1170.45920586586
67830,1.2591705322265625,1170.6045236587524
67840,1.2592010498046875,1170.8406567573547
67850,1.25921630859375,1171.0015497207642
67860,1.25921630859375,1171.2174248695374
67870,1.2592315673828125,1171.3743679523468
67880,1.2592620849609375,1171.552031993866
67890,1.25927734375,1171.7232828140259
67900,1.259307861328125,1171.864822626114
67910,1.259307861328125,1171.9993448257446
67920,1.25933837890625,1172.1651728153229
67930,1.25933837890625,1172.2781338691711
67940,1.259368896484375,1172.4211258888245
67950,1.2593994140625,1172.5608627796173
67960,1.2593994140625,1172.7558467388153
67970,1.259429931640625,1172.931293964386
67980,1.259429931640625,1173.042377948761
67990,1.259429931640625,1173.2044327259064
68000,1.25946044921875,1173.3399708271027
68010,1.25946044921875,1173.4762938022614
68020,1.259490966796875,1173.628833770752
68030,1.2595062255859375,1173.7994737625122
68040,1.259521484375,1173.9654667377472
68050,1.2595367431640625,1174.0992119312286
68060,1.259552001953125,1174.2353727817535
68070,1.25958251953125,1174.3973078727722
68080,1.25958251953125,1174.5719077587128
68090,1.2595977783203125,1174.7716789245605
68100,1.259613037109375,1174.915377855301
68110,1.259613037109375,1175.080825805664
68120,1.259613037109375,1175.2101428508759
68130,1.2596282958984375,1175.3607008457184
68140,1.2596435546875,1175.4950437545776
68150,1.2596435546875,1175.6485450267792
68160,1.2596893310546875,1175.8215906620026
68170,1.2596893310546875,1175.951679944992
68180,1.2597198486328125,1176.106166601181
68190,1.2597198486328125,1176.257230758667
68200,1.2597198486328125,1176.4524569511414
68210,1.2597503662109375,1176.5843677520752
68220,1.2597503662109375,1176.7347848415375
68230,1.259765625,1176.891756772995
68240,1.259796142578125,1177.0853638648987
68250,1.259796142578125,1177.261109828949
68260,1.25982666015625,1177.413804769516
68270,1.2598419189453125,1177.6105008125305
68280,1.2598419189453125,1177.7346680164337
68290,1.2598724365234375,1177.8857488632202
68300,1.2598876953125,1178.0223407745361
68310,1.2599334716796875,1178.2107787132263
68320,1.2599334716796875,1178.4394128322601
68330,1.25994873046875,1178.5963399410248
68340,1.2599639892578125,1178.7779598236084
68350,1.2599639892578125,1179.0290477275848
68360,1.259979248046875,1179.1976146697998
68370,1.260009765625,1179.3608567714691
68380,1.260009765625,1179.5303139686584
68390,1.2600250244140625,1179.7094469070435
68400,1.2600555419921875,1179.8919298648834
68410,1.2600860595703125,1180.0803709030151
68420,1.260101318359375,1180.2382967472076
68430,1.260101318359375,1180.385414838791
68440,1.260101318359375,1180.545206785202
68450,1.260162353515625,1180.6847867965698
68460,1.260162353515625,1180.8606107234955
68470,1.260162353515625,1181.0040016174316
68480,1.26019287109375,1181.1253497600555
68490,1.2602081298828125,1181.3046658039093
68500,1.2602081298828125,1181.4543988704681
68510,1.260223388671875,1181.7059478759766
68520,1.26025390625,1181.8920829296112
68530,1.2602691650390625,1182.0624887943268
68540,1.260284423828125,1182.2110369205475
68550,1.260284423828125,1182.3538508415222
68560,1.26031494140625,1182.498144865036
68570,1.2603302001953125,1182.6630628108978
68580,1.2603302001953125,1182.7822637557983
68590,1.260345458984375,1182.9771387577057
68600,1.260345458984375,1183.1568298339844
68610,1.2603607177734375,1183.3267278671265
68620,1.2603607177734375,1183.4960768222809
68630,1.2603759765625,1183.7166838645935
68640,1.2603759765625,1183.88796377182
68650,1.2603912353515625,1184.0685548782349
68660,1.260406494140625,1184.2181627750397
68670,1.26043701171875,1184.3911917209625
68680,1.26043701171875,1184.5289559364319
68690,1.2604522705078125,1184.6991076469421
68700,1.260467529296875,1184.8581519126892
68710,1.260467529296875,1185.016619682312
68720,1.260498046875,1185.2277147769928
68730,1.260498046875,1185.462043762207
68740,1.260528564453125,1185.580760717392
68750,1.2605743408203125,1185.750373840332
68760,1.2605743408203125,1185.916512966156
68770,1.2605743408203125,1186.0519948005676
68780,1.2606048583984375,1186.1728918552399
68790,1.2606353759765625,1186.308441877365
68800,1.2606353759765625,1186.504246711731
68810,1.2606353759765625,1186.6656649112701
68820,1.260650634765625,1186.8808529376984
68830,1.26068115234375,1187.0404527187347
68840,1.26068115234375,1187.2117438316345
68850,1.2606964111328125,1187.4086699485779
68860,1.2607269287109375,1187.578068971634
68870,1.2607421875,1187.757242679596
68880,1.2607574462890625,1187.9012928009033
68890,1.260772705078125,1188.0615117549896
68900,1.2607879638671875,1188.2380039691925
68910,1.2608184814453125,1188.3820359706879
68920,1.260833740234375,1188.5750479698181
68930,1.2608489990234375,1188.7419078350067
68940,1.2608642578125,1188.909705877304
68950,1.266998291015625,1189.0857169628143
68960,1.26702880859375,1189.3210937976837
68970,1.26702880859375,1189.4613978862762
68980,1.2670440673828125,1189.6201758384705
68990,1.2670440673828125,1189.7640027999878
69000,1.2670745849609375,1189.89612698555
69010,1.2670745849609375,1190.0502808094025
69020,1.2671051025390625,1190.182324886322
69030,1.267120361328125,1190.3518557548523
69040,1.267120361328125,1190.5389068126678
69050,1.2671356201171875,1190.7144808769226
69060,1.2671661376953125,1190.8470079898834
69070,1.2671661376953125,1191.0578048229218
69080,1.267181396484375,1191.193422794342
69090,1.2671966552734375,1191.3450257778168
69100,1.2672119140625,1191.5567679405212
69110,1.2672119140625,1191.770230770111
69120,1.2672271728515625,1191.9661827087402
69130,1.2672271728515625,1192.1297500133514
69140,1.2672271728515625,1192.3317077159882
69150,1.2672576904296875,1192.4768478870392
69160,1.2672882080078125,1192.6464099884033
69170,1.2672882080078125,1192.8115918636322
69180,1.267303466796875,1192.991793870926
69190,1.267333984375,1193.3440787792206
69200,1.267333984375,1193.4797558784485
69210,1.267364501953125,1193.604586839676
69220,1.2673797607421875,1193.8565707206726
69230,1.2673797607421875,1194.0210916996002
69240,1.2674102783203125,1194.1698486804962
69250,1.267425537109375,1194.3205997943878
69260,1.2674560546875,1194.4990248680115
69270,1.2674713134765625,1194.6596636772156
69280,1.2674713134765625,1194.8065898418427
69290,1.2674713134765625,1194.929447889328
69300,1.26751708984375,1195.1710226535797
69310,1.26751708984375,1195.3940680027008
69320,1.26751708984375,1195.5864896774292
69330,1.267547607421875,1195.735238790512
69340,1.2675628662109375,1195.9548058509827
69350,1.2675628662109375,1196.0773828029633
69360,1.2675933837890625,1196.2211787700653
69370,1.2675933837890625,1196.3928577899933
69380,1.267608642578125,1196.5433757305145
69390,1.26763916015625,1196.7122209072113
69400,1.26763916015625,1196.8481259346008
69410,1.26763916015625,1197.0221598148346
69420,1.267669677734375,1197.1637797355652
69430,1.2676849365234375,1197.2923667430878
69440,1.2677001953125,1197.4324488639832
69450,1.26776123046875,1197.6234538555145
69460,1.2677764892578125,1197.7818508148193
69470,1.2677764892578125,1197.9315588474274
69480,1.267791748046875,1198.0901288986206
69490,1.2678070068359375,1198.244500875473
69500,1.267822265625,1198.4113936424255
69510,1.267852783203125,1198.5909929275513
69520,1.2678680419921875,1198.7242138385773
69530,1.2678680419921875,1198.8949508666992
69540,1.26788330078125,1199.0468878746033
69550,1.2678985595703125,1199.2815597057343
69560,1.267913818359375,1199.426585674286
69570,1.2679290771484375,1199.6392378807068
69580,1.2679290771484375,1199.8043477535248
69590,1.2679595947265625,1199.9707026481628
69600,1.2679901123046875,1200.158281803131
69610,1.2679901123046875,1200.2752566337585
69620,1.2679901123046875,1200.434416770935
69630,1.2680206298828125,1200.5781168937683
69640,1.2680511474609375,1200.7752377986908
69650,1.26806640625,1200.9221079349518
69660,1.2680816650390625,1201.0624828338623
69670,1.2680816650390625,1201.242925643921
69680,1.268096923828125,1201.434087753296
69690,1.26812744140625,1201.6458947658539
69700,1.26812744140625,1201.7807586193085
69710,1.26812744140625,1201.9479267597198
69720,1.2681427001953125,1202.1053869724274
69730,1.2681732177734375,1202.3281087875366
69740,1.2681732177734375,1202.4740397930145
69750,1.268218994140625,1202.6809267997742
69760,1.268218994140625,1202.8612868785858
69770,1.2682342529296875,1203.0477719306946
69780,1.2682647705078125,1203.2245728969574
69790,1.268280029296875,1203.3529617786407
69800,1.2682952880859375,1203.5646677017212
69810,1.268310546875,1203.7221298217773
69820,1.268310546875,1203.8908627033234
69830,1.2683258056640625,1204.0545070171356
69840,1.26837158203125,1204.193954706192
69850,1.26837158203125,1204.3198626041412
69860,1.26837158203125,1204.4788737297058
69870,1.2684173583984375,1204.720707654953
69880,1.2684173583984375,1204.8858587741852
69890,1.2684326171875,1205.0574216842651
69900,1.2684478759765625,1205.2564857006073
69910,1.2684478759765625,1205.4108848571777
69920,1.268463134765625,1205.5487377643585
69930,1.2684783935546875,1205.7636218070984
69940,1.26849365234375,1205.957755804062
69950,1.268524169921875,1206.1210308074951
69960,1.2685546875,1206.2976968288422
69970,1.2685546875,1206.4402146339417
69980,1.2685699462890625,1206.6549277305603
69990,1.2686004638671875,1206.7924988269806
70000,1.2686004638671875,1206.9189429283142
70010,1.2686309814453125,1207.1881909370422
70020,1.2686309814453125,1207.3342447280884
70030,1.268646240234375,1207.469141960144
70040,1.268646240234375,1207.6114118099213
70050,1.2686614990234375,1207.7851059436798
70060,1.2686920166015625,1207.9214026927948
70070,1.268707275390625,1208.04540681839
70080,1.268707275390625,1208.1926798820496
70090,1.26873779296875,1208.354778766632
70100,1.268768310546875,1208.5049088001251
70110,1.268768310546875,1208.6731398105621
70120,1.2687835693359375,1208.9101147651672
70130,1.2687835693359375,1209.125247001648
70140,1.2687835693359375,1209.3423328399658
70150,1.2688140869140625,1209.5082476139069
70160,1.268829345703125,1209.653725862503
70170,1.2688446044921875,1209.838318824768
70180,1.26885986328125,1210.0024847984314
70190,1.2688751220703125,1210.1528718471527
70200,1.268890380859375,1210.2887587547302
70210,1.2689056396484375,1210.4432108402252
70220,1.2689208984375,1210.6089148521423
70230,1.268951416015625,1210.7622196674347
70240,1.2689666748046875,1210.9133079051971
70250,1.26898193359375,1211.057490825653
70260,1.26898193359375,1211.1898658275604
70270,1.269012451171875,1211.4181938171387
70280,1.2690277099609375,1211.616358757019
70290,1.2690277099609375,1211.75767660141
70300,1.2690582275390625,1211.9176959991455
70310,1.269073486328125,1212.0786108970642
70320,1.269073486328125,1212.2799167633057
70330,1.2690887451171875,1212.4270777702332
70340,1.26910400390625,1212.6299488544464
70350,1.269134521484375,1212.7690007686615
70360,1.2691497802734375,1212.930645942688
70370,1.2691650390625,1213.066030740738
70380,1.2691650390625,1213.2578327655792
70390,1.2691802978515625,1213.4262578487396
70400,1.269195556640625,1213.6085896492004
70410,1.2692108154296875,1213.7694509029388
70420,1.2692413330078125,1213.9641208648682
70430,1.2692413330078125,1214.145804643631
70440,1.269256591796875,1214.3110678195953
70450,1.269287109375,1214.4791288375854
70460,1.269287109375,1214.6769988536835
70470,1.269317626953125,1214.8895559310913
70480,1.26934814453125,1215.0522978305817
70490,1.26934814453125,1215.202808856964
70500,1.2693634033203125,1215.391560792923
70510,1.269378662109375,1215.5551927089691
70520,1.2693939208984375,1215.723448753357
70530,1.2693939208984375,1215.8520247936249
70540,1.2694244384765625,1216.0277917385101
70550,1.269439697265625,1216.213833808899
70560,1.269439697265625,1216.3832876682281
70570,1.2694549560546875,1216.5287327766418
70580,1.2694549560546875,1216.691701889038
70590,1.26947021484375,1216.8722717761993
70600,1.2694854736328125,1217.0650918483734
70610,1.2694854736328125,1217.1966037750244
70620,1.2694854736328125,1217.3711688518524
70630,1.2695159912109375,1217.517098903656
70640,1.26953125,1217.663940668106
70650,1.26953125,1217.8733236789703
70660,1.269561767578125,1218.0016996860504
70670,1.269561767578125,1218.1707656383514
70680,1.2695770263671875,1218.328243970871
70690,1.2696075439453125,1218.5310399532318
70700,1.269622802734375,1218.740746974945
70710,1.2696380615234375,1218.925494670868
70720,1.2696685791015625,1219.1333267688751
70730,1.2696685791015625,1219.2728860378265
70740,1.269683837890625,1219.4806189537048
70750,1.26971435546875,1219.659836769104
70760,1.26971435546875,1219.835376739502
70770,1.269744873046875,1220.0389728546143
70780,1.2697601318359375,1220.1780507564545
70790,1.2697601318359375,1220.336621761322
70800,1.269775390625,1220.4770896434784
70810,1.269805908203125,1220.6482298374176
70820,1.269805908203125,1220.8558728694916
70830,1.269805908203125,1221.0393507480621
70840,1.2698516845703125,1221.2086427211761
70850,1.2698516845703125,1221.3580749034882
70860,1.269866943359375,1221.548645734787
70870,1.269866943359375,1221.6877026557922
70880,1.269927978515625,1221.8593609333038
70890,1.269927978515625,1221.9989366531372
70900,1.269927978515625,1222.1859908103943
70910,1.2699432373046875,1222.3106019496918
70920,1.26995849609375,1222.432443857193
70930,1.269989013671875,1222.5694348812103
70940,1.2700042724609375,1222.7425427436829
70950,1.2700347900390625,1222.8886206150055
70960,1.270050048828125,1223.0214438438416
70970,1.2700653076171875,1223.1797969341278
70980,1.27008056640625,1223.3221697807312
70990,1.2700958251953125,1223.4929068088531
71000,1.270111083984375,1223.6862199306488
71010,1.270111083984375,1223.8684799671173
71020,1.2701263427734375,1224.0461089611053
71030,1.2701568603515625,1224.1685209274292
71040,1.2701568603515625,1224.324872970581
71050,1.270172119140625,1224.5101788043976
71060,1.27020263671875,1224.6803057193756
71070,1.27020263671875,1224.9065799713135
71080,1.2702178955078125,1225.0616438388824
71090,1.270233154296875,1225.275958776474
71100,1.2702484130859375,1225.4405937194824
71110,1.270263671875,1225.5879900455475
71120,1.270263671875,1225.7490758895874
71130,1.270263671875,1225.9325287342072
71140,1.270263671875,1226.1049237251282
71150,1.270294189453125,1226.2527606487274
71160,1.270294189453125,1226.431088924408
71170,1.270294189453125,1226.6170358657837
71180,1.27032470703125,1226.8299169540405
71190,1.270355224609375,1226.9507718086243
71200,1.2703704833984375,1227.076423883438
71210,1.2703857421875,1227.2102069854736
71220,1.2704010009765625,1227.3881087303162
71230,1.270416259765625,1227.5891709327698
71240,1.2704315185546875,1227.7614967823029
71250,1.27044677734375,1227.931876897812
71260,1.2704620361328125,1228.1001498699188
71270,1.270477294921875,1228.2521369457245
71280,1.2704925537109375,1228.4084029197693
71290,1.2704925537109375,1228.5750079154968
71300,1.270538330078125,1228.7442848682404
71310,1.270538330078125,1228.900331735611
71320,1.270538330078125,1229.0489547252655
71330,1.27056884765625,1229.216945886612
71340,1.2705841064453125,1229.3266608715057
71350,1.270599365234375,1229.5467808246613
71360,1.2706146240234375,1229.6944777965546
71370,1.2706146240234375,1229.83904671669
71380,1.2706146240234375,1230.0575506687164
71390,1.270660400390625,1230.2017667293549
71400,1.2706756591796875,1230.3490896224976
71410,1.2706756591796875,1230.4905710220337
71420,1.2707061767578125,1230.697999715805
71430,1.2707061767578125,1230.8397467136383
71440,1.2707061767578125,1231.0437240600586
71450,1.270782470703125,1231.1985878944397
71460,1.270782470703125,1231.3745818138123
71470,1.270782470703125,1231.5361437797546
71480,1.2724151611328125,1231.7266607284546
71490,1.272430419921875,1231.9003007411957
71500,1.272430419921875,1232.055000782013
71510,1.2724456787109375,1232.2556936740875
71520,1.2724456787109375,1232.4090030193329
71530,1.2724609375,1232.5758678913116
71540,1.272491455078125,1232.7807428836823
71550,1.2725067138671875,1232.9513528347015
71560,1.2725067138671875,1233.1133906841278
71570,1.272552490234375,1233.292145729065
71580,1.272552490234375,1233.4820268154144
71590,1.272552490234375,1233.706242799759
71600,1.2725677490234375,1233.8258068561554
71610,1.2725830078125,1233.9895567893982
71620,1.2725830078125,1234.2812097072601
71630,1.2725830078125,1234.453233718872
71640,1.272613525390625,1234.6109309196472
71650,1.272613525390625,1234.847764968872
71660,1.2726287841796875,1235.0401349067688
71670,1.2726287841796875,1235.2276496887207
71680,1.2726593017578125,1235.3919308185577
71690,1.272705078125,1235.595051765442
71700,1.272705078125,1235.7233469486237
71710,1.2727203369140625,1235.8635578155518
71720,1.272735595703125,1236.024808883667
71730,1.2727508544921875,1236.2087109088898
71740,1.2727508544921875,1236.3348338603973
71750,1.272796630859375,1236.4565677642822
71760,1.272796630859375,1236.6032807826996
71770,1.2728118896484375,1236.7440507411957
71780,1.2728271484375,1236.9056766033173
71790,1.2728424072265625,1237.051306962967
71800,1.2728424072265625,1237.1790289878845
71810,1.2729034423828125,1237.34170794487
71820,1.2729034423828125,1237.5155940055847
71830,1.272918701171875,1237.6776597499847
71840,1.2729644775390625,1237.8587336540222
71850,1.2729644775390625,1238.0810046195984
71860,1.2729644775390625,1238.3166718482971
71870,1.272979736328125,1238.4641869068146
71880,1.27301025390625,1238.5931677818298
71890,1.27301025390625,1238.7647967338562
71900,1.2730255126953125,1238.928190946579
71910,1.2730255126953125,1239.1365299224854
71920,1.2730255126953125,1239.348364830017
71930,1.273101806640625,1239.570482969284
71940,1.2731170654296875,1239.7680099010468
71950,1.27313232421875,1239.9231579303741
71960,1.273162841796875,1240.065379858017
71970,1.273162841796875,1240.2281279563904
71980,1.2731781005859375,1240.3819918632507
71990,1.273223876953125,1240.6167769432068
72000,1.2732391357421875,1240.7857947349548
72010,1.2732391357421875,1240.9166736602783
72020,1.2732696533203125,1241.1967370510101
72030,1.2732696533203125,1241.365972995758
72040,1.273284912109375,1241.5812799930573
72050,1.2733154296875,1241.7383859157562
72060,1.2733154296875,1241.914363861084
72070,1.2733306884765625,1242.0655617713928
72080,1.2733612060546875,1242.2293109893799
72090,1.2733612060546875,1242.3663878440857
72100,1.2733612060546875,1242.5337007045746
72110,1.2733917236328125,1242.6838068962097
72120,1.2733917236328125,1242.8629319667816
72130,1.2733917236328125,1242.9814059734344
72140,1.2733917236328125,1243.1451168060303
72150,1.2734222412109375,1243.3200347423553
72160,1.2734527587890625,1243.5041637420654
72170,1.2734832763671875,1243.6563799381256
72180,1.2734832763671875,1243.813402891159
72190,1.2735137939453125,1243.9640328884125
72200,1.273529052734375,1244.1283938884735
72210,1.273529052734375,1244.2871208190918
72220,1.273529052734375,1244.4269828796387
72230,1.2735748291015625,1244.5638389587402
72240,1.2735748291015625,1244.7093408107758
72250,1.273590087890625,1244.9669239521027
72260,1.27362060546875,1245.145207643509
72270,1.27362060546875,1245.2920997142792
72280,1.2736358642578125,1245.4565539360046
72290,1.273651123046875,1245.572170972824
72300,1.273681640625,1245.7227289676666
72310,1.273681640625,1245.9256708621979
72320,1.273712158203125,1246.0665516853333
72330,1.2737274169921875,1246.2410266399384
72340,1.2737274169921875,1246.4302928447723
72350,1.27374267578125,1246.5977289676666
72360,1.27374267578125,1246.7553107738495
72370,1.2737579345703125,1246.9089977741241
72380,1.2737884521484375,1247.1150877475739
72390,1.2737884521484375,1247.2784099578857
72400,1.2738037109375,1247.3940958976746
72410,1.273834228515625,1247.574721813202
72420,1.2738494873046875,1247.7389628887177
72430,1.2738494873046875,1247.895011663437
72440,1.273895263671875,1248.0748417377472
72450,1.2739105224609375,1248.229680776596
72460,1.2739105224609375,1248.4340076446533
72470,1.2739105224609375,1248.5956139564514
72480,1.2739410400390625,1248.768005847931
72490,1.273956298828125,1248.9292039871216
72500,1.273956298828125,1249.1427648067474
72510,1.2739715576171875,1249.2905187606812
72520,1.27398681640625,1249.4189839363098
72530,1.2740020751953125,1249.540165901184
72540,1.2740325927734375,1249.7123107910156
72550,1.2740325927734375,1249.894339799881
72560,1.2740478515625,1250.0664110183716
72570,1.274078369140625,1250.2435958385468
72580,1.274078369140625,1250.4497799873352
72590,1.274078369140625,1250.606194972992
72600,1.274078369140625,1250.7725627422333
72610,1.27410888671875,1250.9162466526031
72620,1.27410888671875,1251.1134059429169
72630,1.2741241455078125,1251.228708744049
72640,1.2741241455078125,1251.4713168144226
72650,1.2741546630859375,1251.6502437591553
72660,1.2741851806640625,1251.7697138786316
72670,1.274200439453125,1252.0076217651367
72680,1.274200439453125,1252.2785527706146
72690,1.2742462158203125,1252.426130771637
72700,1.2742462158203125,1252.6176118850708
72710,1.2742462158203125,1252.8118216991425
72720,1.2742919921875,1252.9798016548157
72730,1.2742919921875,1253.1283419132233
72740,1.2742919921875,1253.289273738861
72750,1.274322509765625,1253.4910609722137
72760,1.274322509765625,1253.68865275383
72770,1.2743377685546875,1253.8676137924194
72780,1.2743682861328125,1254.0295259952545
72790,1.2743682861328125,1254.2125318050385
72800,1.274383544921875,1254.376719713211
72810,1.2744140625,1254.5534527301788
72820,1.2744293212890625,1254.7279119491577
72830,1.2744293212890625,1254.8827838897705
72840,1.274444580078125,1255.0548348426819
72850,1.2744598388671875,1255.2585289478302
72860,1.27447509765625,1255.4059886932373
72870,1.2744903564453125,1255.5749959945679
72880,1.2744903564453125,1255.7221097946167
72890,1.274505615234375,1255.8808319568634
72900,1.2745513916015625,1256.0781886577606
72910,1.2745513916015625,1256.2318699359894
72920,1.2745513916015625,1256.3950808048248
72930,1.2745819091796875,1256.5410649776459
72940,1.27459716796875,1256.731538772583
72950,1.2746124267578125,1256.9548637866974
72960,1.274627685546875,1257.2512917518616
72970,1.274627685546875,1257.4180150032043
72980,1.274658203125,1257.6184468269348
72990,1.2746734619140625,1257.7624566555023
73000,1.2746734619140625,1257.9497609138489
73010,1.2746734619140625,1258.1052536964417
73020,1.2747344970703125,1258.29531788826
73030,1.274749755859375,1258.487833738327
73040,1.274749755859375,1258.6527597904205
73050,1.2747802734375,1258.8081798553467
73060,1.2747802734375,1258.9793689250946
73070,1.2747802734375,1259.1719107627869
73080,1.274810791015625,1259.3808760643005
73090,1.274810791015625,1259.5266308784485
73100,1.2748260498046875,1259.6863038539886
73110,1.27484130859375,1259.8313298225403
73120,1.27484130859375,1259.968282699585
73130,1.27484130859375,1260.1032860279083
73140,1.274871826171875,1260.2661397457123
73150,1.2748870849609375,1260.4014167785645
73160,1.2748870849609375,1260.6500799655914
73170,1.27490234375,1260.808688879013
73180,1.2749176025390625,1260.939859867096
73190,1.2749176025390625,1261.110390663147
73200,1.2749481201171875,1261.2460596561432
73210,1.2749481201171875,1261.3994669914246
73220,1.27496337890625,1261.6011216640472
73230,1.2749786376953125,1261.7955367565155
73240,1.274993896484375,1261.9676139354706
73250,1.2750091552734375,1262.133190870285
73260,1.2750244140625,1262.319781780243
73270,1.2750701904296875,1262.5601398944855
73280,1.2750701904296875,1262.6999907493591
73290,1.275115966796875,1262.8622448444366
73300,1.275115966796875,1263.007376909256
73310,1.275115966796875,1263.1804547309875
73320,1.2751312255859375,1263.3787546157837
73330,1.2751312255859375,1263.5647039413452
73340,1.2751617431640625,1263.720202922821
73350,1.2751922607421875,1263.8898658752441
73360,1.2751922607421875,1264.058477640152
73370,1.2752227783203125,1264.2318007946014
73380,1.275238037109375,1264.3858349323273
73390,1.2752532958984375,1264.5302846431732
73400,1.2752685546875,1264.8037338256836
73410,1.2752838134765625,1264.9936578273773
73420,1.2752838134765625,1265.1651320457458
73430,1.2753143310546875,1265.4356579780579
73440,1.2753448486328125,1265.5786309242249
73450,1.275360107421875,1265.7544209957123
73460,1.2753753662109375,1265.9083967208862
73470,1.275390625,1266.0520429611206
73480,1.275390625,1266.1848859786987
73490,1.275421142578125,1266.3516218662262
73500,1.2754364013671875,1266.5208508968353
73510,1.27545166015625,1266.6880939006805
73520,1.27545166015625,1266.8779258728027
73530,1.2754974365234375,1267.0792167186737
73540,1.2754974365234375,1267.2290828227997
73550,1.2754974365234375,1267.379154920578
73560,1.2754974365234375,1267.5169398784637
73570,1.2755126953125,1267.6687276363373
73580,1.275543212890625,1267.818422794342
73590,1.275543212890625,1267.9702637195587
73600,1.2755584716796875,1268.1970207691193
73610,1.27557373046875,1268.323989868164
73620,1.2755889892578125,1268.4919049739838
73630,1.275604248046875,1268.6680917739868
73640,1.275604248046875,1268.840896844864
73650,1.2756195068359375,1268.986972808838
73660,1.2756500244140625,1269.1479518413544
73670,1.2756500244140625,1269.3158848285675
73680,1.275665283203125,1269.474642753601
73690,1.2756805419921875,1269.6234056949615
73700,1.27569580078125,1269.7736010551453
73710,1.27569580078125,1269.9681289196014
73720,1.275726318359375,1270.108779668808
73730,1.2757415771484375,1270.3041908740997
73740,1.2757415771484375,1270.475520849228
73750,1.275787353515625,1270.6355628967285
73760,1.2758026123046875,1270.8011507987976
73770,1.2758026123046875,1270.9756999015808
73780,1.27581787109375,1271.158525943756
73790,1.2758331298828125,1271.303349018097
73800,1.275848388671875,1271.4690158367157
73810,1.2758636474609375,1271.6416120529175
73820,1.2758636474609375,1271.800971031189
73830,1.27587890625,1271.9420669078827
73840,1.275909423828125,1272.1007678508759
73850,1.275909423828125,1272.2565927505493
73860,1.275909423828125,1272.412801027298
73870,1.2759552001953125,1272.5655386447906
73880,1.275970458984375,1272.7702338695526
73890,1.2759857177734375,1272.9455258846283
73900,1.2760009765625,1273.170483827591
73910,1.2760162353515625,1273.342946767807
73920,1.276031494140625,1273.5229828357697
73930,1.2760467529296875,1273.661456823349
73940,1.27606201171875,1273.8093576431274
73950,1.276092529296875,1273.9654307365417
73960,1.276123046875,1274.1203436851501
73970,1.276123046875,1274.2833738327026
73980,1.276123046875,1274.457614660263
73990,1.2761688232421875,1274.6320567131042
74000,1.2761688232421875,1274.7987787723541
74010,1.27618408203125,1274.966692686081
74020,1.2761993408203125,1275.1985399723053
74030,1.276214599609375,1275.3479387760162
74040,1.2762298583984375,1275.5183990001678
74050,1.2762451171875,1275.6897468566895
74060,1.2762603759765625,1275.8531210422516
74070,1.2762603759765625,1276.0467138290405
74080,1.2762908935546875,1276.242635011673
74090,1.2762908935546875,1276.414654970169
74100,1.27630615234375,1276.5656666755676
74110,1.27630615234375,1276.848275899887
74120,1.2763519287109375,1276.9971098899841
74130,1.2763671875,1277.2064146995544
74140,1.2763824462890625,1277.358687877655
74150,1.2763824462890625,1277.5095098018646
74160,1.276397705078125,1277.6755728721619
74170,1.2764129638671875,1277.801873922348
74180,1.27642822265625,1277.979770898819
74190,1.27642822265625,1278.141608953476
74200,1.2764892578125,1278.396458864212
74210,1.2764892578125,1278.554965019226
74220,1.2764892578125,1278.7540407180786
74230,1.276519775390625,1278.889476776123
74240,1.2765350341796875,1279.173565864563
74250,1.27655029296875,1279.3174757957458
74260,1.276580810546875,1279.4786088466644
74270,1.276580810546875,1279.619435787201
74280,1.276580810546875,1279.7541098594666
74290,1.2766265869140625,1279.9247906208038
74300,1.276641845703125,1280.1238107681274
74310,1.276641845703125,1280.2917528152466
74320,1.2766571044921875,1280.4272048473358
74330,1.2766876220703125,1280.578920841217
74340,1.2766876220703125,1280.7499277591705
74350,1.2766876220703125,1280.892874956131
74360,1.2767333984375,1281.0479757785797
74370,1.2767333984375,1281.21506690979
74380,1.2767486572265625,1281.3585269451141
74390,1.276763916015625,1281.5862157344818
74400,1.2767791748046875,1281.78458070755
74410,1.2767791748046875,1281.9964427947998
74420,1.27679443359375,1282.2448108196259
74430,1.2768096923828125,1282.44389295578
74440,1.276824951171875,1282.605165719986
74450,1.27685546875,1282.75328373909
74460,1.2768707275390625,1282.9585478305817
74470,1.2768707275390625,1283.11873793602
74480,1.27691650390625,1283.2860958576202
74490,1.27691650390625,1283.4518508911133
74500,1.27691650390625,1283.5727229118347
74510,1.276947021484375,1283.7292258739471
74520,1.2769622802734375,1283.9756088256836
74530,1.2769775390625,1284.180600643158
74540,1.2769927978515625,1284.314472913742
74550,1.277008056640625,1284.4570989608765
74560,1.2770233154296875,1284.620718717575
74570,1.27703857421875,1284.7492759227753
74580,1.27703857421875,1284.8972387313843
74590,1.277069091796875,1285.1415748596191
74600,1.2770843505859375,1285.3311927318573
74610,1.2770843505859375,1285.4811267852783
74620,1.2770843505859375,1285.6351578235626
74630,1.277099609375,1285.772037744522
74640,1.2771148681640625,1285.952125787735
74650,1.2771148681640625,1286.1440489292145
74660,1.277130126953125,1286.299724817276
74670,1.27716064453125,1286.4441118240356
74680,1.27716064453125,1286.5978198051453
74690,1.277191162109375,1286.7978718280792
74700,1.277191162109375,1286.9797596931458
74710,1.2772064208984375,1287.1736557483673
74720,1.277252197265625,1287.3028018474579
74730,1.277252197265625,1287.4321818351746
74740,1.277252197265625,1287.5980370044708
74750,1.2772979736328125,1287.7560257911682
74760,1.277313232421875,1287.9306638240814
74770,1.277313232421875,1288.114266872406
74780,1.27734375,1288.311815738678
74790,1.27734375,1288.4706528186798
74800,1.2773590087890625,1288.7557468414307
74810,1.277374267578125,1288.9184257984161
74820,1.2773895263671875,1289.0660037994385
74830,1.2773895263671875,1289.2145447731018
74840,1.2774200439453125,1289.3584887981415
74850,1.277435302734375,1289.5105798244476
74860,1.277435302734375,1289.7116589546204
74870,1.2774658203125,1289.8595657348633
74880,1.2774810791015625,1289.9961488246918
74890,1.2774810791015625,1290.1754767894745
74900,1.277496337890625,1290.3347098827362
74910,1.2775115966796875,1290.4850487709045
74920,1.27752685546875,1290.6317558288574
74930,1.2775421142578125,1290.791559934616
74940,1.2775421142578125,1290.961503982544
74950,1.2775726318359375,1291.1013958454132
74960,1.2776031494140625,1291.295973777771
74970,1.277618408203125,1291.4792819023132
74980,1.277618408203125,1291.6540458202362
74990,1.27764892578125,1291.9393339157104
75000,1.2776641845703125,1292.1048319339752
75010,1.277679443359375,1292.345755815506
75020,1.2776947021484375,1292.5027678012848
75030,1.2777099609375,1292.6251728534698
75040,1.277740478515625,1292.8268628120422
75050,1.2777557373046875,1293.0578949451447
75060,1.2777557373046875,1293.2279098033905
75070,1.2777557373046875,1293.4014756679535
75080,1.2777862548828125,1293.6489198207855
75090,1.2778167724609375,1293.8185946941376
75100,1.2778167724609375,1293.9703879356384
75110,1.2778167724609375,1294.0956506729126
75120,1.2778472900390625,1294.23921084404
75130,1.2778472900390625,1294.4774527549744
75140,1.2778472900390625,1294.643539905548
75150,1.277862548828125,1294.7770068645477
75160,1.277862548828125,1294.9994897842407
75170,1.27789306640625,1295.1393296718597
75180,1.2779083251953125,1295.3446469306946
75190,1.2779083251953125,1295.5824267864227
75200,1.2779388427734375,1295.7039697170258
75210,1.2779541015625,1295.8566098213196
75220,1.2779693603515625,1296.0153369903564
75230,1.277984619140625,1296.1809158325195
75240,1.2779998779296875,1296.3233218193054
75250,1.2780303955078125,1296.4659078121185
75260,1.278045654296875,1296.6155157089233
75270,1.278045654296875,1296.7881395816803
75280,1.2780609130859375,1297.0346958637238
75290,1.2780914306640625,1297.2228927612305
75300,1.2780914306640625,1297.3988816738129
75310,1.2780914306640625,1297.573612689972
75320,1.278106689453125,1297.7678956985474
75330,1.27813720703125,1297.9873747825623
75340,1.27813720703125,1298.1076600551605
75350,1.278167724609375,1298.2408246994019
75360,1.2781829833984375,1298.4030249118805
75370,1.2781829833984375,1298.613963842392
75380,1.2781982421875,1298.7546360492706
75390,1.278228759765625,1298.9536378383636
75400,1.2782440185546875,1299.1164808273315
75410,1.27825927734375,1299.2535557746887
75420,1.27825927734375,1299.412871837616
75430,1.278289794921875,1299.5323238372803
75440,1.278289794921875,1299.6824657917023
75450,1.2783203125,1299.9150128364563
75460,1.2783355712890625,1300.0966279506683
75470,1.2783660888671875,1300.3097038269043
75480,1.27838134765625,1300.4590756893158
75490,1.27838134765625,1300.6063587665558
75500,1.2783966064453125,1300.7882418632507
75510,1.278411865234375,1300.9619436264038
75520,1.278411865234375,1301.1154189109802
75530,1.278411865234375,1301.2942168712616
75540,1.2784576416015625,1301.5103597640991
75550,1.2784576416015625,1301.6585068702698
75560,1.2784576416015625,1301.8373808860779
75570,1.2784881591796875,1302.1108417510986
75580,1.2785186767578125,1302.2572448253632
75590,1.2785186767578125,1302.4059855937958
75600,1.278533935546875,1302.6373267173767
75610,1.2785491943359375,1302.7896478176117
75620,1.2785491943359375,1302.9423658847809
75630,1.278564453125,1303.1613047122955
75640,1.278564453125,1303.3420357704163
75650,1.278564453125,1303.6601626873016
75660,1.2785797119140625,1303.8175790309906
75670,1.278594970703125,1304.0147099494934
75680,1.278594970703125,1304.214411020279
75690,1.27862548828125,1304.386905670166
75700,1.278656005859375,1304.5335087776184
75710,1.278656005859375,1304.6771667003632
75720,1.2786712646484375,1304.8882057666779
75730,1.2786712646484375,1305.0535769462585
75740,1.2786865234375,1305.228247642517
75750,1.2787322998046875,1305.4135706424713
75760,1.2787322998046875,1305.6298129558563
75770,1.27874755859375,1305.8005409240723
75780,1.278778076171875,1305.9331257343292
75790,1.2787933349609375,1306.0732507705688
75800,1.2787933349609375,1306.22611784935
75810,1.2788238525390625,1306.384174823761
75820,1.278839111328125,1306.587590932846
75830,1.278839111328125,1306.7481348514557
75840,1.27886962890625,1306.906625032425
75850,1.27886962890625,1307.0685727596283
75860,1.2788848876953125,1307.23131275177
75870,1.2789154052734375,1307.392520904541
75880,1.2789154052734375,1307.5409610271454
75890,1.2789154052734375,1307.6993956565857
75900,1.278961181640625,1307.8627607822418
75910,1.278961181640625,1308.023461818695
75920,1.2789764404296875,1308.1994676589966
75930,1.27899169921875,1308.358491897583
75940,1.2790374755859375,1308.5025746822357
75950,1.2790374755859375,1308.6254336833954
75960,1.2790985107421875,1308.791925907135
75970,1.27911376953125,1308.966692686081
75980,1.27911376953125,1309.128931760788
75990,1.2791290283203125,1309.2668249607086
76000,1.2791290283203125,1309.4037399291992
76010,1.2791595458984375,1309.5631728172302
76020,1.2791748046875,1309.733434677124
76030,1.2791748046875,1309.9483377933502
76040,1.2791748046875,1310.165462732315
76050,1.2792205810546875,1310.4579257965088
76060,1.27923583984375,1310.6263048648834
76070,1.27923583984375,1310.7756369113922
76080,1.279266357421875,1310.9110667705536
76090,1.2792816162109375,1311.085402727127
76100,1.279296875,1311.2316238880157
76110,1.279296875,1311.4638216495514
76120,1.279296875,1311.6594598293304
76130,1.2793121337890625,1311.7832467556
76140,1.2793121337890625,1311.922358751297
76150,1.279327392578125,1312.0625758171082
76160,1.2793426513671875,1312.2047548294067
76170,1.27935791015625,1312.3608009815216
76180,1.2793731689453125,1312.5402677059174
76190,1.279388427734375,1312.6841909885406
76200,1.2794036865234375,1312.8981387615204
76210,1.2794189453125,1313.109344959259
76220,1.2794189453125,1313.257628917694
76230,1.279449462890625,1313.445654630661
76240,1.2794647216796875,1313.6344439983368
76250,1.2794952392578125,1313.8801958560944
76260,1.279510498046875,1314.0302946567535
76270,1.279541015625,1314.1740758419037
76280,1.279541015625,1314.364759683609
76290,1.2795562744140625,1314.5278856754303
76300,1.2795867919921875,1314.6721677780151
76310,1.2795867919921875,1314.8503558635712
76320,1.2873382568359375,1315.212466955185
76330,1.287353515625,1315.3481919765472
76340,1.287353515625,1315.492122888565
76350,1.2873687744140625,1315.6506896018982
76360,1.2873992919921875,1315.8109686374664
76370,1.2873992919921875,1315.9803986549377
76380,1.28741455078125,1316.1558728218079
76390,1.2874298095703125,1316.2975327968597
76400,1.287445068359375,1316.4845838546753
76410,1.287445068359375,1316.6876966953278
76420,1.2874603271484375,1316.860762834549
76430,1.2874755859375,1317.0724828243256
76440,1.287506103515625,1317.2603919506073
76450,1.2875213623046875,1317.3985569477081
76460,1.28753662109375,1317.6070108413696
76470,1.2875518798828125,1317.7775156497955
76480,1.287567138671875,1317.9942388534546
76490,1.2875823974609375,1318.198369026184
76500,1.2875823974609375,1318.4029507637024
76510,1.2876129150390625,1318.5393767356873
76520,1.287628173828125,1318.6879906654358
76530,1.287628173828125,1318.877380847931
76540,1.28765869140625,1319.0525987148285
76550,1.2877197265625,1319.248816728592
76560,1.2877349853515625,1319.388163805008
76570,1.287750244140625,1319.5563399791718
76580,1.2877655029296875,1319.7513127326965
76590,1.28778076171875,1319.8961718082428
76600,1.2877960205078125,1320.072509765625
76610,1.287811279296875,1320.2284688949585
76620,1.2878265380859375,1320.4226868152618
76630,1.287841796875,1320.5412826538086
76640,1.287841796875,1320.6936247348785
76650,1.287841796875,1320.8157968521118
76660,1.287872314453125,1320.9744279384613
76670,1.2878875732421875,1321.1669828891754
76680,1.2878875732421875,1321.3209507465363
76690,1.28790283203125,1321.4758868217468
76700,1.2879180908203125,1321.5935328006744
76710,1.287933349609375,1321.7453246116638
76720,1.2879486083984375,1321.885273694992
76730,1.2879638671875,1322.040638923645
76740,1.2879638671875,1322.2021758556366
76750,1.2880096435546875,1322.3585488796234
76760,1.2880096435546875,1322.503220796585
76770,1.2880096435546875,1322.6649208068848
76780,1.288055419921875,1322.8753027915955
76790,1.2880859375,1323.1039769649506
76800,1.2880859375,1323.2254090309143
76810,1.2881011962890625,1323.3579177856445
76820,1.2881317138671875,1323.5203657150269
76830,1.2881317138671875,1323.6575558185577
76840,1.28814697265625,1323.8166217803955
76850,1.28814697265625,1323.9814348220825
76860,1.2881927490234375,1324.113214969635
76870,1.2882080078125,1324.2577698230743
76880,1.2882080078125,1324.4737317562103
76890,1.2882080078125,1324.627332687378
76900,1.2882232666015625,1324.789589881897
76910,1.28826904296875,1324.9750447273254
76920,1.28826904296875,1325.1774559020996
76930,1.2882843017578125,1325.3214337825775
76940,1.288299560546875,1325.475290775299
76950,1.2883148193359375,1325.6038038730621
76960,1.288360595703125,1325.827746629715
76970,1.288360595703125,1325.986737728119
76980,1.2883758544921875,1326.1282587051392
76990,1.28839111328125,1326.2800147533417
77000,1.28839111328125,1326.4285187721252
77010,1.288421630859375,1326.5739858150482
77020,1.2884368896484375,1326.7405519485474
77030,1.2884521484375,1326.9095578193665
77040,1.2884674072265625,1327.12127161026
77050,1.288482666015625,1327.2831778526306
77060,1.2884979248046875,1327.4198818206787
77070,1.2884979248046875,1327.5666387081146
77080,1.28851318359375,1327.756285905838
77090,1.28851318359375,1327.8903868198395
77100,1.2885284423828125,1328.121397972107
77110,1.288543701171875,1328.2550327777863
77120,1.288543701171875,1328.4562277793884
77130,1.2885589599609375,1328.6520218849182
77140,1.28857421875,1328.8619787693024
77150,1.288604736328125,1329.0533847808838
77160,1.2886199951171875,1329.2551968097687
77170,1.28863525390625,1329.4604887962341
77180,1.28863525390625,1329.643572807312
77190,1.2886505126953125,1329.7913448810577
77200,1.288665771484375,1329.9639339447021
77210,1.2886810302734375,1330.1073179244995
77220,1.2887115478515625,1330.3081068992615
77230,1.2887115478515625,1330.52130484581
77240,1.288726806640625,1330.683998823166
77250,1.288726806640625,1330.8354697227478
77260,1.288726806640625,1331.0263028144836
77270,1.28875732421875,1331.1642367839813
77280,1.2888031005859375,1331.367223739624
77290,1.2888031005859375,1331.520034790039
77300,1.2888336181640625,1331.6977636814117
77310,1.2888336181640625,1331.8508758544922
77320,1.2888336181640625,1332.0241179466248
77330,1.2888641357421875,1332.2336649894714
77340,1.2888641357421875,1332.3759899139404
77350,1.28887939453125,1332.6108946800232
77360,1.2888946533203125,1332.7837707996368
77370,1.288909912109375,1332.9453036785126
77380,1.2889251708984375,1333.1271119117737
77390,1.2889556884765625,1333.286899805069
77400,1.2889556884765625,1333.422968864441
77410,1.2889862060546875,1333.5963199138641
77420,1.28900146484375,1333.7465059757233
77430,1.2890167236328125,1333.9376208782196
77440,1.2890167236328125,1334.124601840973
77450,1.2890472412109375,1334.3190886974335
77460,1.2890625,1334.5103907585144
77470,1.2890625,1334.6686708927155
77480,1.2891082763671875,1334.8722696304321
77490,1.2891082763671875,1335.0113077163696
77500,1.2891082763671875,1335.1490139961243
77510,1.2891387939453125,1335.3147218227386
77520,1.289154052734375,1335.445767879486
77530,1.2891693115234375,1335.6181828975677
77540,1.2891845703125,1335.8232448101044
77550,1.2891998291015625,1335.9809408187866
77560,1.289215087890625,1336.1293597221375
77570,1.2892303466796875,1336.3769648075104
77580,1.28924560546875,1336.507084608078
77590,1.28924560546875,1336.6528697013855
77600,1.2892608642578125,1336.7899210453033
77610,1.289276123046875,1336.9392750263214
77620,1.289276123046875,1337.161527633667
77630,1.289276123046875,1337.3351678848267
77640,1.2897491455078125,1337.544793844223
77650,1.2897491455078125,1337.7023358345032
77660,1.289764404296875,1337.8615498542786
77670,1.289764404296875,1337.9981229305267
77680,1.2897796630859375,1338.142255783081
77690,1.2898101806640625,1338.2967150211334
77700,1.2898101806640625,1338.4139347076416
77710,1.289825439453125,1338.5850558280945
77720,1.2898406982421875,1338.7524979114532
77730,1.28985595703125,1338.9219868183136
77740,1.28985595703125,1339.1039547920227
77750,1.289886474609375,1339.2385909557343
77760,1.2899169921875,1339.3767638206482
77770,1.2899322509765625,1339.5067520141602
77780,1.289947509765625,1339.6509099006653
77790,1.2899627685546875,1339.8118207454681
77800,1.28997802734375,1339.964486837387
77810,1.2899932861328125,1340.1314997673035
77820,1.290008544921875,1340.305615901947
77830,1.2900390625,1340.4645278453827
77840,1.290069580078125,1340.6361899375916
77850,1.290069580078125,1340.8242146968842
77860,1.290069580078125,1341.0128877162933
77870,1.2901153564453125,1341.2501108646393
77880,1.290130615234375,1341.4545757770538
77890,1.290130615234375,1341.622901916504
77900,1.2901458740234375,1341.7614679336548
77910,1.2901611328125,1341.9813439846039
77920,1.2901763916015625,1342.141474723816
77930,1.290191650390625,1342.3357417583466
77940,1.2902069091796875,1342.5172147750854
77950,1.29022216796875,1342.679911851883
77960,1.290252685546875,1342.8441369533539
77970,1.2902679443359375,1343.0716557502747
77980,1.290283203125,1343.225989818573
77990,1.2902984619140625,1343.4235126972198
78000,1.2903289794921875,1343.593211889267
78010,1.29034423828125,1343.7308769226074
78020,1.2903594970703125,1343.8994297981262
78030,1.2903594970703125,1344.0519127845764
78040,1.290374755859375,1344.2418496608734
78050,1.2904052734375,1344.397290945053
78060,1.2904052734375,1344.5752539634705
78070,1.2904052734375,1344.7474806308746
78080,1.290435791015625,1344.8939309120178
78090,1.290435791015625,1345.050462961197
78100,1.2904510498046875,1345.182561635971
78110,1.29046630859375,1345.3548889160156
78120,1.29046630859375,1345.516340970993
78130,1.29046630859375,1345.7548480033875
78140,1.2905120849609375,1345.9314477443695
78150,1.2905120849609375,1346.0836427211761
78160,1.29052734375,1346.2337028980255
78170,1.2905426025390625,1346.4152557849884
78180,1.290557861328125,1346.5656099319458
78190,1.290557861328125,1346.704601764679
78200,1.29058837890625,1347.0188338756561
78210,1.2906036376953125,1347.2761080265045
78220,1.2906036376953125,1347.4257187843323
78230,1.290618896484375,1347.5938427448273
78240,1.2906494140625,1347.8136377334595
78250,1.290679931640625,1347.9880948066711
78260,1.2906951904296875,1348.1233398914337
78270,1.2906951904296875,1348.2981297969818
78280,1.29071044921875,1348.5023248195648
78290,1.2907562255859375,1348.6898338794708
78300,1.2907562255859375,1348.8534288406372
78310,1.2907562255859375,1349.0089979171753
78320,1.2907867431640625,1349.2586896419525
78330,1.290802001953125,1349.407910823822
78340,1.290802001953125,1349.5499258041382
78350,1.29083251953125,1349.7280628681183
78360,1.2908477783203125,1349.9370708465576
78370,1.290863037109375,1350.0887019634247
78380,1.2908782958984375,1350.2352168560028
78390,1.2908935546875,1350.3915576934814
78400,1.2909088134765625,1350.565177679062
78410,1.2909393310546875,1350.697782754898
78420,1.2909393310546875,1350.910543680191
78430,1.2909393310546875,1351.0672008991241
78440,1.290985107421875,1351.1849417686462
78450,1.290985107421875,1351.3644049167633
78460,1.291015625,1351.488853931427
78470,1.2910308837890625,1351.6371829509735
78480,1.2910308837890625,1351.8006217479706
78490,1.2910614013671875,1351.9396817684174
78500,1.2910614013671875,1352.0860197544098
78510,1.2910919189453125,1352.2501130104065
78520,1.2910919189453125,1352.4027707576752
78530,1.291107177734375,1352.5535407066345
78540,1.2911376953125,1352.7587468624115
78550,1.2911529541015625,1352.9882397651672
78560,1.2911529541015625,1353.1557037830353
78570,1.291168212890625,1353.3462917804718
78580,1.291168212890625,1353.510904788971
78590,1.29119873046875,1353.6514990329742
78600,1.2912139892578125,1353.8715178966522
78610,1.2912139892578125,1354.0087008476257
78620,1.2912139892578125,1354.1440529823303
78630,1.2912445068359375,1354.2786927223206
78640,1.2912445068359375,1354.4445567131042
78650,1.2912445068359375,1354.5656986236572
78660,1.291259765625,1354.7237906455994
78670,1.291290283203125,1354.8794858455658
78680,1.291290283203125,1355.0412168502808
78690,1.2913055419921875,1355.220466852188
78700,1.2913055419921875,1355.3677897453308
78710,1.29132080078125,1355.5685708522797
78720,1.291351318359375,1355.7711329460144
78730,1.2913665771484375,1355.9892058372498
78740,1.2913665771484375,1356.151445865631
78750,1.291412353515625,1356.3031318187714
78760,1.2914276123046875,1356.462507724762
78770,1.2914276123046875,1356.6474459171295
78780,1.29144287109375,1356.8294026851654
78790,1.2914581298828125,1357.013198852539
78800,1.291473388671875,1357.1438608169556
78810,1.2914886474609375,1357.359781742096
78820,1.2914886474609375,1357.5475499629974
78830,1.29150390625,1357.7110888957977
78840,1.291534423828125,1357.8779578208923
78850,1.2915496826171875,1358.0232079029083
78860,1.29156494140625,1358.1635217666626
78870,1.2915802001953125,1358.3345427513123
78880,1.2915802001953125,1358.4930448532104
78890,1.291595458984375,1358.7240319252014
78900,1.2916412353515625,1358.861116886139
78910,1.2916412353515625,1359.0212998390198
78920,1.2916412353515625,1359.2040116786957
78930,1.291656494140625,1359.3971087932587
78940,1.29168701171875,1359.5772259235382
78950,1.29168701171875,1359.705935716629
78960,1.291717529296875,1359.9098317623138
78970,1.291717529296875,1360.0609328746796
78980,1.291748046875,1360.2067756652832
78990,1.291778564453125,1360.376591682434
79000,1.291778564453125,1360.5379848480225
79010,1.2917938232421875,1360.7533798217773
79020,1.29180908203125,1360.9458496570587
79030,1.29180908203125,1361.1617648601532
79040,1.29180908203125,1361.3379728794098
79050,1.2918548583984375,1361.534426689148
79060,1.2918548583984375,1361.7301018238068
79070,1.2918548583984375,1361.8690519332886
79080,1.291900634765625,1362.019300699234
79090,1.291900634765625,1362.147379875183
79100,1.2919158935546875,1362.3612999916077
79110,1.2919158935546875,1362.5790448188782
79120,1.29193115234375,1362.769957780838
79130,1.2919464111328125,1362.9020137786865
79140,1.2919464111328125,1363.104871749878
79150,1.291961669921875,1363.246132850647
79160,1.291961669921875,1363.3925278186798
79170,1.2919921875,1363.5501477718353
79180,1.2919921875,1363.722732782364
79190,1.2920074462890625,1363.8569338321686
79200,1.292022705078125,1364.0274739265442
79210,1.292022705078125,1364.2373087406158
79220,1.29205322265625,1364.4913096427917
79230,1.292083740234375,1364.6732578277588
79240,1.292083740234375,1364.8715829849243
79250,1.2921295166015625,1365.0046410560608
79260,1.292144775390625,1365.169796705246
79270,1.292144775390625,1365.3391988277435
79280,1.2921600341796875,1365.484288930893
79290,1.2921905517578125,1365.6204919815063
79300,1.2921905517578125,1365.8030548095703
79310,1.292205810546875,1365.9900088310242
79320,1.292236328125,1366.1439497470856
79330,1.292236328125,1366.3023228645325
79340,1.292266845703125,1366.471079826355
79350,1.2922821044921875,1366.629186630249
79360,1.29229736328125,1366.7783818244934
79370,1.29229736328125,1366.9288368225098
79380,1.292327880859375,1367.240485906601
79390,1.292327880859375,1367.3892469406128
79400,1.2923431396484375,1367.5284359455109
79410,1.2923583984375,1367.6885199546814
79420,1.2923736572265625,1367.817539691925
79430,1.292388916015625,1367.9614207744598
79440,1.2924041748046875,1368.1466896533966
79450,1.2924041748046875,1368.2809116840363
79460,1.292449951171875,1368.4416937828064
79470,1.2924652099609375,1368.5825006961823
79480,1.29248046875,1368.7745196819305
79490,1.2924957275390625,1368.9465868473053
79500,1.292510986328125,1369.112786769867
79510,1.29254150390625,1369.2667536735535
79520,1.29254150390625,1369.4429099559784
79530,1.29254150390625,1369.6145226955414
79540,1.292572021484375,1369.7579507827759
79550,1.292572021484375,1369.8939409255981
79560,1.2925872802734375,1370.0867247581482
79570,1.2926025390625,1370.2805869579315
79580,1.292633056640625,1370.422031879425
79590,1.292633056640625,1370.5530397891998
79600,1.29266357421875,1370.7710337638855
79610,1.29266357421875,1370.9295358657837
79620,1.2926788330078125,1371.1032059192657
79630,1.2926788330078125,1371.245234966278
79640,1.2926788330078125,1371.446763753891
79650,1.292694091796875,1371.6195487976074
79660,1.292724609375,1371.829345703125
79670,1.292724609375,1371.9634418487549
79680,1.292724609375,1372.129520893097
79690,1.292755126953125,1372.283983707428
79700,1.292755126953125,1372.4572076797485
79710,1.29278564453125,1372.6384887695312
79720,1.2928009033203125,1372.8196759223938
79730,1.292816162109375,1373.000022649765
79740,1.292816162109375,1373.1400718688965
79750,1.2928466796875,1373.275055885315
79760,1.292877197265625,1373.4598257541656
79770,1.2928924560546875,1373.6623318195343
79780,1.29290771484375,1373.8008358478546
79790,1.29290771484375,1373.9600098133087
79800,1.2929229736328125,1374.1375217437744
79810,1.2929534912109375,1374.2954030036926
79820,1.29296875,1374.4648649692535
79830,1.29296875,1374.622585773468
79840,1.2930145263671875,1374.7603738307953
79850,1.2930145263671875,1374.8925478458405
79860,1.2930145263671875,1375.0232648849487
79870,1.2930450439453125,1375.187157869339
79880,1.2930908203125,1375.3577506542206
79890,1.2930908203125,1375.5343987941742
79900,1.293121337890625,1375.6940417289734
79910,1.293121337890625,1375.8493869304657
79920,1.293121337890625,1376.0261178016663
79930,1.2931365966796875,1376.190097808838
79940,1.2931671142578125,1376.3448088169098
79950,1.293182373046875,1376.4920666217804
79960,1.293212890625,1376.619913816452
79970,1.2932281494140625,1376.755812883377
79980,1.293243408203125,1376.91397190094
79990,1.2932586669921875,1377.0632178783417
80000,1.2932586669921875,1377.209656715393
80010,1.29327392578125,1377.3435719013214
80020,1.293304443359375,1377.4762358665466
80030,1.2933197021484375,1377.6400640010834
80040,1.2933197021484375,1377.7893109321594
80050,1.2933502197265625,1377.9744918346405
80060,1.293365478515625,1378.1422488689423
80070,1.2933807373046875,1378.280877828598
80080,1.29339599609375,1378.4259557724
80090,1.2934112548828125,1378.5787987709045
80100,1.2934112548828125,1378.7178208827972
80110,1.2934112548828125,1378.966276884079
80120,1.2934417724609375,1379.1298468112946
80130,1.2934417724609375,1379.3665306568146
80140,1.2934417724609375,1379.5650539398193
80150,1.29345703125,1379.7483739852905
80160,1.2934722900390625,1379.9395587444305
80170,1.293487548828125,1380.0850238800049
80180,1.2935028076171875,1380.2631828784943
80190,1.2935333251953125,1380.477356672287
80200,1.293548583984375,1380.6339967250824
80210,1.2935638427734375,1380.7935726642609
80220,1.2935791015625,1380.9868018627167
80230,1.2935943603515625,1381.1635677814484
80240,1.2935943603515625,1381.3380160331726
80250,1.2935943603515625,1381.48734998703
80260,1.29364013671875,1381.6317148208618
80270,1.2936553955078125,1381.8066465854645
80280,1.2936553955078125,1381.97123670578
80290,1.293701171875,1382.1233048439026
80300,1.293701171875,1382.3098697662354
80310,1.2937164306640625,1382.4867949485779
80320,1.293731689453125,1382.6456599235535
80330,1.2937469482421875,1382.796570777893
80340,1.2937774658203125,1382.9862668514252
80350,1.293792724609375,1383.1717066764832
80360,1.2938079833984375,1383.3014287948608
80370,1.2938079833984375,1383.46932888031
80380,1.2938079833984375,1383.6225936412811
80390,1.293853759765625,1383.7638368606567
80400,1.293853759765625,1383.9138867855072
80410,1.293853759765625,1384.0672488212585
80420,1.2938690185546875,1384.1938679218292
80430,1.2938995361328125,1384.3299477100372
80440,1.293914794921875,1384.472414970398
80450,1.2939300537109375,1384.6357307434082
80460,1.2939453125,1384.796476840973
80470,1.2939605712890625,1384.9782729148865
80480,1.293975830078125,1385.1399908065796
80490,1.2939910888671875,1385.2821099758148
80500,1.2939910888671875,1385.4269018173218
80510,1.2940216064453125,1385.5494179725647
80520,1.294036865234375,1385.6919748783112
80530,1.294036865234375,1385.8556699752808
80540,1.2940673828125,1386.0159628391266
80550,1.2940826416015625,1386.206298828125
80560,1.2940826416015625,1386.4117629528046
80570,1.2941131591796875,1386.5816168785095
80580,1.29412841796875,1386.752849817276
80590,1.29412841796875,1386.9288456439972
80600,1.294158935546875,1387.0795278549194
80610,1.294158935546875,1387.226613998413
80620,1.294189453125,1387.3793778419495
80630,1.294189453125,1387.5262348651886
80640,1.294189453125,1387.729796886444
80650,1.2942047119140625,1387.9209368228912
80660,1.294219970703125,1388.0474889278412
80670,1.2942352294921875,1388.266542673111
80680,1.2942352294921875,1388.4250848293304
80690,1.2942657470703125,1388.5870587825775
80700,1.294281005859375,1388.7551238536835
80710,1.294281005859375,1388.8773038387299
80720,1.2942962646484375,1389.020408630371
80730,1.2943115234375,1389.211903810501
80740,1.294342041015625,1389.3598656654358
80750,1.2943572998046875,1389.5359008312225
80760,1.2943878173828125,1389.711288690567
80770,1.2943878173828125,1389.8768827915192
80780,1.294403076171875,1390.0436747074127
80790,1.2944183349609375,1390.2225646972656
80800,1.29443359375,1390.3636269569397
80810,1.294464111328125,1390.5236728191376
80820,1.294464111328125,1390.7092957496643
80830,1.294464111328125,1390.8559696674347
80840,1.29449462890625,1391.0264477729797
80850,1.29449462890625,1391.2020208835602
80860,1.2945098876953125,1391.375513792038
80870,1.294525146484375,1391.528217792511
80880,1.294525146484375,1391.6948158740997
80890,1.2945404052734375,1391.855017900467
80900,1.2945709228515625,1392.0395767688751
80910,1.2945709228515625,1392.1719408035278
80920,1.294586181640625,1392.336797952652
80930,1.29461669921875,1392.5431628227234
80940,1.29461669921875,1392.6890187263489
80950,1.294647216796875,1392.847254037857
80960,1.2946929931640625,1393.0016088485718
80970,1.2946929931640625,1393.1799049377441
80980,1.2946929931640625,1393.3311128616333
80990,1.2947235107421875,1393.476084947586
81000,1.2947235107421875,1393.6339819431305
81010,1.2947540283203125,1393.831928730011
81020,1.2947540283203125,1393.9795498847961
81030,1.294769287109375,1394.1422898769379
81040,1.2947998046875,1394.2957136631012
81050,1.294830322265625,1394.4971327781677
81060,1.294830322265625,1394.7906229496002
81070,1.2948455810546875,1394.9436848163605
81080,1.2948760986328125,1395.107356786728
81090,1.2948760986328125,1395.2870697975159
81100,1.2948760986328125,1395.4473197460175
81110,1.2948760986328125,1395.6091508865356
81120,1.2949066162109375,1395.7544267177582
81130,1.2949066162109375,1395.917430639267
81140,1.2949066162109375,1396.0643427371979
81150,1.294921875,1396.2216308116913
81160,1.294952392578125,1396.416123867035
81170,1.2949676513671875,1396.6253869533539
81180,1.2949676513671875,1396.7793798446655
81190,1.2949676513671875,1396.9666607379913
81200,1.295013427734375,1397.1317188739777
81210,1.295013427734375,1397.2647428512573
81220,1.295013427734375,1397.4708757400513
81230,1.2950286865234375,1397.6166417598724
81240,1.2950439453125,1397.7929747104645
81250,1.2950439453125,1397.95840883255
81260,1.29510498046875,1398.1902537345886
81270,1.29510498046875,1398.349975824356
81280,1.2951202392578125,1398.5104839801788
81290,1.2951507568359375,1398.6645357608795
81300,1.295166015625,1398.835561990738
81310,1.295166015625,1399.034628868103
81320,1.2951812744140625,1399.1794197559357
81330,1.2952117919921875,1399.3514637947083
81340,1.2952117919921875,1399.528493642807
81350,1.29522705078125,1399.7200849056244
81360,1.29522705078125,1399.9245629310608
81370,1.2952423095703125,1400.0760488510132
81380,1.2952728271484375,1400.2844207286835
81390,1.2952728271484375,1400.4879066944122
81400,1.2952728271484375,1400.665139913559
81410,1.2953338623046875,1400.8109266757965
81420,1.2953338623046875,1400.9778118133545
81430,1.2953338623046875,1401.153571844101
81440,1.29534912109375,1401.3886559009552
81450,1.29541015625,1401.576670885086
81460,1.295440673828125,1401.7512707710266
81470,1.2954559326171875,1401.921624660492
81480,1.2954559326171875,1402.1220407485962
81490,1.29547119140625,1402.279724597931
81500,1.295501708984375,1402.4241700172424
81510,1.295501708984375,1402.6268827915192
81520,1.2955322265625,1402.7560546398163
81530,1.2955474853515625,1402.8944058418274
81540,1.2955474853515625,1403.0559017658234
81550,1.2955780029296875,1403.1990509033203
81560,1.2955780029296875,1403.3451387882233
81570,1.29559326171875,1403.5292117595673
81580,1.29559326171875,1403.7939987182617
81590,1.2956085205078125,1403.9327228069305
81600,1.2956390380859375,1404.101283788681
81610,1.2956390380859375,1404.2970156669617
81620,1.2956390380859375,1404.4648258686066
81630,1.295654296875,1404.6262819766998
81640,1.2956695556640625,1404.758684873581
81650,1.2956695556640625,1404.9240708351135
81660,1.2957000732421875,1405.1518096923828
81670,1.29571533203125,1405.2840757369995
81680,1.29571533203125,1405.5649557113647
81690,1.2957305908203125,1405.7400827407837
81700,1.295745849609375,1405.9053478240967
81710,1.2957611083984375,1406.0605309009552
81720,1.2957763671875,1406.2302498817444
81730,1.2957763671875,1406.3384177684784
81740,1.2957916259765625,1406.469988822937
81750,1.295806884765625,1406.6276607513428
81760,1.29583740234375,1406.7748038768768
81770,1.2958526611328125,1406.953929901123
81780,1.2958831787109375,1407.1072008609772
81790,1.2958984375,1407.2715237140656
81800,1.2958984375,1407.4609327316284
81810,1.295928955078125,1407.6452918052673
81820,1.295928955078125,1407.8400638103485
81830,1.2959442138671875,1408.0073218345642
81840,1.29595947265625,1408.1406259536743
81850,1.29595947265625,1408.3921008110046
81860,1.2959747314453125,1408.628101825714
81870,1.2960052490234375,1408.8254008293152
81880,1.2960052490234375,1409.088568687439
81890,1.296051025390625,1409.3021247386932
81900,1.2960662841796875,1409.4219498634338
81910,1.29608154296875,1409.6173346042633
81920,1.29608154296875,1409.8255417346954
81930,1.296112060546875,1409.9591329097748
81940,1.2961273193359375,1410.1504867076874
81950,1.2961578369140625,1410.3249297142029
81960,1.2961883544921875,1410.4998247623444
81970,1.2961883544921875,1410.6792776584625
81980,1.2961883544921875,1410.835286617279
81990,1.2962188720703125,1411.0361609458923
82000,1.296234130859375,1411.2381739616394
82010,1.2962493896484375,1411.4268679618835
82020,1.2962646484375,1411.605319738388
82030,1.296295166015625,1411.905842781067
82040,1.296295166015625,1412.0555746555328
82050,1.2963104248046875,1412.2674868106842
82060,1.2963104248046875,1412.4576456546783
82070,1.2963104248046875,1412.6123037338257
82080,1.2963714599609375,1412.7577378749847
82090,1.2963714599609375,1412.9063596725464
82100,1.2963714599609375,1413.0758526325226
82110,1.2963714599609375,1413.231740951538
82120,1.29638671875,1413.4679989814758
82130,1.296417236328125,1413.639238834381
82140,1.2964324951171875,1413.8157176971436
82150,1.2964324951171875,1413.9707839488983
82160,1.29644775390625,1414.1207587718964
82170,1.296478271484375,1414.2824158668518
82180,1.296478271484375,1414.4136378765106
82190,1.296478271484375,1414.5979857444763
82200,1.2965240478515625,1414.8317067623138
82210,1.2965240478515625,1415.0057709217072
82220,1.2965240478515625,1415.174275636673
82230,1.2965545654296875,1415.3311297893524
82240,1.29656982421875,1415.5684599876404
82250,1.296600341796875,1415.8077356815338
82260,1.296630859375,1415.9793457984924
82270,1.296630859375,1416.1466398239136
82280,1.296661376953125,1416.3314278125763
82290,1.2966766357421875,1416.465204000473
82300,1.2966766357421875,1416.614316701889
82310,1.29669189453125,1416.7630138397217
82320,1.296722412109375,1416.9731178283691
82330,1.2967529296875,1417.124187707901
82340,1.2967529296875,1417.3235068321228
82350,1.2967681884765625,1417.5009107589722
82360,1.296783447265625,1417.6706597805023
82370,1.2967987060546875,1417.8208267688751
82380,1.2968292236328125,1418.0096099376678
82390,1.296844482421875,1418.1548278331757
82400,1.2968597412109375,1418.2949497699738
82410,1.296875,1418.4802668094635
82420,1.2968902587890625,1418.6128656864166
82430,1.296905517578125,1418.7530539035797
82440,1.2969207763671875,1418.934509754181
82450,1.29693603515625,1419.120939731598
82460,1.2969512939453125,1419.2979798316956
82470,1.2969818115234375,1419.4354529380798
82480,1.2969818115234375,1419.5842778682709
82490,1.2970123291015625,1419.7740738391876
82500,1.297027587890625,1419.9493668079376
82510,1.2970428466796875,1420.1476306915283
82520,1.2970428466796875,1420.288739681244
82530,1.29705810546875,1420.448158979416
82540,1.297088623046875,1420.6005330085754
82550,1.297088623046875,1420.7603797912598
82560,1.2971038818359375,1420.935956954956
82570,1.297119140625,1421.0988926887512
82580,1.2971343994140625,1421.2808027267456
82590,1.297149658203125,1421.4097158908844
82600,1.297149658203125,1421.5648047924042
82610,1.297149658203125,1421.769764661789
82620,1.2971954345703125,1421.917023897171
82630,1.2971954345703125,1422.0835950374603
82640,1.2971954345703125,1422.2380647659302
82650,1.2972259521484375,1422.3879086971283
82660,1.2972412109375,1422.5314257144928
82670,1.2972412109375,1422.696784734726
82680,1.2972564697265625,1422.8710577487946
82690,1.297271728515625,1423.0150377750397
82700,1.2972869873046875,1423.2554669380188
82710,1.29730224609375,1423.4401757717133
82720,1.29730224609375,1423.5845818519592
82730,1.29730224609375,1423.7410938739777
82740,1.2973480224609375,1423.931292772293
82750,1.29736328125,1424.1082768440247
82760,1.2973785400390625,1424.2565777301788
82770,1.297393798828125,1424.4433047771454
82780,1.2974090576171875,1424.6459856033325
82790,1.2974090576171875,1424.858369588852
82800,1.29742431640625,1424.983559846878
82810,1.2974395751953125,1425.215547800064
82820,1.297454833984375,1425.3605947494507
82830,1.297454833984375,1425.5231359004974
82840,1.2974853515625,1425.7127349376678
82850,1.2975006103515625,1425.8918766975403
82860,1.297515869140625,1426.0266847610474
82870,1.29754638671875,1426.1741397380829
82880,1.2975616455078125,1426.4016287326813
82890,1.297576904296875,1426.5655539035797
82900,1.2975921630859375,1426.745838880539
82910,1.297607421875,1426.8823239803314
82920,1.2976226806640625,1427.0771617889404
82930,1.297637939453125,1427.241777896881
82940,1.297637939453125,1427.4296786785126
82950,1.2976531982421875,1427.6973838806152
82960,1.2976837158203125,1427.8537788391113
82970,1.2976837158203125,1428.0131447315216
82980,1.2977142333984375,1428.1937856674194
82990,1.2977447509765625,1428.3429346084595
83000,1.2977447509765625,1428.4839837551117
83010,1.2977447509765625,1428.6608986854553
83020,1.2977752685546875,1428.8503558635712
83030,1.2977752685546875,1428.9973340034485
83040,1.29779052734375,1429.132849931717
83050,1.297821044921875,1429.2859828472137
83060,1.297821044921875,1429.4728648662567
83070,1.2978363037109375,1429.6253237724304
83080,1.2978515625,1429.833930015564
83090,1.2978515625,1429.9927968978882
83100,1.297882080078125,1430.2022068500519
83110,1.2979278564453125,1430.3470158576965
83120,1.2979278564453125,1430.4647228717804
83130,1.2979278564453125,1430.688235759735
83140,1.2979278564453125,1430.8665328025818
83150,1.2979583740234375,1431.0253937244415
83160,1.5281524658203125,1431.448422908783
83170,1.5281524658203125,1431.7292847633362
83180,1.5281524658203125,1431.9012579917908
83190,1.528167724609375,1432.0780296325684
83200,1.5281982421875,1432.2230348587036
83210,1.5282135009765625,1432.3960387706757
83220,1.528228759765625,1432.559202671051
83230,1.5282440185546875,1432.714588880539
83240,1.5282440185546875,1432.8601059913635
83250,1.5282745361328125,1433.1344766616821
83260,1.5283050537109375,1433.2672328948975
83270,1.5283050537109375,1433.422091960907
83280,1.5283050537109375,1433.588048696518
83290,1.528350830078125,1433.7731747627258
83300,1.528350830078125,1433.9550158977509
83310,1.528350830078125,1434.231363773346
83320,1.5283660888671875,1434.5331268310547
83330,1.52838134765625,1434.718011856079
83340,1.5283966064453125,1434.8523099422455
83350,1.5284423828125,1435.0582647323608
83360,1.5284423828125,1435.2219986915588
83370,1.5284423828125,1435.3691227436066
83380,1.5284576416015625,1435.5502078533173
83390,1.528472900390625,1435.710777759552
83400,1.5284881591796875,1435.8697710037231
83410,1.5285186767578125,1436.0340909957886
83420,1.5285186767578125,1436.1659986972809
83430,1.528533935546875,1436.3663537502289
83440,1.5285491943359375,1436.5230939388275
83450,1.5285491943359375,1436.6692988872528
83460,1.528594970703125,1436.8229718208313
83470,1.52862548828125,1436.9529359340668
83480,1.52862548828125,1437.1012706756592
83490,1.52862548828125,1437.329711675644
83500,1.528656005859375,1437.489023923874
83510,1.5286712646484375,1437.674814939499
83520,1.5286712646484375,1437.8617646694183
83530,1.5287017822265625,1437.9838688373566
83540,1.5287017822265625,1438.1954817771912
83550,1.528717041015625,1438.3848598003387
83560,1.5287322998046875,1438.5299017429352
83570,1.52874755859375,1438.6808397769928
83580,1.5287628173828125,1438.9273788928986
83590,1.5287933349609375,1439.06010389328
83600,1.52880859375,1439.2059798240662
83610,1.5288238525390625,1439.3694899082184
83620,1.5288238525390625,1439.5263288021088
83630,1.5288238525390625,1439.6800248622894
83640,1.5288543701171875,1439.8409547805786
83650,1.5288543701171875,1440.0107877254486
83660,1.5288543701171875,1440.163974761963
83670,1.5288543701171875,1440.4092528820038
83680,1.528900146484375,1440.5711879730225
83690,1.528900146484375,1440.718398809433
83700,1.528900146484375,1440.8363316059113
83710,1.5289459228515625,1441.0109179019928
83720,1.5289459228515625,1441.2265458106995
83730,1.5289459228515625,1441.3835997581482
83740,1.5289764404296875,1441.5784277915955
83750,1.52899169921875,1441.8138990402222
83760,1.5290069580078125,1441.972627878189
83770,1.5290374755859375,1442.1442098617554
83780,1.5290374755859375,1442.2931277751923
83790,1.5290374755859375,1442.5137946605682
83800,1.529083251953125,1442.6481919288635
83810,1.529083251953125,1442.8636238574982
83820,1.529083251953125,1443.0440299510956
83830,1.5291290283203125,1443.2198939323425
83840,1.5291290283203125,1443.4017610549927
83850,1.529144287109375,1443.5584018230438
83860,1.5291595458984375,1443.705701828003
83870,1.5291748046875,1443.8708426952362
83880,1.5291748046875,1444.0190198421478
83890,1.529205322265625,1444.195229768753
83900,1.529205322265625,1444.352130651474
83910,1.529205322265625,1444.5552430152893
83920,1.52923583984375,1444.7088758945465
83930,1.52923583984375,1444.8715646266937
83940,1.5292510986328125,1445.0130908489227
83950,1.529296875,1445.1655707359314
83960,1.5293121337890625,1445.3289647102356
83970,1.529327392578125,1445.5226817131042
83980,1.5293731689453125,1445.7071979045868
83990,1.529388427734375,1445.8757047653198
84000,1.529388427734375,1446.0693409442902
84010,1.5294036865234375,1446.231193780899
84020,1.5294189453125,1446.371928691864
84030,1.5294342041015625,1446.5360078811646
84040,1.529449462890625,1446.8222289085388
84050,1.529449462890625,1446.9632987976074
84060,1.529449462890625,1447.0996458530426
84070,1.5294952392578125,1447.3086259365082
84080,1.529510498046875,1447.4965558052063
84090,1.529510498046875,1447.7467966079712
84100,1.529510498046875,1447.9018568992615
84110,1.5295257568359375,1448.0232117176056
84120,1.5295562744140625,1448.1896758079529
84130,1.529571533203125,1448.3513479232788
84140,1.529571533203125,1448.5122156143188
84150,1.529571533203125,1448.6610748767853
84160,1.5295867919921875,1448.8145928382874
84170,1.52960205078125,1448.9850549697876
84180,1.52960205078125,1449.1435797214508
84190,1.5296173095703125,1449.3030388355255
84200,1.5296630859375,1449.463628768921
84210,1.5296783447265625,1449.7006368637085
84220,1.5296783447265625,1449.9210858345032
84230,1.529693603515625,1450.0972158908844
84240,1.5297088623046875,1450.2646498680115
84250,1.52972412109375,1450.4114198684692
84260,1.529754638671875,1450.575365781784
84270,1.5297698974609375,1450.717120885849
84280,1.52978515625,1450.96191072464
84290,1.529815673828125,1451.0840859413147
84300,1.5298309326171875,1451.2462179660797
84310,1.52984619140625,1451.4274897575378
84320,1.5298614501953125,1451.5787768363953
84330,1.5298614501953125,1451.7265269756317
84340,1.5298614501953125,1451.880036830902
84350,1.5299072265625,1452.1026439666748
84360,1.5299072265625,1452.3299977779388
84370,1.5299072265625,1452.5216698646545
84380,1.529937744140625,1452.751702785492
84390,1.5299530029296875,1452.9140038490295
84400,1.5299530029296875,1453.0501728057861
84410,1.5299835205078125,1453.1794648170471
84420,1.5299835205078125,1453.4419348239899
84430,1.529998779296875,1453.572427034378
84440,1.5300445556640625,1453.7448587417603
84450,1.5300445556640625,1453.9010648727417
84460,1.5300750732421875,1454.1046347618103
84470,1.5301055908203125,1454.2501356601715
84480,1.5301055908203125,1454.41677069664
84490,1.5301055908203125,1454.5587739944458
84500,1.530120849609375,1454.7439427375793
84510,1.5301513671875,1454.8906967639923
84520,1.5301513671875,1455.081313610077
84530,1.5301666259765625,1455.2365996837616
84540,1.530181884765625,1455.3941588401794
84550,1.53021240234375,1455.5631790161133
84560,1.530242919921875,1455.7184686660767
84570,1.530242919921875,1455.914057970047
84580,1.5302734375,1456.0834057331085
84590,1.5302886962890625,1456.2448766231537
84600,1.530303955078125,1456.3799607753754
84610,1.530303955078125,1456.52694773674
84620,1.5303192138671875,1456.680063009262
84630,1.5303192138671875,1456.864737033844
84640,1.53033447265625,1457.0306267738342
84650,1.53033447265625,1457.18505692482
84660,1.5303497314453125,1457.3205969333649
84670,1.5303497314453125,1457.5065846443176
84680,1.5303955078125,1457.6776077747345
84690,1.530426025390625,1457.8485038280487
84700,1.530426025390625,1458.0299949645996
84710,1.5304412841796875,1458.2010056972504
84720,1.53045654296875,1458.3175218105316
84730,1.53045654296875,1458.4873797893524
84740,1.530487060546875,1458.621242761612
84750,1.530487060546875,1458.8145818710327
84760,1.5305023193359375,1458.9839098453522
84770,1.5305328369140625,1459.1418669223785
84780,1.530548095703125,1459.3041307926178
84790,1.530548095703125,1459.4476590156555
84800,1.53057861328125,1459.6044218540192
84810,1.5305938720703125,1459.8014147281647
84820,1.530609130859375,1459.9724826812744
84830,1.5306243896484375,1460.122222661972
84840,1.5306243896484375,1460.2783827781677
84850,1.5306396484375,1460.4154958724976
84860,1.530670166015625,1460.5901548862457
84870,1.530670166015625,1460.7410488128662
84880,1.5306854248046875,1460.9528577327728
84890,1.53070068359375,1461.0869686603546
84900,1.530731201171875,1461.256404876709
84910,1.530731201171875,1461.4213886260986
84920,1.53076171875,1461.5901429653168
84930,1.5307769775390625,1461.7436418533325
84940,1.5307769775390625,1461.8918278217316
84950,1.5308074951171875,1462.1226687431335
84960,1.5308380126953125,1462.293375968933
84970,1.530853271484375,1462.4689388275146
84980,1.5308685302734375,1462.63436794281
84990,1.5308837890625,1462.8064897060394
85000,1.5308837890625,1462.9448027610779
85010,1.530914306640625,1463.1315388679504
85020,1.5309295654296875,1463.2819228172302
85030,1.53094482421875,1463.4765827655792
85040,1.530975341796875,1463.650601863861
85050,1.530975341796875,1463.8841767311096
85060,1.5309906005859375,1464.0287947654724
85070,1.5310211181640625,1464.2185537815094
85080,1.5310211181640625,1464.4264798164368
85090,1.5310211181640625,1464.556227684021
85100,1.531036376953125,1464.6983108520508
85110,1.53106689453125,1464.8478627204895
85120,1.53106689453125,1465.005928993225
85130,1.53106689453125,1465.2203917503357
85140,1.531097412109375,1465.3983807563782
85150,1.531097412109375,1465.5991396903992
85160,1.531097412109375,1465.8807396888733
85170,1.5311126708984375,1466.0165178775787
85180,1.5311279296875,1466.217720746994
85190,1.5311279296875,1466.371572971344
85200,1.531158447265625,1466.505586862564
85210,1.531158447265625,1466.6810228824615
85220,1.53118896484375,1466.853819847107
85230,1.5312042236328125,1466.999856710434
85240,1.5312042236328125,1467.2083258628845
85250,1.531219482421875,1467.3239529132843
85260,1.5312652587890625,1467.4950428009033
85270,1.5312652587890625,1467.6756987571716
85280,1.5312652587890625,1467.8589618206024
85290,1.5312957763671875,1468.02960896492
85300,1.5313262939453125,1468.2419579029083
85310,1.5313262939453125,1468.4018969535828
85320,1.531341552734375,1468.5673615932465
85330,1.5313568115234375,1468.74520277977
85340,1.5313568115234375,1468.9060878753662
85350,1.5313873291015625,1469.0938539505005
85360,1.531402587890625,1469.2889857292175
85370,1.531402587890625,1469.4568848609924
85380,1.5314178466796875,1469.5851037502289
85390,1.53143310546875,1469.78200674057
85400,1.5314483642578125,1469.9258828163147
85410,1.5314788818359375,1470.0737507343292
85420,1.5314788818359375,1470.223802804947
85430,1.531494140625,1470.4544477462769
85440,1.5315093994140625,1470.690418958664
85450,1.531524658203125,1470.826261997223
85460,1.5315399169921875,1470.9784157276154
85470,1.531585693359375,1471.1352367401123
85480,1.5316009521484375,1471.2553977966309
85490,1.5316009521484375,1471.4759249687195
85500,1.5316162109375,1471.6186718940735
85510,1.5316162109375,1471.7938649654388
85520,1.531646728515625,1471.9435849189758
85530,1.53167724609375,1472.101559638977
85540,1.53167724609375,1472.226378917694
85550,1.5316925048828125,1472.4175057411194
85560,1.53173828125,1472.5838148593903
85570,1.53173828125,1472.7374668121338
85580,1.53173828125,1472.9711427688599
85590,1.5317535400390625,1473.167582988739
85600,1.5317840576171875,1473.35684466362
85610,1.5317840576171875,1473.5291998386383
85620,1.5317840576171875,1473.724200963974
85630,1.5317840576171875,1473.9005057811737
85640,1.53179931640625,1474.0673768520355
85650,1.5318145751953125,1474.2465958595276
85660,1.531829833984375,1474.4105339050293
85670,1.5318450927734375,1474.5863907337189
85680,1.5318603515625,1474.7180998325348
85690,1.5318603515625,1474.9409828186035
85700,1.5318756103515625,1475.1853988170624
85710,1.5319061279296875,1475.342218875885
85720,1.5319061279296875,1475.4983267784119
85730,1.5319061279296875,1475.6242249011993
85740,1.5319366455078125,1475.8098397254944
85750,1.531951904296875,1475.978427886963
85760,1.5319671630859375,1476.2026748657227
85770,1.532012939453125,1476.3509047031403
85780,1.532012939453125,1476.4915609359741
85790,1.532012939453125,1476.6355078220367
85800,1.53204345703125,1476.8024907112122
85810,1.5320587158203125,1477.078624010086
85820,1.5320587158203125,1477.2330989837646
85830,1.5320892333984375,1477.4313979148865
85840,1.5320892333984375,1477.611573934555
85850,1.5321044921875,1477.76118683815
85860,1.5321197509765625,1477.8939867019653
85870,1.532135009765625,1478.0561826229095
85880,1.532135009765625,1478.2179458141327
85890,1.53216552734375,1478.364227771759
85900,1.5321807861328125,1478.4987876415253
85910,1.532196044921875,1478.6862587928772
85920,1.5322113037109375,1478.8560297489166
85930,1.5322265625,1479.0348706245422
85940,1.5322418212890625,1479.2462558746338
85950,1.532257080078125,1479.4067409038544
85960,1.5322723388671875,1479.5693559646606
85970,1.5322723388671875,1479.748207807541
85980,1.5323028564453125,1479.8950068950653
85990,1.532318115234375,1480.0404698848724
86000,1.532318115234375,1480.228474855423
86010,1.5323333740234375,1480.3730030059814
86020,1.532379150390625,1480.5462107658386
86030,1.5323944091796875,1480.692911863327
86040,1.53240966796875,1480.9471826553345
86050,1.5324249267578125,1481.1157896518707
86060,1.532440185546875,1481.2657389640808
86070,1.5324554443359375,1481.4713506698608
86080,1.5324554443359375,1481.6660387516022
86090,1.532470703125,1481.8184638023376
86100,1.532501220703125,1481.950241804123
86110,1.532501220703125,1482.1122767925262
86120,1.532501220703125,1482.25142288208
86130,1.532501220703125,1482.4384787082672
86140,1.53253173828125,1482.6064758300781
86150,1.5325469970703125,1482.7368898391724
86160,1.532562255859375,1482.986977815628
86170,1.5325775146484375,1483.1253099441528
86180,1.5326080322265625,1483.3680517673492
86190,1.532623291015625,1483.5317769050598
86200,1.5326385498046875,1483.7050187587738
86210,1.5326385498046875,1483.9017186164856
86220,1.53265380859375,1484.068209886551
86230,1.5326690673828125,1484.2157008647919
86240,1.5326995849609375,1484.3543429374695
86250,1.5327301025390625,1484.5111947059631
86260,1.5327606201171875,1484.6860537528992
86270,1.5327606201171875,1484.8640468120575
86280,1.5327911376953125,1485.0020537376404
86290,1.532806396484375,1485.1958258152008
86300,1.532806396484375,1485.3915829658508
86310,1.5328216552734375,1485.5519857406616
86320,1.5328369140625,1485.711051940918
86330,1.532867431640625,1485.906554698944
86340,1.5328826904296875,1486.050164937973
86350,1.5328826904296875,1486.249610900879
86360,1.53289794921875,1486.4274418354034
86370,1.532928466796875,1486.5840146541595
86380,1.5329437255859375,1486.8476569652557
86390,1.532958984375,1486.989828824997
86400,1.5329742431640625,1487.1451778411865
86410,1.532989501953125,1487.3085958957672
86420,1.532989501953125,1487.482148885727
86430,1.5330047607421875,1487.6609499454498
86440,1.53302001953125,1487.8049087524414
86450,1.53302001953125,1488.0051877498627
86460,1.533050537109375,1488.245843887329
86470,1.5330657958984375,1488.4174988269806
86480,1.5330963134765625,1488.6005818843842
86490,1.5331268310546875,1488.7563028335571
86500,1.5331573486328125,1488.9941577911377
86510,1.533172607421875,1489.1979568004608
86520,1.533203125,1489.3547117710114
86530,1.533203125,1489.519633769989
86540,1.533203125,1489.694671869278
86550,1.533233642578125,1489.827360868454
86560,1.5332489013671875,1490.005316734314
86570,1.5332489013671875,1490.1582498550415
86580,1.53326416015625,1490.3199276924133
86590,1.53326416015625,1490.4474658966064
86600,1.533294677734375,1490.6080298423767
86610,1.533294677734375,1490.7874608039856
86620,1.5333099365234375,1490.957145690918
86630,1.5333251953125,1491.103551864624
86640,1.533355712890625,1491.3666768074036
86650,1.533355712890625,1491.5830788612366
86660,1.5333709716796875,1491.761992931366
86670,1.5333709716796875,1491.9103717803955
86680,1.53338623046875,1492.0796489715576
86690,1.5334014892578125,1492.29238986969
86700,1.5334014892578125,1492.4539587497711
86710,1.5334320068359375,1492.618893623352
86720,1.533447265625,1492.8372058868408
86730,1.533447265625,1493.006433725357
86740,1.533477783203125,1493.1480808258057
86750,1.53350830078125,1493.3815596103668
86760,1.5335235595703125,1493.5441858768463
86770,1.533538818359375,1493.7139117717743
86780,1.533538818359375,1494.0486447811127
86790,1.5335540771484375,1494.2153406143188
86800,1.5335845947265625,1494.4117057323456
86810,1.5335845947265625,1494.6775376796722
86820,1.5335845947265625,1494.874327659607
86830,1.533599853515625,1495.04984664917
86840,1.5336151123046875,1495.217761039734
86850,1.53363037109375,1495.4439055919647
86860,1.533660888671875,1495.602954864502
86870,1.53369140625,1495.8305070400238
86880,1.53369140625,1495.9782829284668
86890,1.533721923828125,1496.1869797706604
86900,1.533721923828125,1496.3481669425964
86910,1.533721923828125,1496.5047118663788
86920,1.53375244140625,1496.6544346809387
86930,1.5337677001953125,1496.8036606311798
86940,1.5337677001953125,1496.9426927566528
86950,1.5337982177734375,1497.1106448173523
86960,1.5337982177734375,1497.2558207511902
86970,1.5338134765625,1497.4080588817596
86980,1.533843994140625,1497.5701627731323
86990,1.5338592529296875,1497.714098930359
87000,1.53387451171875,1497.8465747833252
87010,1.533905029296875,1497.9881987571716
87020,1.533905029296875,1498.1363089084625
87030,1.533905029296875,1498.292332649231
87040,1.533935546875,1498.48477268219
87050,1.5339508056640625,1498.7513499259949
87060,1.5339508056640625,1498.940747976303
87070,1.533966064453125,1499.1045377254486
87080,1.53399658203125,1499.2416896820068
87090,1.53399658203125,1499.4296877384186
87100,1.5340118408203125,1499.575201034546
87110,1.534027099609375,1499.7204489707947
87120,1.5340423583984375,1499.8942477703094
87130,1.5340423583984375,1500.066998720169
87140,1.5340423583984375,1500.222856760025
87150,1.5340423583984375,1500.491380929947
87160,1.534088134765625,1500.6928026676178
87170,1.534088134765625,1500.898022890091
87180,1.534088134765625,1501.0497257709503
87190,1.5341339111328125,1501.2521648406982
87200,1.5341339111328125,1501.4086089134216
87210,1.5341644287109375,1501.5602056980133
87220,1.5341796875,1501.7394759654999
87230,1.534210205078125,1501.8781497478485
87240,1.534210205078125,1502.0653717517853
87250,1.53424072265625,1502.2724778652191
87260,1.5342559814453125,1502.443794965744
87270,1.534271240234375,1502.587575674057
87280,1.5342864990234375,1502.7103989124298
87290,1.5343017578125,1502.9671277999878
87300,1.5343017578125,1503.1172659397125
87310,1.534332275390625,1503.2606039047241
87320,1.5343475341796875,1503.4302656650543
87330,1.5343475341796875,1503.6307218074799
87340,1.53436279296875,1503.7804186344147
87350,1.5344085693359375,1503.9128148555756
87360,1.5344085693359375,1504.0536518096924
87370,1.5344390869140625,1504.2527768611908
87380,1.5344390869140625,1504.4608986377716
87390,1.534454345703125,1504.5892176628113
87400,1.53448486328125,1504.7541959285736
87410,1.53448486328125,1505.01926279068
87420,1.5345001220703125,1505.1637878417969
87430,1.534515380859375,1505.3852808475494
87440,1.534515380859375,1505.5743057727814
87450,1.5345306396484375,1505.7350709438324
87460,1.5345611572265625,1505.8812408447266
87470,1.53460693359375,1506.0688347816467
87480,1.53460693359375,1506.2261278629303
87490,1.5346221923828125,1506.355489730835
87500,1.5346221923828125,1506.51291680336
87510,1.53466796875,1506.6572637557983
87520,1.5346832275390625,1506.826709985733
87530,1.5346832275390625,1507.0006608963013
87540,1.5346832275390625,1507.1546077728271
87550,1.5347137451171875,1507.3036358356476
87560,1.53472900390625,1507.4444637298584
87570,1.53472900390625,1507.57852268219
87580,1.5347442626953125,1507.7217438220978
87590,1.5347747802734375,1507.859888792038
87600,1.5347900390625,1508.0678238868713
87610,1.5347900390625,1508.2524297237396
87620,1.5348052978515625,1508.4316606521606
87630,1.534820556640625,1508.5948386192322
87640,1.534820556640625,1508.804277896881
87650,1.5348358154296875,1508.9414179325104
87660,1.53485107421875,1509.1234228610992
87670,1.5348663330078125,1509.2792468070984
87680,1.534881591796875,1509.4461839199066
87690,1.534881591796875,1509.5840430259705
87700,1.534912109375,1509.849937915802
87710,1.534942626953125,1510.0443136692047
87720,1.534942626953125,1510.25945687294
87730,1.534942626953125,1510.4833920001984
87740,1.53497314453125,1510.6841206550598
87750,1.53497314453125,1511.0323238372803
87760,1.5349884033203125,1511.183198928833
87770,1.535003662109375,1511.4797177314758
87780,1.5350189208984375,1511.6780688762665
87790,1.5350189208984375,1511.9089727401733
87800,1.5350494384765625,1512.0476019382477
87810,1.5350494384765625,1512.2280299663544
87820,1.535064697265625,1512.4171967506409
87830,1.53509521484375,1512.5908496379852
87840,1.535125732421875,1512.783243894577
87850,1.535125732421875,1512.9499907493591
87860,1.53515625,1513.1005597114563
87870,1.53515625,1513.2500298023224
87880,1.53515625,1513.4041697978973
87890,1.535186767578125,1513.5815889835358
87900,1.5352020263671875,1513.8983917236328
87910,1.5352020263671875,1514.0614848136902
87920,1.5352325439453125,1514.257435798645
87930,1.5352325439453125,1514.4199237823486
87940,1.535247802734375,1514.632395029068
87950,1.5352630615234375,1514.8496208190918
87960,1.5352935791015625,1515.0282199382782
87970,1.535308837890625,1515.160517692566
87980,1.5353240966796875,1515.3257627487183
87990,1.5353240966796875,1515.4521617889404
88000,1.5353546142578125,1515.6172926425934
88010,1.535369873046875,1515.7777516841888
88020,1.5353851318359375,1515.955398797989
88030,1.535400390625,1516.135606765747
88040,1.5354156494140625,1516.324913740158
88050,1.5354461669921875,1516.4950938224792
88060,1.5354461669921875,1516.6546897888184
88070,1.5354766845703125,1516.7773339748383
88080,1.5355072021484375,1516.9349517822266
88090,1.5355072021484375,1517.1572108268738
88100,1.5355377197265625,1517.307914018631
88110,1.5355377197265625,1517.4822947978973
88120,1.535552978515625,1517.6392087936401
88130,1.5355682373046875,1517.7922627925873
88140,1.5355682373046875,1517.9301128387451
88150,1.5355682373046875,1518.0736336708069
88160,1.5355987548828125,1518.2512118816376
88170,1.5355987548828125,1518.4475309848785
88180,1.535614013671875,1518.6087737083435
88190,1.5356292724609375,1518.7783749103546
88200,1.53564453125,1518.9517278671265
88210,1.5356597900390625,1519.15105676651
88220,1.53570556640625,1519.384136915207
88230,1.53570556640625,1519.6394288539886
88240,1.5357208251953125,1519.8441679477692
88250,1.535736083984375,1520.0422718524933
88260,1.5357513427734375,1520.2163348197937
88270,1.5357666015625,1520.3815817832947
88280,1.5357818603515625,1520.6109948158264
88290,1.5358123779296875,1520.796237707138
88300,1.5358123779296875,1520.9439017772675
88310,1.53582763671875,1521.1176357269287
88320,1.53582763671875,1521.2948038578033
88330,1.5358734130859375,1521.4396920204163
88340,1.535888671875,1521.6277959346771
88350,1.535888671875,1521.8028337955475
88360,1.535888671875,1521.966689825058
88370,1.535919189453125,1522.129796743393
88380,1.5359344482421875,1522.2869555950165
88390,1.53594970703125,1522.4997498989105
88400,1.535980224609375,1522.6204569339752
88410,1.535980224609375,1522.777049779892
88420,1.5359954833984375,1522.9725897312164
88430,1.5360107421875,1523.1283388137817
88440,1.536041259765625,1523.2817978858948
88450,1.536041259765625,1523.4497559070587
88460,1.5360870361328125,1523.622849702835
88470,1.5361328125,1523.7746376991272
88480,1.5361328125,1523.9150190353394
88490,1.5361480712890625,1524.0601148605347
88500,1.5361480712890625,1524.2183468341827
88510,1.536163330078125,1524.3892579078674
88520,1.53619384765625,1524.5520927906036
88530,1.536224365234375,1524.7030398845673
88540,1.536224365234375,1524.8495507240295
88550,1.5362396240234375,1525.0064578056335
88560,1.536285400390625,1525.2105028629303
88570,1.5363006591796875,1525.3677258491516
88580,1.53631591796875,1525.5001039505005
88590,1.5363311767578125,1525.743204832077
88600,1.5363311767578125,1525.8937258720398
88610,1.536346435546875,1526.037900686264
88620,1.536346435546875,1526.186015844345
88630,1.5363616943359375,1526.3474140167236
88640,1.5363616943359375,1526.488175868988
88650,1.536376953125,1526.630667924881
88660,1.536376953125,1526.7683408260345
88670,1.536407470703125,1526.9166808128357
88680,1.536407470703125,1527.0748217105865
88690,1.53643798828125,1527.3139808177948
88700,1.536468505859375,1527.467486858368
88710,1.5364837646484375,1527.6108348369598
88720,1.5364837646484375,1527.763555765152
88730,1.5365142822265625,1527.9232597351074
88740,1.5365142822265625,1528.1128377914429
88750,1.536529541015625,1528.369798898697
88760,1.53656005859375,1528.5689289569855
88770,1.53656005859375,1528.7219047546387
88780,1.53656005859375,1528.838224887848
88790,1.536590576171875,1528.9645948410034
88800,1.5366058349609375,1529.1365067958832
88810,1.53662109375,1529.265882730484
88820,1.53662109375,1529.427949666977
88830,1.5366668701171875,1529.6086738109589
88840,1.5366668701171875,1529.771893978119
88850,1.5366668701171875,1529.8997077941895
88860,1.5366973876953125,1530.0693666934967
88870,1.5367279052734375,1530.2451298236847
88880,1.5367279052734375,1530.4532856941223
88890,1.5367431640625,1530.5794639587402
88900,1.5367584228515625,1530.8014678955078
88910,1.5367584228515625,1530.9954507350922
88920,1.5367889404296875,1531.2752077579498
88930,1.5368194580078125,1531.4039418697357
88940,1.5368194580078125,1531.5575549602509
88950,1.5368499755859375,1531.7175688743591
88960,1.5368499755859375,1531.8585648536682
88970,1.5368804931640625,1532.0302169322968
88980,1.536895751953125,1532.1936619281769
88990,1.5369110107421875,1532.3815968036652
89000,1.5369110107421875,1532.571809053421
89010,1.5369415283203125,1532.7994968891144
89020,1.5369415283203125,1532.959992647171
89030,1.5369415283203125,1533.1808807849884
89040,1.5369873046875,1533.3783140182495
89050,1.537017822265625,1533.5201499462128
89060,1.537017822265625,1533.6886298656464
89070,1.5370330810546875,1533.8254599571228
89080,1.5370635986328125,1534.0264530181885
89090,1.5370635986328125,1534.193826675415
89100,1.537078857421875,1534.4018466472626
89110,1.537078857421875,1534.6032028198242
89120,1.5370941162109375,1534.735345840454
89130,1.537109375,1534.8771426677704
89140,1.537109375,1535.106782913208
89150,1.537109375,1535.3193080425262
89160,1.5371246337890625,1535.4629979133606
89170,1.5371551513671875,1535.6038448810577
89180,1.5371551513671875,1535.7372407913208
89190,1.53717041015625,1535.9221727848053
89200,1.5371856689453125,1536.092289686203
89210,1.537200927734375,1536.2615468502045
89220,1.5372161865234375,1536.4432208538055
89230,1.5372314453125,1536.6333129405975
89240,1.5372314453125,1536.772775888443
89250,1.5372467041015625,1536.9685199260712
89260,1.5372772216796875,1537.2010278701782
89270,1.53729248046875,1537.3321499824524
89280,1.5373077392578125,1537.4877617359161
89290,1.5373382568359375,1537.6778938770294
89300,1.537353515625,1537.8142879009247
89310,1.5373687744140625,1538.0365450382233
89320,1.537384033203125,1538.1904287338257
89330,1.537384033203125,1538.3681857585907
89340,1.53741455078125,1538.5260117053986
89350,1.5374298095703125,1538.6756038665771
89360,1.5374298095703125,1538.828285932541
89370,1.537445068359375,1539.055913925171
89380,1.5374603271484375,1539.2322177886963
89390,1.5374755859375,1539.3986728191376
89400,1.5374908447265625,1539.627285003662
89410,1.5374908447265625,1539.78724360466
89420,1.5375213623046875,1539.9454917907715
89430,1.5375518798828125,1540.0956127643585
89440,1.5375518798828125,1540.2799618244171
89450,1.537567138671875,1540.442228794098
89460,1.53759765625,1540.6452567577362
89470,1.5376129150390625,1540.8967978954315
89480,1.5376129150390625,1541.1097609996796
89490,1.5376434326171875,1541.3209569454193
89500,1.53765869140625,1541.5142679214478
89510,1.53765869140625,1541.6610696315765
89520,1.5376739501953125,1541.8102169036865
89530,1.5377044677734375,1541.9775528907776
89540,1.5377197265625,1542.1025867462158
89550,1.537750244140625,1542.2419426441193
89560,1.537750244140625,1542.4349036216736
89570,1.53778076171875,1542.5678188800812
89580,1.5377960205078125,1542.6966216564178
89590,1.5377960205078125,1542.8549869060516
89600,1.5377960205078125,1543.063993692398
89610,1.537811279296875,1543.251732826233
89620,1.5378265380859375,1543.4769957065582
89630,1.5378265380859375,1543.6404008865356
89640,1.5378265380859375,1543.7915778160095
89650,1.537841796875,1543.9833989143372
89660,1.537872314453125,1544.1326327323914
89670,1.5378875732421875,1544.2451367378235
89680,1.5379180908203125,1544.3997058868408
89690,1.5379180908203125,1544.552310705185
89700,1.5379180908203125,1544.7330548763275
89710,1.5379638671875,1544.9055907726288
89720,1.5379791259765625,1545.0437228679657
89730,1.5379791259765625,1545.2647068500519
89740,1.537994384765625,1545.421446800232
89750,1.537994384765625,1545.6100208759308
89760,1.53802490234375,1545.7580919265747
89770,1.538055419921875,1545.9131689071655
89780,1.5380706787109375,1546.0781466960907
89790,1.5380706787109375,1546.2088997364044
89800,1.5381317138671875,1546.4414927959442
89810,1.5381317138671875,1546.626404762268
89820,1.5381317138671875,1546.7794229984283
89830,1.5381622314453125,1546.9144937992096
89840,1.5381622314453125,1547.0572488307953
89850,1.5381622314453125,1547.2186307907104
89860,1.5382232666015625,1547.3633546829224
89870,1.5382232666015625,1547.5590207576752
89880,1.5382232666015625,1547.685953617096
89890,1.538238525390625,1547.8336346149445
89900,1.53826904296875,1547.985101699829
89910,1.5382843017578125,1548.1379218101501
89920,1.5383148193359375,1548.373902797699
89930,1.5383148193359375,1548.536316871643
89940,1.5383453369140625,1548.700894832611
89950,1.538360595703125,1548.8732888698578
89960,1.538360595703125,1548.9986917972565
89970,1.5383758544921875,1549.1902537345886
89980,1.538421630859375,1549.3942377567291
89990,1.538421630859375,1549.5807359218597
90000,1.5384368896484375,1549.735167980194
90010,1.5384521484375,1549.91326379776
90020,1.538482666015625,1550.097716808319
90030,1.538482666015625,1550.248988866806
90040,1.5384979248046875,1550.473769903183
90050,1.53851318359375,1550.6535606384277
90060,1.5385284423828125,1550.8137147426605
90070,1.538543701171875,1551.0370798110962
90080,1.538543701171875,1551.2021098136902
90090,1.53857421875,1551.3516337871552
90100,1.5385894775390625,1551.4788467884064
90110,1.5385894775390625,1551.6412017345428
90120,1.5386199951171875,1551.790382862091
90130,1.5386505126953125,1551.9242188930511
90140,1.5386505126953125,1552.1219038963318
90150,1.5386505126953125,1552.2732999324799
90160,1.5386810302734375,1552.4255857467651
90170,1.5386962890625,1552.6035656929016
90180,1.5386962890625,1552.7920219898224
90190,1.5387115478515625,1552.97265791893
90200,1.5387115478515625,1553.1727757453918
90210,1.538726806640625,1553.4522178173065
90220,1.5387420654296875,1553.5892028808594
90230,1.53875732421875,1553.7149288654327
90240,1.5387725830078125,1553.9080197811127
90250,1.538787841796875,1554.1327726840973
90260,1.5388031005859375,1554.3347518444061
90270,1.538848876953125,1554.5376908779144
90280,1.5388641357421875,1554.6918337345123
90290,1.53887939453125,1554.8936948776245
90300,1.53887939453125,1555.0197598934174
90310,1.538909912109375,1555.210513830185
90320,1.5389251708984375,1555.381590604782
90330,1.5389404296875,1555.5524039268494
90340,1.538970947265625,1555.7051918506622
90350,1.538970947265625,1555.8610088825226
90360,1.538970947265625,1556.0214548110962
90370,1.5390167236328125,1556.1845297813416
90380,1.5390167236328125,1556.4443469047546
90390,1.539031982421875,1556.674162864685
90400,1.5390625,1556.8453576564789
90410,1.5390777587890625,1556.993421792984
90420,1.5390777587890625,1557.1652810573578
90430,1.5391082763671875,1557.2986958026886
90440,1.53912353515625,1557.4846737384796
90450,1.5391387939453125,1557.7643027305603
90460,1.539154052734375,1557.9123997688293
90470,1.5391693115234375,1558.1488997936249
90480,1.5391845703125,1558.3000178337097
90490,1.539215087890625,1558.4226348400116
90500,1.539215087890625,1558.5884578227997
90510,1.5392303466796875,1558.743775844574
90520,1.5392608642578125,1558.9011147022247
90530,1.539276123046875,1559.070604801178
90540,1.539276123046875,1559.254089832306
90550,1.5392913818359375,1559.3879988193512
90560,1.539306640625,1559.5451967716217
90570,1.5393218994140625,1559.7174508571625
90580,1.5393524169921875,1559.9045038223267
90590,1.5393524169921875,1560.0701088905334
90600,1.5393524169921875,1560.2741968631744
90610,1.539398193359375,1560.412253856659
90620,1.539398193359375,1560.6309707164764
90630,1.539398193359375,1560.799677848816
90640,1.539398193359375,1560.9939997196198
90650,1.5394134521484375,1561.1605026721954
90660,1.5394287109375,1561.3062126636505
90670,1.5394439697265625,1561.4439969062805
90680,1.539459228515625,1561.6199407577515
90690,1.539459228515625,1561.7893407344818
90700,1.5394744873046875,1561.9261276721954
90710,1.5395050048828125,1562.118698835373
90720,1.5395050048828125,1562.2820618152618
90730,1.539520263671875,1562.4322278499603
90740,1.539520263671875,1562.6352097988129
90750,1.5395660400390625,1562.8039298057556
90760,1.539581298828125,1562.9798579216003
90770,1.5395965576171875,1563.1239998340607
90780,1.53961181640625,1563.2798748016357
90790,1.539642333984375,1563.4347100257874
90800,1.539642333984375,1563.605527639389
90810,1.539642333984375,1563.767728805542
90820,1.5396728515625,1563.9688937664032
90830,1.539703369140625,1564.1373147964478
90840,1.539703369140625,1564.2772188186646
90850,1.5397186279296875,1564.4389026165009
90860,1.53973388671875,1564.645397901535
90870,1.5397491455078125,1564.8125939369202
90880,1.539764404296875,1565.0605897903442
90890,1.539794921875,1565.2436437606812
90900,1.539794921875,1565.4488677978516
90910,1.5398101806640625,1565.600737810135
90920,1.5398101806640625,1565.7968609333038
90930,1.5398406982421875,1565.9917497634888
90940,1.53985595703125,1566.1736788749695
90950,1.53985595703125,1566.3728346824646
90960,1.5398712158203125,1566.5538046360016
90970,1.5399017333984375,1566.7335119247437
90980,1.5399017333984375,1566.901684999466
90990,1.5399169921875,1567.040787935257
91000,1.5399627685546875,1567.2013597488403
91010,1.5399627685546875,1567.3605048656464
91020,1.53997802734375,1567.5191748142242
91030,1.5399932861328125,1567.716638803482
91040,1.5400238037109375,1567.8375408649445
91050,1.5400238037109375,1567.9837458133698
91060,1.5400390625,1568.1400697231293
91070,1.5400390625,1568.3075709342957
91080,1.5400543212890625,1568.4453246593475
91090,1.5400543212890625,1568.5721719264984
91100,1.5400848388671875,1568.7051446437836
91110,1.54010009765625,1568.8420927524567
91120,1.54010009765625,1568.9990546703339
91130,1.54010009765625,1569.1141908168793
91140,1.540130615234375,1569.3160977363586
91150,1.540130615234375,1569.4655139446259
91160,1.5401458740234375,1569.6216609477997
91170,1.5401611328125,1569.8406398296356
91180,1.5401763916015625,1570.021316766739
91190,1.540191650390625,1570.152902841568
91200,1.540191650390625,1570.3011169433594
91210,1.540191650390625,1570.4480118751526
91220,1.540252685546875,1570.6354539394379
91230,1.540252685546875,1570.8150627613068
91240,1.5402679443359375,1570.9609270095825
91250,1.5402984619140625,1571.15230178833
91260,1.540313720703125,1571.3236129283905
91270,1.5403289794921875,1571.5371630191803
91280,1.54034423828125,1571.7359087467194
91290,1.5403594970703125,1571.8895559310913
91300,1.5403594970703125,1572.0779378414154
91310,1.5413665771484375,1572.291586637497
91320,1.5439300537109375,1572.5313107967377
91330,1.5439453125,1572.6924788951874
91340,1.5439605712890625,1572.8730759620667
91350,1.5189971923828125,1573.010264635086
91360,1.5204925537109375,1573.1998798847198
91370,1.5205078125,1573.386783838272
91380,1.5205078125,1573.5613918304443
91390,1.5205078125,1573.7148518562317
91400,1.5227508544921875,1573.8889389038086
91410,1.5233154296875,1574.0602066516876
91420,1.509368896484375,1574.2633810043335
91430,1.5137481689453125,1574.4060826301575
91440,1.47894287109375,1574.5853197574615
91450,1.4888458251953125,1574.8091487884521
91460,1.4889068603515625,1574.9633717536926
91470,1.488922119140625,1575.1090188026428
91480,1.4889678955078125,1575.28311085701
91490,1.488983154296875,1575.452205657959
91500,1.4889984130859375,1575.6478097438812
91510,1.5199127197265625,1575.868362903595
91520,1.519927978515625,1575.9984436035156
91530,1.519927978515625,1576.1599218845367
91540,1.519927978515625,1576.3293008804321
91550,1.518646240234375,1576.5835766792297
91560,1.5212249755859375,1576.7328267097473
91570,1.521240234375,1576.8831627368927
91580,1.5212554931640625,1577.017660856247
91590,1.521270751953125,1577.1702756881714
91600,1.521270751953125,1577.3319368362427
91610,1.5213165283203125,1577.459707736969
91620,1.505462646484375,1577.618549823761
91630,1.5376739501953125,1577.8797028064728
91640,1.5376739501953125,1578.1245439052582
91650,1.537689208984375,1578.2961399555206
91660,1.5377044677734375,1578.4705777168274
91670,1.49810791015625,1578.6295647621155
91680,1.49810791015625,1578.7754077911377
91690,1.4981231689453125,1578.93061876297
91700,1.498138427734375,1579.0768876075745
91710,1.4981536865234375,1579.282138824463
91720,1.4981689453125,1579.4628915786743
91730,1.4981842041015625,1579.610830783844
91740,1.5233612060546875,1579.9113779067993
91750,1.52337646484375,1580.0602576732635
91760,1.5145416259765625,1580.2737567424774
91770,1.5147552490234375,1580.4536428451538
91780,1.4777069091796875,1580.6447248458862
91790,1.47772216796875,1580.8208258152008
91800,1.4777374267578125,1581.0010056495667
91810,1.4903564453125,1581.2233438491821
91820,1.492462158203125,1581.39448595047
91830,1.4760284423828125,1581.5616297721863
91840,1.476043701171875,1581.7185726165771
91850,1.47607421875,1581.8520247936249
91860,1.476531982421875,1582.0581538677216
91870,1.4765472412109375,1582.2036018371582
91880,1.4765777587890625,1582.3820288181305
91890,1.4708709716796875,1582.5299127101898
91900,1.4708709716796875,1582.6885838508606
91910,1.5091400146484375,1582.9659628868103
91920,1.5091552734375,1583.121566772461
91930,1.5091705322265625,1583.28968501091
91940,1.5091705322265625,1583.441998720169
91950,1.47125244140625,1583.6398577690125
91960,1.47125244140625,1583.8366839885712
91970,1.4713134765625,1583.9995167255402
91980,1.4713287353515625,1584.1623978614807
91990,1.4713287353515625,1584.3771657943726
92000,1.4722442626953125,1584.5574567317963
92010,1.472259521484375,1584.79239487648
92020,1.4722747802734375,1584.966168642044
92030,1.4722747802734375,1585.1296577453613
92040,1.4802093505859375,1585.446995973587
92050,1.4802093505859375,1585.590889930725
92060,1.480224609375,1585.7420139312744
92070,1.4802398681640625,1585.8877997398376
92080,1.480255126953125,1586.0524668693542
92090,1.4802703857421875,1586.2548348903656
92100,1.480316162109375,1586.4071867465973
92110,1.4803314208984375,1586.5692958831787
92120,1.4803314208984375,1586.726316690445
92130,1.4803314208984375,1586.9444208145142
92140,1.4803619384765625,1587.0829739570618
92150,1.4803619384765625,1587.2445046901703
92160,1.480377197265625,1587.4333770275116
92170,1.48040771484375,1587.621521949768
92180,1.48040771484375,1587.9226658344269
92190,1.4804229736328125,1588.0875067710876
92200,1.480438232421875,1588.258636713028
92210,1.483978271484375,1588.4259309768677
92220,1.4839935302734375,1588.5835597515106
92230,1.4840087890625,1588.7303938865662
92240,1.4840087890625,1588.903354883194
92250,1.4840240478515625,1589.0823628902435
92260,1.484039306640625,1589.2216608524323
92270,1.4840545654296875,1589.3844227790833
92280,1.4840850830078125,1589.5455927848816
92290,1.4840850830078125,1589.7145428657532
92300,1.4958343505859375,1589.9363746643066
92310,1.495880126953125,1590.2148568630219
92320,1.4958953857421875,1590.3725228309631
92330,1.5,1590.5612616539001
92340,1.500030517578125,1590.6801977157593
92350,1.5000457763671875,1590.857676744461
92360,1.5000457763671875,1591.017523765564
92370,1.5003509521484375,1591.2657096385956
92380,1.5003662109375,1591.4337837696075
92390,1.5003662109375,1591.6062426567078
92400,1.500396728515625,1591.765781879425
92410,1.500396728515625,1591.9199266433716
92420,1.50042724609375,1592.0597717761993
92430,1.5004425048828125,1592.2503747940063
92440,1.5004425048828125,1592.396999835968
92450,1.5004730224609375,1592.56525182724
92460,1.50048828125,1592.730435848236
92470,1.500518798828125,1592.8640220165253
92480,1.5005340576171875,1592.9945468902588
92490,1.500579833984375,1593.2847998142242
92500,1.500579833984375,1593.518795967102
92510,1.5005950927734375,1593.6581020355225
92520,1.5088958740234375,1593.8664257526398
92530,1.5088958740234375,1594.0829887390137
92540,1.5089111328125,1594.2362577915192
92550,1.5089263916015625,1594.3924357891083
92560,1.5089569091796875,1594.5847418308258
92570,1.50897216796875,1594.801484823227
92580,1.5089874267578125,1595.0541577339172
92590,1.5089874267578125,1595.250977754593
92600,1.509002685546875,1595.4130108356476
92610,1.5090484619140625,1595.5729207992554
92620,1.5090484619140625,1595.7298157215118
92630,1.509063720703125,1595.8925466537476
92640,1.5093841552734375,1596.0929198265076
92650,1.5093994140625,1596.262417793274
92660,1.5093994140625,1596.4140408039093
92670,1.5094146728515625,1596.5836207866669
92680,1.5094146728515625,1596.7206766605377
92690,1.5094146728515625,1596.8915808200836
92700,1.50946044921875,1597.0558907985687
92710,1.50946044921875,1597.205531835556
92720,1.5094757080078125,1597.3636598587036
92730,1.5095062255859375,1597.5439836978912
92740,1.5104827880859375,1597.8047308921814
92750,1.5104827880859375,1597.9604969024658
92760,1.5105133056640625,1598.1298139095306
92770,1.5105438232421875,1598.346002817154
92780,1.5105438232421875,1598.5010488033295
92790,1.51055908203125,1598.6614787578583
92800,1.5105743408203125,1598.8502748012543
92810,1.520477294921875,1599.042876958847
92820,1.5205078125,1599.2552876472473
92830,1.5205078125,1599.3899738788605
92840,1.5205230712890625,1599.5542278289795
92850,1.5205535888671875,1599.7540276050568
92860,1.5205841064453125,1599.9653477668762
92870,1.5205841064453125,1600.134843826294
92880,1.520599365234375,1600.3544199466705
92890,1.520599365234375,1600.4909417629242
92900,1.5010223388671875,1600.6250460147858
92910,1.50103759765625,1600.8264210224152
92920,1.50103759765625,1601.000888824463
92930,1.50103759765625,1601.2653229236603
92940,1.5010833740234375,1601.419332742691
92950,1.5010986328125,1601.5638070106506
92960,1.5010986328125,1601.7439098358154
92970,1.5011138916015625,1601.8778989315033
92980,1.5011444091796875,1602.022197008133
92990,1.50115966796875,1602.221246957779
93000,1.512603759765625,1602.3668599128723
93010,1.5126190185546875,1602.4963188171387
93020,1.5126190185546875,1602.663126707077
93030,1.51263427734375,1602.7889559268951
93040,1.5126495361328125,1602.9467208385468
93050,1.512664794921875,1603.1710510253906
93060,1.5126800537109375,1603.3218989372253
93070,1.5127105712890625,1603.4892528057098
93080,1.5127105712890625,1603.6210989952087
93090,1.508209228515625,1603.7757587432861
93100,1.50823974609375,1603.9747467041016
93110,1.5082550048828125,1604.1853058338165
93120,1.508270263671875,1604.3649096488953
93130,1.508270263671875,1604.531353712082
93140,1.5061492919921875,1604.7338318824768
93150,1.5061492919921875,1604.8880546092987
93160,1.5061492919921875,1605.0575778484344
93170,1.50616455078125,1605.2590007781982
93180,1.5061798095703125,1605.473772764206
93190,1.506195068359375,1605.6092998981476
93200,1.5062255859375,1605.7438399791718
93210,1.5062408447265625,1605.8941068649292
93220,1.506256103515625,1606.0527019500732
93230,1.507232666015625,1606.3198609352112
93240,1.505340576171875,1606.4898438453674
93250,1.4881744384765625,1606.6747217178345
93260,1.488189697265625,1606.8414688110352
93270,1.4882049560546875,1607.0107238292694
93280,1.4882354736328125,1607.2128868103027
93290,1.488250732421875,1607.369643688202
93300,1.4882659912109375,1607.5488867759705
93310,1.4785003662109375,1607.7002358436584
93320,1.4785308837890625,1607.8840959072113
93330,1.4785308837890625,1608.0502898693085
93340,1.478546142578125,1608.2125368118286
93350,1.478546142578125,1608.3463377952576
93360,1.4785614013671875,1608.4885728359222
93370,1.478607177734375,1608.6668028831482
93380,1.478607177734375,1608.8266208171844
93390,1.478607177734375,1608.9914298057556
93400,1.4786376953125,1609.1355216503143
93410,1.4786376953125,1609.3170878887177
93420,1.478668212890625,1609.456643819809
93430,1.47869873046875,1609.6249678134918
93440,1.4787139892578125,1609.782577753067
93450,1.4787139892578125,1609.961541891098
93460,1.478759765625,1610.1360547542572
93470,1.478759765625,1610.2647948265076
93480,1.4787750244140625,1610.43447971344
93490,1.478790283203125,1610.6337769031525
93500,1.4788055419921875,1610.7783539295197
93510,1.4788360595703125,1610.9568467140198
93520,1.478851318359375,1611.086945772171
93530,1.4788665771484375,1611.2132518291473
93540,1.4788665771484375,1611.3480978012085
93550,1.4789276123046875,1611.517341852188
93560,1.4789276123046875,1611.6899027824402
93570,1.4789276123046875,1611.8905086517334
93580,1.4791412353515625,1612.087986946106
93590,1.4791717529296875,1612.2360649108887
93600,1.4791717529296875,1612.4320137500763
93610,1.47918701171875,1612.5813167095184
93620,1.4792022705078125,1612.7461388111115
93630,1.4792022705078125,1612.892749786377
93640,1.479217529296875,1613.028149843216
93650,1.4792327880859375,1613.2365319728851
93660,1.4792327880859375,1613.4257516860962
93670,1.4792633056640625,1613.5740308761597
93680,1.4792633056640625,1613.7727308273315
93690,1.4792633056640625,1613.9489588737488
93700,1.4792938232421875,1614.1450769901276
93710,1.4792938232421875,1614.273520708084
93720,1.47930908203125,1614.463194847107
93730,1.4793243408203125,1614.6880419254303
93740,1.479339599609375,1614.8456118106842
93750,1.4793701171875,1615.03528881073
93760,1.4793853759765625,1615.214290857315
93770,1.4794158935546875,1615.3548657894135
93780,1.4794158935546875,1615.546357870102
93790,1.479461669921875,1615.6995058059692
93800,1.479461669921875,1615.8626029491425
93810,1.4794769287109375,1616.01118683815
93820,1.4795074462890625,1616.1437985897064
93830,1.4795074462890625,1616.3603966236115
93840,1.4795074462890625,1616.5062038898468
93850,1.479522705078125,1616.6946518421173
93860,1.4795379638671875,1616.8923289775848
93870,1.483428955078125,1617.049655675888
93880,1.48345947265625,1617.211357831955
93890,1.48345947265625,1617.4287827014923
93900,1.4834747314453125,1617.5838327407837
93910,1.4835052490234375,1617.7498140335083
93920,1.4835205078125,1617.8999428749084
93930,1.4835357666015625,1618.0709428787231
93940,1.4835662841796875,1618.2248330116272
93950,1.4835662841796875,1618.3698008060455
93960,1.48358154296875,1618.5191118717194
93970,1.483612060546875,1618.7013099193573
93980,1.4836273193359375,1618.8625948429108
93990,1.4836273193359375,1618.9981877803802
94000,1.483642578125,1619.141985654831
94010,1.483673095703125,1619.2991139888763
94020,1.483673095703125,1619.4719836711884
94030,1.48370361328125,1619.6087737083435
94040,1.4837188720703125,1619.7528088092804
94050,1.483734130859375,1619.932494878769
94060,1.483734130859375,1620.1025338172913
94070,1.4837493896484375,1620.2648017406464
94080,1.4837646484375,1620.4774227142334
94090,1.4837799072265625,1620.6101958751678
94100,1.48388671875,1620.8248927593231
94110,1.4839019775390625,1620.9506738185883
94120,1.4839019775390625,1621.1035618782043
94130,1.483917236328125,1621.2953128814697
94140,1.483917236328125,1621.543774843216
94150,1.48394775390625,1621.743050813675
94160,1.4839630126953125,1621.9167778491974
94170,1.4839630126953125,1622.0562417507172
94180,1.4839630126953125,1622.2609679698944
94190,1.4839935302734375,1622.4473106861115
94200,1.4840087890625,1622.612634897232
94210,1.4840240478515625,1622.7767329216003
94220,1.4840545654296875,1622.9773948192596
94230,1.4840545654296875,1623.1295537948608
94240,1.48406982421875,1623.2646868228912
94250,1.4840850830078125,1623.480834722519
94260,1.4840850830078125,1623.6164438724518
94270,1.4841156005859375,1623.7739629745483
94280,1.4841461181640625,1623.9201338291168
94290,1.4841461181640625,1624.100344657898
94300,1.484161376953125,1624.2489569187164
94310,1.48419189453125,1624.4432656764984
94320,1.48419189453125,1624.6105616092682
94330,1.48419189453125,1624.8004217147827
94340,1.486480712890625,1625.0460216999054
94350,1.486480712890625,1625.2040009498596
94360,1.486480712890625,1625.413008928299
94370,1.48651123046875,1625.6122229099274
94380,1.486541748046875,1625.7456629276276
94390,1.4865570068359375,1625.922563791275
94400,1.486572265625,1626.0830945968628
94410,1.486572265625,1626.232079744339
94420,1.486602783203125,1626.4007458686829
94430,1.4866180419921875,1626.5404160022736
94440,1.4921722412109375,1626.7602586746216
94450,1.4921722412109375,1626.9471209049225
94460,1.492218017578125,1627.1201877593994
94470,1.492218017578125,1627.2528808116913
94480,1.4922332763671875,1627.4257488250732
94490,1.49224853515625,1627.5708317756653
94500,1.4922637939453125,1627.7593698501587
94510,1.492279052734375,1627.9622957706451
94520,1.4923248291015625,1628.1361908912659
94530,1.4923248291015625,1628.3434188365936
94540,1.492340087890625,1628.5203757286072
94550,1.49237060546875,1628.739640712738
94560,1.49237060546875,1628.888816833496
94570,1.49237060546875,1629.0802056789398
94580,1.492401123046875,1629.2344617843628
94590,1.4924163818359375,1629.3837928771973
94600,1.4924163818359375,1629.5052938461304
94610,1.492431640625,1629.680481672287
94620,1.4924468994140625,1629.8464336395264
94630,1.492462158203125,1629.9675300121307
94640,1.4924774169921875,1630.1235909461975
94650,1.49249267578125,1630.290195941925
94660,1.49249267578125,1630.4683327674866
94670,1.4925079345703125,1630.6584887504578
94680,1.4925384521484375,1630.8049058914185
94690,1.4925384521484375,1630.934515953064
94700,1.4925689697265625,1631.2100458145142
94710,1.4931488037109375,1631.3623449802399
94720,1.4931640625,1631.4948427677155
94730,1.493194580078125,1631.6378617286682
94740,1.493194580078125,1631.814552783966
94750,1.49322509765625,1632.0195598602295
94760,1.493255615234375,1632.2112157344818
94770,1.493255615234375,1632.351854801178
94780,1.493255615234375,1632.4968876838684
94790,1.4932861328125,1632.640853881836
94800,1.4932861328125,1632.7921097278595
94810,1.4933013916015625,1632.9515047073364
94820,1.493316650390625,1633.136662721634
94830,1.49334716796875,1633.3462986946106
94840,1.49334716796875,1633.5579216480255
94850,1.493377685546875,1633.70165681839
94860,1.4933929443359375,1633.847485780716
94870,1.4933929443359375,1633.968139886856
94880,1.4934234619140625,1634.1131987571716
94890,1.493438720703125,1634.2844479084015
94900,1.4934539794921875,1634.4394617080688
94910,1.49346923828125,1634.6257858276367
94920,1.4934844970703125,1634.7664959430695
94930,1.4934844970703125,1634.8950998783112
94940,1.4935150146484375,1635.1001017093658
94950,1.4935150146484375,1635.2639527320862
94960,1.4935455322265625,1635.4030268192291
94970,1.493560791015625,1635.5758488178253
94980,1.4936065673828125,1635.7560667991638
94990,1.4936065673828125,1635.8888757228851
95000,1.493621826171875,1636.0755636692047
95010,1.493621826171875,1636.2748427391052
95020,1.4936370849609375,1636.4528098106384
95030,1.4936676025390625,1636.629915714264
95040,1.493682861328125,1636.81422996521
95050,1.493682861328125,1637.003824710846
95060,1.4950103759765625,1637.2915937900543
95070,1.49505615234375,1637.44211769104
95080,1.49505615234375,1637.602080821991
95090,1.4915924072265625,1637.7311737537384
95100,1.491607666015625,1637.9129626750946
95110,1.491607666015625,1638.0597298145294
95120,1.4916229248046875,1638.210664987564
95130,1.4916229248046875,1638.440711736679
95140,1.49163818359375,1638.6022017002106
95150,1.49163818359375,1638.7951638698578
95160,1.491668701171875,1638.992164850235
95170,1.4916839599609375,1639.1774599552155
95180,1.490814208984375,1639.4375207424164
95190,1.4908294677734375,1639.6224808692932
95200,1.4908294677734375,1639.8227636814117
95210,1.4908294677734375,1640.0088069438934
95220,1.490875244140625,1640.2137417793274
95230,1.4908905029296875,1640.4171929359436
95240,1.4908599853515625,1640.580160856247
95250,1.489288330078125,1640.7795689105988
95260,1.489288330078125,1640.9629986286163
95270,1.4857940673828125,1641.2090458869934
95280,1.4843292236328125,1641.4290418624878
95290,1.48614501953125,1641.6061429977417
95300,1.486175537109375,1641.767904996872
95310,1.4861907958984375,1641.9837877750397
95320,1.4841156005859375,1642.2190148830414
95330,1.48480224609375,1642.4684386253357
95340,1.480712890625,1642.6754529476166
95350,1.476165771484375,1642.9104177951813
95360,1.461578369140625,1643.119402885437
95370,1.45050048828125,1643.2707798480988
95380,1.4544830322265625,1643.4372699260712
95390,1.454498291015625,1643.6012358665466
95400,1.4583892822265625,1643.7689487934113
95410,1.4639739990234375,1643.980182647705
95420,1.4408416748046875,1644.1415648460388
95430,1.44085693359375,1644.3865127563477
95440,1.4383087158203125,1644.5674576759338
95450,1.410552978515625,1644.7324538230896
95460,1.41058349609375,1644.8946208953857
95470,1.4105987548828125,1645.0512917041779
95480,1.41064453125,1645.1910626888275
95490,1.4106597900390625,1645.4875288009644
95500,1.4129486083984375,1645.6633086204529
95510,1.4129486083984375,1645.8574945926666
95520,1.412994384765625,1645.994678735733
95530,1.412994384765625,1646.214540719986
95540,1.408538818359375,1646.342069864273
95550,1.3768463134765625,1646.6274659633636
95560,1.3768463134765625,1646.771765947342
95570,1.3668975830078125,1646.955326795578
95580,1.3447418212890625,1647.0815076828003
95590,1.3446502685546875,1647.2112777233124
95600,1.311065673828125,1647.3916149139404
95610,1.3110809326171875,1647.5618097782135
95620,1.3110809326171875,1647.8007307052612
95630,1.31109619140625,1647.9662415981293
95640,1.3111114501953125,1648.1110768318176
95650,1.3111114501953125,1648.240821838379
95660,1.3111114501953125,1648.4201118946075
95670,1.311126708984375,1648.569261789322
95680,1.311126708984375,1648.724916934967
95690,1.3111419677734375,1648.9072177410126
95700,1.3111572265625,1649.0783905982971
95710,1.3111724853515625,1649.2033438682556
95720,1.3112030029296875,1649.4138917922974
95730,1.313507080078125,1649.6334028244019
95740,1.3007659912109375,1649.7827048301697
95750,1.3007659912109375,1649.9890649318695
95760,1.302215576171875,1650.209853887558
95770,1.3022308349609375,1650.382887840271
95780,1.30224609375,1650.573698759079
95790,1.3022613525390625,1650.7002427577972
95800,1.303192138671875,1650.895878791809
95810,1.30322265625,1651.0635738372803
95820,1.3010711669921875,1651.2109429836273
95830,1.30108642578125,1651.361832857132
95840,1.2895965576171875,1651.502995967865
95850,1.28961181640625,1651.675405740738
95860,1.289642333984375,1651.8614609241486
95870,1.289642333984375,1652.0015738010406
95880,1.289642333984375,1652.1729788780212
95890,1.2896881103515625,1652.32137966156
95900,1.289703369140625,1652.5239579677582
95910,1.289703369140625,1652.7263717651367
95920,1.28973388671875,1652.8771178722382
95930,1.28973388671875,1653.0447568893433
95940,1.2910614013671875,1653.249187707901
95950,1.2910919189453125,1653.4231307506561
95960,1.291107177734375,1653.6240739822388
95970,1.2911224365234375,1653.7981519699097
95980,1.2911529541015625,1654.061236858368
95990,1.2911834716796875,1654.2277858257294
96000,1.2911834716796875,1654.3536088466644
96010,1.31201171875,1654.7113909721375
96020,1.31201171875,1654.8567538261414
96030,1.312042236328125,1655.006826877594
96040,1.3120574951171875,1655.1853518486023
96050,1.3120574951171875,1655.3129048347473
96060,1.3120574951171875,1655.5218448638916
96070,1.312103271484375,1655.7150847911835
96080,1.312103271484375,1655.9440927505493
96090,1.3121185302734375,1656.1281297206879
96100,1.3121337890625,1656.273933649063
96110,1.3121490478515625,1656.5210938453674
96120,1.312164306640625,1656.6695437431335
96130,1.312164306640625,1656.793910741806
96140,1.312164306640625,1656.951133966446
96150,1.31219482421875,1657.0955069065094
96160,1.3122100830078125,1657.2489368915558
96170,1.3122100830078125,1657.3902657032013
96180,1.312225341796875,1657.5729358196259
96190,1.312255859375,1657.7476737499237
96200,1.3122711181640625,1657.9463918209076
96210,1.312286376953125,1658.1833610534668
96220,1.31231689453125,1658.381206035614
96230,1.31231689453125,1658.5374867916107
96240,1.3123321533203125,1658.7317698001862
96250,1.312347412109375,1658.9306018352509
96260,1.3123779296875,1659.0878987312317
96270,1.3123931884765625,1659.2454807758331
96280,1.3124237060546875,1659.4534080028534
96290,1.3124237060546875,1659.6031308174133
96300,1.31243896484375,1659.7472319602966
96310,1.3124542236328125,1659.964097738266
96320,1.312469482421875,1660.1525256633759
96330,1.3124847412109375,1660.2956049442291
96340,1.3125,1660.4187078475952
96350,1.3125152587890625,1660.555056810379
96360,1.3125152587890625,1660.7296628952026
96370,1.312530517578125,1660.9486207962036
96380,1.31256103515625,1661.1169867515564
96390,1.31256103515625,1661.2724628448486
96400,1.3125762939453125,1661.4620668888092
96410,1.312591552734375,1661.6503837108612
96420,1.3126373291015625,1661.8160328865051
96430,1.312652587890625,1661.9948480129242
96440,1.312652587890625,1662.1459996700287
96450,1.31268310546875,1662.2932369709015
96460,1.3126983642578125,1662.5030207633972
96470,1.312713623046875,1662.6817348003387
96480,1.3127288818359375,1662.879068851471
96490,1.31292724609375,1663.0582699775696
96500,1.3129425048828125,1663.2224397659302
96510,1.2979278564453125,1663.3711166381836
96520,1.2979583740234375,1663.5458779335022
96530,1.2979736328125,1663.692172050476
96540,1.2979736328125,1663.8611557483673
96550,1.2979888916015625,1664.0054178237915
96560,1.298004150390625,1664.2453398704529
96570,1.2980499267578125,1664.4094116687775
96580,1.298065185546875,1664.623557806015
96590,1.2980804443359375,1664.771862745285
96600,1.2980804443359375,1664.9180767536163
96610,1.2950897216796875,1665.1200368404388
96620,1.29510498046875,1665.324836730957
96630,1.295135498046875,1665.4828689098358
96640,1.295135498046875,1665.6454730033875
96650,1.2951507568359375,1665.8343470096588
96660,1.2951507568359375,1666.0318279266357
96670,1.2951507568359375,1666.2089848518372
96680,1.295166015625,1666.3503937721252
96690,1.295196533203125,1666.4975497722626
96700,1.29522705078125,1666.7945218086243
96710,1.29522705078125,1666.9382147789001
96720,1.2952728271484375,1667.1254427433014
96730,1.2952880859375,1667.2664477825165
96740,1.2953033447265625,1667.401960849762
96750,1.2953033447265625,1667.5506286621094
96760,1.2953033447265625,1667.7504127025604
96770,1.2953338623046875,1667.9086656570435
96780,1.29534912109375,1668.0831258296967
96790,1.295379638671875,1668.257750749588
96800,1.2953948974609375,1668.4081490039825
96810,1.29541015625,1668.578007698059
96820,1.295440673828125,1668.8014347553253
96830,1.2954559326171875,1668.9759376049042
96840,1.2954559326171875,1669.1077008247375
96850,1.2954864501953125,1669.273759841919
96860,1.295501708984375,1669.402958869934
96870,1.295501708984375,1669.5619637966156
96880,1.295501708984375,1669.7124936580658
96890,1.2955169677734375,1669.870841741562
96900,1.2955474853515625,1670.0330238342285
96910,1.2955474853515625,1670.1744027137756
96920,1.2955780029296875,1670.3121716976166
96930,1.2955780029296875,1670.494239807129
96940,1.2956085205078125,1670.6406116485596
96950,1.295623779296875,1670.7791028022766
96960,1.2956390380859375,1670.9962828159332
96970,1.2956390380859375,1671.1610696315765
96980,1.2956695556640625,1671.3736577033997
96990,1.295684814453125,1671.5292627811432
97000,1.295684814453125,1671.7076787948608
97010,1.29571533203125,1671.8506560325623
97020,1.29571533203125,1671.9825956821442
97030,1.2967071533203125,1672.2523148059845
97040,1.296722412109375,1672.4135496616364
97050,1.296722412109375,1672.590321779251
97060,1.2967376708984375,1672.7402317523956
97070,1.2967529296875,1672.8813576698303
97080,1.296783447265625,1673.0808539390564
97090,1.296783447265625,1673.242500782013
97100,1.29833984375,1673.4417407512665
97110,1.2983856201171875,1673.5959718227386
97120,1.2983856201171875,1673.750760793686
97130,1.2983856201171875,1673.9327156543732
97140,1.2983856201171875,1674.0788288116455
97150,1.29840087890625,1674.2579448223114
97160,1.2984161376953125,1674.4251909255981
97170,1.2984161376953125,1674.6279029846191
97180,1.2984161376953125,1674.7664527893066
97190,1.2984619140625,1674.951916694641
97200,1.298492431640625,1675.0934836864471
97210,1.298492431640625,1675.2541019916534
97220,1.298492431640625,1675.3917307853699
97230,1.29852294921875,1675.5498287677765
97240,1.2985382080078125,1675.7104408740997
97250,1.2985382080078125,1675.8537657260895
97260,1.2985687255859375,1676.0137667655945
97270,1.2986907958984375,1676.2617897987366
97280,1.2987060546875,1676.448246717453
97290,1.298736572265625,1676.627061843872
97300,1.2987518310546875,1676.7594578266144
97310,1.29876708984375,1676.9082198143005
97320,1.298797607421875,1677.1843419075012
97330,1.298797607421875,1677.3397707939148
97340,1.298797607421875,1677.5027418136597
97350,1.298828125,1677.7495386600494
97360,1.2988433837890625,1677.9073989391327
97370,1.298858642578125,1678.136992931366
97380,1.2988739013671875,1678.3221518993378
97390,1.2988739013671875,1678.4901566505432
97400,1.2988739013671875,1678.6373498439789
97410,1.298919677734375,1678.7798247337341
97420,1.298919677734375,1679.0611410140991
97430,1.2989349365234375,1679.2661848068237
97440,1.2989654541015625,1679.3997209072113
97450,1.298980712890625,1679.568579673767
97460,1.2989959716796875,1679.8181068897247
97470,1.2989959716796875,1680.0342338085175
97480,1.29901123046875,1680.1604187488556
97490,1.299041748046875,1680.3183679580688
97500,1.2990570068359375,1680.4657957553864
97510,1.299072265625,1680.6209888458252
97520,1.2990875244140625,1680.8311259746552
97530,1.2990875244140625,1680.9923520088196
97540,1.2991180419921875,1681.1877629756927
97550,1.2991485595703125,1681.3935377597809
97560,1.299163818359375,1681.5141880512238
97570,1.299163818359375,1681.6746187210083
97580,1.2991943359375,1681.8724508285522
97590,1.2991943359375,1682.0279397964478
97600,1.2992095947265625,1682.1526248455048
97610,1.2992095947265625,1682.28276181221
97620,1.2992401123046875,1682.4542908668518
97630,1.2992401123046875,1682.626746892929
97640,1.29925537109375,1682.82057762146
97650,1.407135009765625,1683.1640388965607
97660,1.4071502685546875,1683.3011057376862
97670,1.4071502685546875,1683.4395248889923
97680,1.40716552734375,1683.553556919098
97690,1.40716552734375,1683.7017269134521
97700,1.4072113037109375,1683.9136970043182
97710,1.4072113037109375,1684.096480846405
97720,1.4072113037109375,1684.2735228538513
97730,1.4072418212890625,1684.5008277893066
97740,1.4072418212890625,1684.6568655967712
97750,1.40728759765625,1684.9386959075928
97760,1.40728759765625,1685.0820608139038
97770,1.2963409423828125,1685.266999721527
97780,1.2963409423828125,1685.4526517391205
97790,1.2964019775390625,1685.6635987758636
97800,1.2964324951171875,1685.8598017692566
97810,1.2964324951171875,1686.0339379310608
97820,1.29644775390625,1686.2276809215546
97830,1.29644775390625,1686.424174785614
97840,1.2966156005859375,1686.743136882782
97850,1.296630859375,1686.871446609497
97860,1.2966461181640625,1687.0573568344116
97870,1.2966461181640625,1687.1948909759521
97880,1.296661376953125,1687.385449886322
97890,1.2967071533203125,1687.5838668346405
97900,1.2967071533203125,1687.8239288330078
97910,1.2967376708984375,1688.031744003296
97920,1.2967376708984375,1688.191895723343
97930,1.2967529296875,1688.3750698566437
97940,1.2967529296875,1688.5240077972412
97950,1.296783447265625,1688.7316658496857
97960,1.29681396484375,1688.9014856815338
97970,1.29681396484375,1689.0449087619781
97980,1.296844482421875,1689.22012591362
97990,1.2968902587890625,1689.3593490123749
98000,1.2968902587890625,1689.5048208236694
98010,1.296905517578125,1689.6708779335022
98020,1.296905517578125,1689.828566789627
98030,1.29693603515625,1689.978623867035
98040,1.296966552734375,1690.155061006546
98050,1.296966552734375,1690.282408952713
98060,1.296966552734375,1690.4439737796783
98070,1.2970123291015625,1690.6559238433838
98080,1.2970123291015625,1690.8344378471375
98090,1.297027587890625,1691.0006577968597
98100,1.2970428466796875,1691.1590106487274
98110,1.29705810546875,1691.338820695877
98120,1.29705810546875,1691.4752938747406
98130,1.2970733642578125,1691.6386477947235
98140,1.297088623046875,1691.7891488075256
98150,1.297088623046875,1691.9350736141205
98160,1.2971038818359375,1692.1598088741302
98170,1.2971038818359375,1692.3227698802948
98180,1.2976226806640625,1692.500717639923
98190,1.297637939453125,1692.7084698677063
98200,1.2976531982421875,1692.8755986690521
98210,1.29766845703125,1693.023815870285
98220,1.297698974609375,1693.168795824051
98230,1.297698974609375,1693.3322348594666
98240,1.297698974609375,1693.4772148132324
98250,1.2977294921875,1693.6472997665405
98260,1.2977447509765625,1693.8159747123718
98270,1.2977447509765625,1693.9866397380829
98280,1.2977752685546875,1694.1556899547577
98290,1.297821044921875,1694.329613685608
98300,1.297821044921875,1694.4780547618866
98310,1.2978515625,1694.649644613266
98320,1.2978668212890625,1694.8087587356567
98330,1.297882080078125,1695.0566546916962
98340,1.2978973388671875,1695.2772688865662
98350,1.2978973388671875,1695.5581707954407
98360,1.29791259765625,1695.7055559158325
98370,1.2979278564453125,1695.9024488925934
98380,1.297943115234375,1696.0431108474731
98390,1.297943115234375,1696.208782672882
98400,1.2979736328125,1696.3820428848267
98410,1.2979888916015625,1696.594290971756
98420,1.298004150390625,1696.7636148929596
98430,1.2980194091796875,1697.0390856266022
98440,1.2980194091796875,1697.1618130207062
98450,1.29803466796875,1697.3491427898407
98460,1.2980804443359375,1697.5179297924042
98470,1.2980804443359375,1697.6824729442596
98480,1.2980804443359375,1697.8657937049866
98490,1.2981414794921875,1698.0146906375885
98500,1.2981414794921875,1698.1717870235443
98510,1.29815673828125,1698.366348028183
98520,1.2982025146484375,1698.5152819156647
98530,1.2982025146484375,1698.738089799881
98540,1.2982025146484375,1698.889839887619
98550,1.2982177734375,1699.0496819019318
98560,1.298248291015625,1699.198865890503
98570,1.298248291015625,1699.3624908924103
98580,1.29827880859375,1699.5830159187317
98590,1.29827880859375,1699.7371988296509
98600,1.2982940673828125,1699.9115619659424
98610,1.298309326171875,1700.0993058681488
98620,1.29833984375,1700.2879297733307
98630,1.29833984375,1700.527025938034
98640,1.29833984375,1700.7367067337036
98650,1.2983551025390625,1700.9061839580536
98660,1.298370361328125,1701.0597908496857
98670,1.2983856201171875,1701.2441170215607
98680,1.2983856201171875,1701.4409437179565
98690,1.29840087890625,1701.5789308547974
98700,1.2984161376953125,1701.766188621521
98710,1.298431396484375,1701.9118158817291
98720,1.298431396484375,1702.075919866562
98730,1.2984466552734375,1702.2459619045258
98740,1.2984619140625,1702.4589009284973
98750,1.2984619140625,1702.6043918132782
98760,1.298492431640625,1702.91641497612
98770,1.2985382080078125,1703.091463804245
98780,1.298553466796875,1703.239189863205
98790,1.2985687255859375,1703.3930706977844
98800,1.2985687255859375,1703.4977269172668
98810,1.298614501953125,1703.7482256889343
98820,1.29864501953125,1703.8959167003632
98830,1.29864501953125,1704.1562747955322
98840,1.29864501953125,1704.3018307685852
98850,1.2986602783203125,1704.5005588531494
98860,1.298675537109375,1704.7004318237305
98870,1.298675537109375,1704.8466958999634
98880,1.2987213134765625,1705.1067309379578
98890,1.2987518310546875,1705.265264749527
98900,1.2987518310546875,1705.4503927230835
98910,1.29876708984375,1705.6018278598785
98920,1.29876708984375,1705.754728794098
98930,1.2987823486328125,1705.9342398643494
98940,1.2988128662109375,1706.0728688240051
98950,1.2988128662109375,1706.2518239021301
98960,1.2988128662109375,1706.422994852066
98970,1.2988433837890625,1706.5810749530792
98980,1.2988433837890625,1706.726138830185
98990,1.2988739013671875,1706.9114286899567
99000,1.2989044189453125,1707.0934047698975
99010,1.298919677734375,1707.2638778686523
99020,1.298919677734375,1707.404718875885
99030,1.2989501953125,1707.5934736728668
99040,1.2989501953125,1707.7413959503174
99050,1.2989501953125,1707.9123919010162
99060,1.298980712890625,1708.1206138134003
99070,1.2989959716796875,1708.2803347110748
99080,1.2989959716796875,1708.5157189369202
99090,1.29901123046875,1708.6610448360443
99100,1.2990264892578125,1708.911608695984
99110,1.299041748046875,1709.132192850113
99120,1.299072265625,1709.2934217453003
99130,1.299072265625,1709.4523646831512
99140,1.299072265625,1709.738966703415
99150,1.2990875244140625,1709.907045841217
99160,1.299102783203125,1710.0548799037933
99170,1.299102783203125,1710.2087469100952
99180,1.299102783203125,1710.3699548244476
99190,1.2991485595703125,1710.6012496948242
99200,1.2991485595703125,1710.7201516628265
99210,1.299163818359375,1710.8630228042603
99220,1.2991790771484375,1711.0112128257751
99230,1.2991790771484375,1711.1918878555298
99240,1.299224853515625,1711.3383429050446
99250,1.2992401123046875,1711.4966897964478
99260,1.29925537109375,1711.6716017723083
99270,1.29925537109375,1711.8852837085724
99280,1.2992706298828125,1712.0407166481018
99290,1.2993011474609375,1712.204402923584
99300,1.2993011474609375,1712.450531721115
99310,1.2993316650390625,1712.5742766857147
99320,1.2993316650390625,1712.7557997703552
99330,1.299346923828125,1712.8800508975983
99340,1.29937744140625,1713.047941684723
99350,1.29937744140625,1713.204737663269
99360,1.2993927001953125,1713.3704807758331
99370,1.2994232177734375,1713.530915737152
99380,1.2994232177734375,1713.6601388454437
99390,1.2994384765625,1713.8603808879852
99400,1.299468994140625,1714.0076768398285
99410,1.299468994140625,1714.186961889267
99420,1.299468994140625,1714.3073308467865
99430,1.29949951171875,1714.5144309997559
99440,1.2995147705078125,1714.68545794487
99450,1.299530029296875,1714.8439888954163
99460,1.2995452880859375,1714.9636318683624
99470,1.2995452880859375,1715.1284217834473
99480,1.299591064453125,1715.2891728878021
99490,1.29962158203125,1715.4197788238525
99500,1.29962158203125,1715.5685398578644
99510,1.299652099609375,1715.6809747219086
99520,1.2996673583984375,1715.844578742981
99530,1.2996673583984375,1716.0107326507568
99540,1.2996673583984375,1716.225614786148
99550,1.299713134765625,1716.4029519557953
99560,1.299713134765625,1716.6162717342377
99570,1.299713134765625,1716.756428718567
99580,1.2997283935546875,1716.901606798172
99590,1.29974365234375,1717.0464849472046
99600,1.2997589111328125,1717.202621936798
99610,1.2997894287109375,1717.370808839798
99620,1.2998046875,1717.5539288520813
99630,1.2998046875,1717.7213597297668
99640,1.2998199462890625,1717.8502097129822
99650,1.2998199462890625,1718.0219857692719
99660,1.2998199462890625,1718.194249868393
99670,1.299835205078125,1718.3274507522583
99680,1.2998504638671875,1718.5206418037415
99690,1.2998504638671875,1718.7530250549316
99700,1.29986572265625,1718.910877943039
99710,1.2998809814453125,1719.0513758659363
99720,1.299896240234375,1719.1993548870087
99730,1.2999267578125,1719.3436999320984
99740,1.2999267578125,1719.5171067714691
99750,1.3001708984375,1719.686355829239
99760,1.300201416015625,1719.8970029354095
99770,1.3002166748046875,1720.0249598026276
99780,1.3002166748046875,1720.1712477207184
99790,1.3002471923828125,1720.350605726242
99800,1.3002777099609375,1720.4954097270966
99810,1.3002777099609375,1720.6133048534393
99820,1.30029296875,1720.7466077804565
99830,1.3003082275390625,1721.0385468006134
99840,1.3003082275390625,1721.2003436088562
99850,1.3003387451171875,1721.345359802246
99860,1.30035400390625,1721.534698009491
99870,1.3003692626953125,1721.7239758968353
99880,1.300384521484375,1721.9355928897858
99890,1.3003997802734375,1722.0845577716827
99900,1.3003997802734375,1722.2517929077148
99910,1.3004150390625,1722.427532672882
99920,1.300445556640625,1722.5763006210327
99930,1.300445556640625,1722.7546219825745
99940,1.300445556640625,1722.9156007766724
99950,1.3004913330078125,1723.0970377922058
99960,1.3004913330078125,1723.3057799339294
99970,1.300506591796875,1723.4888010025024
99980,1.3005218505859375,1723.6495938301086
99990,1.3005523681640625,1723.7696018218994
100000,1.3005523681640625,1723.931165933609
100010,1.3005828857421875,1724.1157157421112
100020,1.30059814453125,1724.274193763733
100030,1.30059814453125,1724.4439587593079
100040,1.3006134033203125,1724.629511833191
100050,1.3006134033203125,1724.7731568813324
100060,1.300628662109375,1724.9873158931732
100070,1.3006439208984375,1725.270823955536
100080,1.3006591796875,1725.4135286808014
100090,1.3007049560546875,1725.5916607379913
100100,1.3007354736328125,1725.800500869751
100110,1.3007354736328125,1725.9225268363953
100120,1.300750732421875,1726.0535249710083
100130,1.30078125,1726.234983921051
100140,1.30078125,1726.418485879898
100150,1.30078125,1726.5489196777344
100160,1.30078125,1726.7328226566315
100170,1.3007965087890625,1726.9000108242035
100180,1.300811767578125,1727.0795466899872
100190,1.3008270263671875,1727.2160258293152
100200,1.3008270263671875,1727.405425786972
100210,1.30084228515625,1727.5774819850922
100220,1.3008880615234375,1727.7575237751007
100230,1.3008880615234375,1727.9204108715057
100240,1.3008880615234375,1728.1305396556854
100250,1.3009185791015625,1728.3078978061676
100260,1.30096435546875,1728.5291588306427
100270,1.30096435546875,1728.6855318546295
100280,1.3009796142578125,1728.8348398208618
100290,1.300994873046875,1729.008065700531
100300,1.3010101318359375,1729.2155766487122
100310,1.301025390625,1729.4033937454224
100320,1.301025390625,1729.5531888008118
100330,1.301055908203125,1729.7448997497559
100340,1.3011016845703125,1729.9064288139343
100350,1.3011016845703125,1730.0684707164764
100360,1.301116943359375,1730.225136756897
100370,1.3011474609375,1730.349945783615
100380,1.3011474609375,1730.5041489601135
100390,1.3011627197265625,1730.672643661499
100400,1.3011932373046875,1730.8045308589935
100410,1.30120849609375,1730.9405648708344
100420,1.30120849609375,1731.1262907981873
100430,1.3012237548828125,1731.3798217773438
100440,1.3012542724609375,1731.5425689220428
100450,1.3012542724609375,1731.7700006961823
100460,1.3012847900390625,1731.9298248291016
100470,1.3012847900390625,1732.121622800827
100480,1.3013153076171875,1732.3182117938995
100490,1.3013458251953125,1732.5359859466553
100500,1.3013458251953125,1732.683632850647
100510,1.3013916015625,1732.8407616615295
100520,1.301422119140625,1733.0052638053894
100530,1.301422119140625,1733.130173921585
100540,1.301422119140625,1733.268503665924
100550,1.30145263671875,1733.430882692337
100560,1.3014678955078125,1733.6347098350525
100570,1.3014678955078125,1733.7891478538513
100580,1.3014984130859375,1733.9330158233643
100590,1.301513671875,1734.1155529022217
100600,1.301513671875,1734.3476617336273
100610,1.301544189453125,1734.4998216629028
100620,1.301544189453125,1734.68598985672
100630,1.30157470703125,1734.9441788196564
100640,1.30157470703125,1735.0965707302094
100650,1.3015899658203125,1735.2350509166718
100660,1.3015899658203125,1735.4095559120178
100670,1.3016204833984375,1735.5617887973785
100680,1.3016357421875,1735.7041068077087
100690,1.3016357421875,1735.926373720169
100700,1.301666259765625,1736.0638437271118
100710,1.301666259765625,1736.238333940506
100720,1.3016815185546875,1736.4626638889313
100730,1.30169677734375,1736.6186559200287
100740,1.3017120361328125,1736.766159772873
100750,1.301727294921875,1736.9647388458252
100760,1.3017425537109375,1737.1269388198853
100770,1.3017578125,1737.3078799247742
100780,1.3017578125,1737.4811878204346
100790,1.301788330078125,1737.7282419204712
100800,1.30181884765625,1737.978819847107
100810,1.3018341064453125,1738.1216547489166
100820,1.3018646240234375,1738.2599067687988
100830,1.3018798828125,1738.400408744812
100840,1.3018798828125,1738.5454697608948
100850,1.301910400390625,1738.7275907993317
100860,1.3019256591796875,1738.8972787857056
100870,1.3019256591796875,1739.0401227474213
100880,1.3019256591796875,1739.1828467845917
100890,1.3019561767578125,1739.33562874794
100900,1.301971435546875,1739.4737548828125
100910,1.301971435546875,1739.6366498470306
100920,1.302001953125,1739.8118116855621
100930,1.302001953125,1740.0382118225098
100940,1.302032470703125,1740.205062866211
100950,1.3020477294921875,1740.3981058597565
100960,1.30206298828125,1740.5346858501434
100970,1.30206298828125,1740.700442790985
100980,1.302093505859375,1740.8526940345764
100990,1.3021087646484375,1741.0268478393555
101000,1.3021240234375,1741.2182579040527
101010,1.3021392822265625,1741.3968558311462
101020,1.3021392822265625,1741.5491497516632
101030,1.302154541015625,1741.8161249160767
101040,1.30218505859375,1742.0129928588867
101050,1.30218505859375,1742.2026138305664
101060,1.3022003173828125,1742.381681919098
101070,1.3022308349609375,1742.5329337120056
101080,1.30224609375,1742.7567076683044
101090,1.30224609375,1742.9090118408203
101100,1.3022613525390625,1743.0840528011322
101110,1.3022918701171875,1743.2377808094025
101120,1.3022918701171875,1743.410229921341
101130,1.30230712890625,1743.5622746944427
101140,1.30230712890625,1743.76038980484
101150,1.3023223876953125,1744.0166928768158
101160,1.302337646484375,1744.278800725937
101170,1.302337646484375,1744.471519947052
101180,1.302337646484375,1744.6439788341522
101190,1.3023529052734375,1744.918295621872
101200,1.3023834228515625,1745.1287689208984
101210,1.3023834228515625,1745.2592227458954
101220,1.302398681640625,1745.417585849762
101230,1.3024139404296875,1745.5800158977509
101240,1.30242919921875,1745.7601158618927
101250,1.3024444580078125,1745.928716659546
101260,1.302459716796875,1746.079823732376
101270,1.302459716796875,1746.2468957901
101280,1.3025054931640625,1746.4383318424225
101290,1.3025360107421875,1746.6462998390198
101300,1.3025360107421875,1746.8063127994537
101310,1.302581787109375,1746.9829859733582
101320,1.302581787109375,1747.1214089393616
101330,1.302581787109375,1747.325131893158
101340,1.3026275634765625,1747.5139768123627
101350,1.302642822265625,1747.6926426887512
101360,1.302642822265625,1747.8569836616516
101370,1.3026580810546875,1748.0330648422241
101380,1.30267333984375,1748.1944687366486
101390,1.30267333984375,1748.3585617542267
101400,1.302703857421875,1748.5155878067017
101410,1.302703857421875,1748.7221748828888
101420,1.302703857421875,1748.8663308620453
101430,1.302764892578125,1749.0327339172363
101440,1.302764892578125,1749.1791038513184
101450,1.302764892578125,1749.3344008922577
101460,1.3027801513671875,1749.4969186782837
101470,1.30279541015625,1749.6308238506317
101480,1.3028106689453125,1749.8108208179474
101490,1.3028411865234375,1750.017936706543
101500,1.3028411865234375,1750.1803226470947
101510,1.3028717041015625,1750.4311218261719
101520,1.302886962890625,1750.6060059070587
101530,1.302886962890625,1750.7890088558197
101540,1.302886962890625,1750.944849729538
101550,1.302947998046875,1751.0932369232178
101560,1.302947998046875,1751.2734830379486
101570,1.302947998046875,1751.5089936256409
101580,1.302978515625,1751.7053897380829
101590,1.302978515625,1751.8599638938904
101600,1.3029937744140625,1752.0334148406982
101610,1.303009033203125,1752.2554547786713
101620,1.3030242919921875,1752.4208929538727
101630,1.3030242919921875,1752.571455001831
101640,1.30303955078125,1752.7696650028229
101650,1.3030548095703125,1752.9239847660065
101660,1.303070068359375,1753.097464799881
101670,1.303070068359375,1753.276523590088
101680,1.3030853271484375,1753.4457459449768
101690,1.3031005859375,1753.7002627849579
101700,1.3031005859375,1753.90913271904
101710,1.303131103515625,1754.0970649719238
101720,1.303131103515625,1754.2698757648468
101730,1.3031463623046875,1754.4397797584534
101740,1.30316162109375,1754.5793516635895
101750,1.3031768798828125,1754.7675619125366
101760,1.3031768798828125,1754.9068038463593
101770,1.303192138671875,1755.1529469490051
101780,1.3032073974609375,1755.316439628601
101790,1.303253173828125,1755.49880194664
101800,1.3032684326171875,1755.62104678154
101810,1.30328369140625,1755.7429587841034
101820,1.3032989501953125,1755.9057929515839
101830,1.303314208984375,1756.069876909256
101840,1.303314208984375,1756.2531478404999
101850,1.3033294677734375,1756.42573595047
101860,1.3033447265625,1756.6349229812622
101870,1.3033599853515625,1756.8064079284668
101880,1.3033599853515625,1756.9758698940277
101890,1.3033905029296875,1757.1168458461761
101900,1.3033905029296875,1757.3770439624786
101910,1.3034210205078125,1757.5399208068848
101920,1.303436279296875,1757.7647497653961
101930,1.303436279296875,1757.992036819458
101940,1.3034515380859375,1758.266764640808
101950,1.3034820556640625,1758.4377918243408
101960,1.3034820556640625,1758.594558954239
101970,1.3034820556640625,1758.7511267662048
101980,1.3035125732421875,1758.9032776355743
101990,1.3035430908203125,1759.0196628570557
102000,1.3035430908203125,1759.2198688983917
102010,1.3035736083984375,1759.3478598594666
102020,1.3035736083984375,1759.5062108039856
102030,1.3036041259765625,1759.7664937973022
102040,1.3036346435546875,1759.9362099170685
102050,1.3036346435546875,1760.1089389324188
102060,1.3036651611328125,1760.2943947315216
102070,1.303680419921875,1760.4557099342346
102080,1.303680419921875,1760.6064109802246
102090,1.303680419921875,1760.7372207641602
102100,1.3037109375,1760.915756702423
102110,1.3037261962890625,1761.104335784912
102120,1.3037261962890625,1761.2809357643127
102130,1.303741455078125,1761.4916987419128
102140,1.3037567138671875,1761.6941606998444
102150,1.30377197265625,1761.8700437545776
102160,1.3037872314453125,1761.9916698932648
102170,1.3037872314453125,1762.1584887504578
102180,1.3038177490234375,1762.3090188503265
102190,1.3038330078125,1762.4775128364563
102200,1.3038330078125,1762.6034128665924
102210,1.3038330078125,1762.7542028427124
102220,1.3038482666015625,1762.9141387939453
102230,1.3038787841796875,1763.0831048488617
102240,1.3038787841796875,1763.2950847148895
102250,1.30389404296875,1763.4435007572174
102260,1.30389404296875,1763.5805776119232
102270,1.30389404296875,1763.74622797966
102280,1.303955078125,1763.8966207504272
102290,1.303985595703125,1764.098115682602
102300,1.3040008544921875,1764.2444899082184
102310,1.30401611328125,1764.4138917922974
102320,1.304046630859375,1764.5551538467407
102330,1.304046630859375,1764.7519388198853
102340,1.3040771484375,1764.930776834488
102350,1.3040771484375,1765.0790627002716
102360,1.3040771484375,1765.268875837326
102370,1.304107666015625,1765.4428386688232
102380,1.304107666015625,1765.6069428920746
102390,1.3041229248046875,1765.7861256599426
102400,1.3041534423828125,1766.0153918266296
102410,1.304168701171875,1766.2250118255615
102420,1.30419921875,1766.3865368366241
102430,1.3042144775390625,1766.5564589500427
102440,1.3042144775390625,1766.7856707572937
102450,1.3042144775390625,1766.928772687912
102460,1.3042449951171875,1767.137804031372
102470,1.30426025390625,1767.3063616752625
102480,1.30426025390625,1767.5680975914001
102490,1.3042755126953125,1767.7337846755981
102500,1.3043060302734375,1767.9205958843231
102510,1.3043212890625,1768.1031177043915
102520,1.304351806640625,1768.2617168426514
102530,1.3043670654296875,1768.4094059467316
102540,1.3043670654296875,1768.609466791153
102550,1.3043670654296875,1768.760414838791
102560,1.304412841796875,1768.9370748996735
102570,1.3044281005859375,1769.1006999015808
102580,1.3044281005859375,1769.2412049770355
102590,1.304443359375,1769.4845628738403
102600,1.3044586181640625,1769.6905827522278
102610,1.3044891357421875,1769.861876964569
102620,1.3045196533203125,1770.0918447971344
102630,1.304534912109375,1770.2536268234253
102640,1.304534912109375,1770.5167067050934
102650,1.304534912109375,1770.695585012436
102660,1.3045501708984375,1770.8413877487183
102670,1.3045654296875,1770.996685743332
102680,1.3045806884765625,1771.1623537540436
102690,1.304595947265625,1771.3281517028809
102700,1.304595947265625,1771.5342626571655
102710,1.30462646484375,1771.7634496688843
102720,1.3046417236328125,1771.9205257892609
102730,1.304656982421875,1772.152726650238
102740,1.3046722412109375,1772.2961297035217
102750,1.3046722412109375,1772.4407799243927
102760,1.3046875,1772.603687763214
102770,1.3047332763671875,1772.7699818611145
102780,1.3047332763671875,1772.8981199264526
102790,1.30474853515625,1773.0783517360687
102800,1.304779052734375,1773.252977848053
102810,1.3047943115234375,1773.3859629631042
102820,1.3047943115234375,1773.538311958313
102830,1.3048095703125,1773.6811578273773
102840,1.3048248291015625,1773.8241186141968
102850,1.304840087890625,1773.9644339084625
102860,1.3048553466796875,1774.1129999160767
102870,1.30487060546875,1774.3222787380219
102880,1.304901123046875,1774.4640157222748
102890,1.304931640625,1774.6587929725647
102900,1.304931640625,1774.8284590244293
102910,1.304931640625,1774.9847638607025
102920,1.3049774169921875,1775.143560886383
102930,1.3049774169921875,1775.2934257984161
102940,1.3049774169921875,1775.4647498130798
102950,1.3050079345703125,1775.6537306308746
102960,1.305023193359375,1775.8230588436127
102970,1.305023193359375,1776.053395986557
102980,1.3050384521484375,1776.2680048942566
102990,1.3050384521484375,1776.5657789707184
103000,1.305084228515625,1776.7334940433502
103010,1.30511474609375,1776.9001019001007
103020,1.30511474609375,1777.0771708488464
103030,1.305145263671875,1777.2605438232422
103040,1.3051605224609375,1777.4347577095032
103050,1.30517578125,1777.5956716537476
103060,1.30517578125,1777.7733798027039
103070,1.305206298828125,1777.9198637008667
103080,1.30523681640625,1778.046309709549
103090,1.3052520751953125,1778.2171099185944
103100,1.305267333984375,1778.4535548686981
103110,1.3052825927734375,1778.6108527183533
103120,1.3052978515625,1778.7814238071442
103130,1.305328369140625,1778.9320838451385
103140,1.305328369140625,1779.0914068222046
103150,1.305328369140625,1779.2472970485687
103160,1.3053436279296875,1779.4485478401184
103170,1.3531341552734375,1779.8980679512024
103180,1.3531494140625,1780.0426018238068
103190,1.3531646728515625,1780.2597079277039
103200,1.3531646728515625,1780.5083377361298
103210,1.353179931640625,1780.6921408176422
103220,1.3531951904296875,1780.8627798557281
103230,1.35321044921875,1780.9728996753693
103240,1.35321044921875,1781.1760838031769
103250,1.353240966796875,1781.32528090477
103260,1.3532562255859375,1781.5112478733063
103270,1.3532562255859375,1781.707725763321
103280,1.3532867431640625,1781.8921327590942
103290,1.3533172607421875,1782.0336918830872
103300,1.35333251953125,1782.2446730136871
103310,1.3533477783203125,1782.3944227695465
103320,1.353363037109375,1782.5515298843384
103330,1.353363037109375,1782.7036700248718
103340,1.3533935546875,1782.8637948036194
103350,1.3533935546875,1782.9942457675934
103360,1.3534088134765625,1783.1386890411377
103370,1.3534393310546875,1783.2933838367462
103380,1.3534393310546875,1783.473287820816
103390,1.35345458984375,1783.652164697647
103400,1.353485107421875,1783.781939983368
103410,1.353485107421875,1783.945652961731
103420,1.353485107421875,1784.074678659439
103430,1.3535308837890625,1784.2231118679047
103440,1.3535308837890625,1784.3691079616547
103450,1.3535308837890625,1784.5207288265228
103460,1.3535614013671875,1784.6815779209137
103470,1.3535614013671875,1784.846552848816
103480,1.35357666015625,1785.0218138694763
103490,1.353607177734375,1785.1953659057617
103500,1.3536224365234375,1785.35134267807
103510,1.3536529541015625,1785.5318048000336
103520,1.353668212890625,1785.7796947956085
103530,1.353668212890625,1785.9421048164368
103540,1.353668212890625,1786.1302828788757
103550,1.35369873046875,1786.2786939144135
103560,1.3537139892578125,1786.4915518760681
103570,1.3540191650390625,1786.7016599178314
103580,1.3540191650390625,1786.8429708480835
103590,1.3540496826171875,1787.0051529407501
103600,1.35406494140625,1787.1983139514923
103610,1.3540802001953125,1787.3813576698303
103620,1.3541259765625,1787.528720855713
103630,1.3541259765625,1787.6666188240051
103640,1.3541259765625,1787.820515871048
103650,1.3541412353515625,1787.9724497795105
103660,1.354156494140625,1788.1842539310455
103670,1.354156494140625,1788.3868536949158
103680,1.354156494140625,1788.5680289268494
103690,1.354156494140625,1788.7081127166748
103700,1.3542022705078125,1788.8819098472595
103710,1.3542022705078125,1789.0755467414856
103720,1.3542022705078125,1789.2280797958374
103730,1.3542022705078125,1789.3586659431458
103740,1.3542633056640625,1789.5224227905273
103750,1.3542633056640625,1789.6922109127045
103760,1.3542633056640625,1789.8838737010956
103770,1.354278564453125,1790.04962682724
103780,1.35430908203125,1790.2046148777008
103790,1.3543243408203125,1790.400810956955
103800,1.354339599609375,1790.6749877929688
103810,1.3543548583984375,1790.8328256607056
103820,1.3543548583984375,1791.0207438468933
103830,1.354400634765625,1791.1993868350983
103840,1.354400634765625,1791.341837644577
103850,1.3544158935546875,1791.5357146263123
103860,1.3544464111328125,1791.7270467281342
103870,1.354461669921875,1791.9768278598785
103880,1.354461669921875,1792.1219477653503
103890,1.3544769287109375,1792.28089594841
103900,1.3544921875,1792.4230608940125
103910,1.3545074462890625,1792.5810916423798
103920,1.354522705078125,1792.7269728183746
103930,1.354522705078125,1792.8919858932495
103940,1.3545379638671875,1793.0613276958466
103950,1.35455322265625,1793.2117927074432
103960,1.355194091796875,1793.3903267383575
103970,1.355194091796875,1793.6263058185577
103980,1.355316162109375,1793.837786912918
103990,1.355316162109375,1794.0020158290863
104000,1.3553314208984375,1794.1693608760834
104010,1.3553619384765625,1794.3131897449493
104020,1.355377197265625,1794.4835028648376
104030,1.355377197265625,1794.6971368789673
104040,1.3553924560546875,1794.88028383255
104050,1.35540771484375,1795.064885854721
104060,1.3554229736328125,1795.2031497955322
104070,1.355438232421875,1795.357894897461
104080,1.3554534912109375,1795.4929988384247
104090,1.3554534912109375,1795.6495747566223
104100,1.355499267578125,1795.7823297977448
104110,1.3555145263671875,1795.9958457946777
104120,1.3555145263671875,1796.1851587295532
104130,1.35552978515625,1796.345550775528
104140,1.35552978515625,1796.563470840454
104150,1.3555450439453125,1796.7148468494415
104160,1.3555450439453125,1796.8672227859497
104170,1.355560302734375,1797.0684688091278
104180,1.3555755615234375,1797.27206492424
104190,1.3555908203125,1797.4517378807068
104200,1.3556060791015625,1797.6202178001404
104210,1.3556060791015625,1797.7577216625214
104220,1.35565185546875,1797.9824886322021
104230,1.35565185546875,1798.1576697826385
104240,1.3556671142578125,1798.375557899475
104250,1.3556976318359375,1798.5259487628937
104260,1.3556976318359375,1798.7110757827759
104270,1.3556976318359375,1798.8615458011627
104280,1.3557281494140625,1799.0154387950897
104290,1.3557281494140625,1799.1594870090485
104300,1.355743408203125,1799.3106276988983
104310,1.3557586669921875,1799.5371298789978
104320,1.3557586669921875,1799.7295858860016
104330,1.35577392578125,1799.8605496883392
104340,1.3558349609375,1800.0807359218597
104350,1.3558349609375,1800.2462236881256
104360,1.3558349609375,1800.4128148555756
104370,1.355865478515625,1800.6343247890472
104380,1.3558807373046875,1800.7890639305115
104390,1.3558807373046875,1800.9428277015686
104400,1.35589599609375,1801.099820613861
104410,1.35589599609375,1801.293574810028
104420,1.355926513671875,1801.4829058647156
104430,1.3559417724609375,1801.6718957424164
104440,1.35595703125,1801.8692297935486
104450,1.3559722900390625,1802.0706717967987
104460,1.35601806640625,1802.246034860611
104470,1.35601806640625,1802.4101886749268
104480,1.3560333251953125,1802.5913288593292
104490,1.3560638427734375,1802.727963924408
104500,1.3560791015625,1802.8736598491669
104510,1.3560791015625,1803.0590200424194
104520,1.356109619140625,1803.1995148658752
104530,1.356109619140625,1803.363980770111
104540,1.3561248779296875,1803.5323667526245
104550,1.35614013671875,1803.6877298355103
104560,1.3561553955078125,1803.8116188049316
104570,1.356170654296875,1803.9552907943726
104580,1.356201171875,1804.0977637767792
104590,1.356201171875,1804.263620853424
104600,1.356201171875,1804.48419880867
104610,1.35626220703125,1804.6480538845062
104620,1.35626220703125,1804.7714669704437
104630,1.35626220703125,1804.9260258674622
104640,1.35626220703125,1805.0955047607422
104650,1.3562774658203125,1805.215262889862
104660,1.356292724609375,1805.362953901291
104670,1.3563079833984375,1805.543019771576
104680,1.3563232421875,1805.7238867282867
104690,1.3563385009765625,1805.867918729782
104700,1.356353759765625,1806.0335657596588
104710,1.35638427734375,1806.2090518474579
104720,1.35638427734375,1806.3947949409485
104730,1.356414794921875,1806.579042673111
104740,1.3564300537109375,1806.7305188179016
104750,1.3564300537109375,1806.9178738594055
104760,1.356475830078125,1807.097825050354
104770,1.356475830078125,1807.274501800537
104780,1.3564910888671875,1807.4097516536713
104790,1.35650634765625,1807.569267988205
104800,1.35650634765625,1807.7058019638062
104810,1.356536865234375,1807.8442459106445
104820,1.3565521240234375,1808.0041058063507
104830,1.3565673828125,1808.1533036231995
104840,1.3565826416015625,1808.332948923111
104850,1.35662841796875,1808.4790079593658
104860,1.35662841796875,1808.6651148796082
104870,1.35662841796875,1808.8149018287659
104880,1.356658935546875,1809.0160357952118
104890,1.3566741943359375,1809.1782519817352
104900,1.3566741943359375,1809.3296539783478
104910,1.3566741943359375,1809.4779968261719
104920,1.356719970703125,1809.6972937583923
104930,1.3567352294921875,1809.855162858963
104940,1.35675048828125,1810.0325577259064
104950,1.3567657470703125,1810.20103597641
104960,1.356781005859375,1810.3600628376007
104970,1.356781005859375,1810.5304639339447
104980,1.3568115234375,1810.6676757335663
104990,1.3568267822265625,1810.8630237579346
105000,1.356842041015625,1811.0598998069763
105010,1.3568572998046875,1811.2304320335388
105020,1.35687255859375,1811.4387457370758
105030,1.3568878173828125,1811.564966917038
105040,1.356903076171875,1811.7227447032928
105050,1.3569183349609375,1811.8730309009552
105060,1.3569183349609375,1812.0388247966766
105070,1.3569488525390625,1812.1888208389282
105080,1.356964111328125,1812.357667684555
105090,1.3569793701171875,1812.5103287696838
105100,1.35699462890625,1812.698558807373
105110,1.35699462890625,1812.8581898212433
105120,1.3570098876953125,1813.0029628276825
105130,1.3570404052734375,1813.1666178703308
105140,1.3570404052734375,1813.3248598575592
105150,1.3570404052734375,1813.4880666732788
105160,1.3570556640625,1813.651618719101
105170,1.3570709228515625,1813.8297328948975
105180,1.3570709228515625,1813.99614071846
105190,1.3571014404296875,1814.1367568969727
105200,1.3571319580078125,1814.3108396530151
105210,1.3571319580078125,1814.493267774582
105220,1.357147216796875,1814.648102760315
105230,1.3571624755859375,1814.8476858139038
105240,1.3571624755859375,1814.9843850135803
105250,1.3571929931640625,1815.120523929596
105260,1.3571929931640625,1815.2719259262085
105270,1.357208251953125,1815.426501750946
105280,1.3572235107421875,1815.6494326591492
105290,1.3572540283203125,1815.8587107658386
105300,1.3572540283203125,1816.082095861435
105310,1.3572998046875,1816.2334039211273
105320,1.3572998046875,1816.3523807525635
105330,1.3572998046875,1816.5340206623077
105340,1.357330322265625,1816.6810908317566
105350,1.3573455810546875,1816.9161868095398
105360,1.3573455810546875,1817.0768337249756
105370,1.35736083984375,1817.2979090213776
105380,1.3573760986328125,1817.4713296890259
105390,1.3573760986328125,1817.615003824234
105400,1.3574066162109375,1817.7666957378387
105410,1.357421875,1817.936111688614
105420,1.357421875,1818.1214818954468
105430,1.357452392578125,1818.2827966213226
105440,1.3574676513671875,1818.4306619167328
105450,1.3574676513671875,1818.5912787914276
105460,1.3574981689453125,1818.8116607666016
105470,1.3574981689453125,1818.9830536842346
105480,1.357513427734375,1819.166113615036
105490,1.3575439453125,1819.341305732727
105500,1.357574462890625,1819.5058827400208
105510,1.357574462890625,1819.6976237297058
105520,1.3575897216796875,1819.8701808452606
105530,1.357635498046875,1819.978806734085
105540,1.357635498046875,1820.1272649765015
105550,1.3576507568359375,1820.2617726325989
105560,1.357666015625,1820.4277708530426
105570,1.357696533203125,1820.5902168750763
105580,1.3577117919921875,1820.7522008419037
105590,1.3577117919921875,1820.9392309188843
105600,1.3577117919921875,1821.1363677978516
105610,1.3577728271484375,1821.2792389392853
105620,1.3577728271484375,1821.453057050705
105630,1.3577728271484375,1821.7569258213043
105640,1.3577880859375,1822.0270547866821
105650,1.3578033447265625,1822.1670508384705
105660,1.357818603515625,1822.312484741211
105670,1.357818603515625,1822.4630308151245
105680,1.35784912109375,1822.6003367900848
105690,1.35784912109375,1822.7983889579773
105700,1.357879638671875,1822.9701328277588
105710,1.357879638671875,1823.1208248138428
105720,1.357879638671875,1823.289963722229
105730,1.3579254150390625,1823.4308638572693
105740,1.3579254150390625,1823.5957958698273
105750,1.357940673828125,1823.7564117908478
105760,1.35797119140625,1823.956152677536
105770,1.35797119140625,1824.1047117710114
105780,1.358001708984375,1824.2330837249756
105790,1.3580169677734375,1824.3655779361725
105800,1.3580474853515625,1824.5151317119598
105810,1.3580474853515625,1824.6525659561157
105820,1.358062744140625,1824.867028951645
105830,1.3580780029296875,1825.0169138908386
105840,1.35809326171875,1825.2663629055023
105850,1.3581085205078125,1825.4209547042847
105860,1.3581085205078125,1825.6028816699982
105870,1.358123779296875,1825.7639408111572
105880,1.358154296875,1825.9280037879944
105890,1.358154296875,1826.0601449012756
105900,1.358154296875,1826.2136178016663
105910,1.358184814453125,1826.380803823471
105920,1.35821533203125,1826.5540628433228
105930,1.35821533203125,1826.7661538124084
105940,1.3582305908203125,1826.937838792801
105950,1.358245849609375,1827.1357638835907
105960,1.3582611083984375,1827.3110218048096
105970,1.3582611083984375,1827.4879779815674
105980,1.3582763671875,1827.628072977066
105990,1.3582763671875,1827.8199989795685
106000,1.3583221435546875,1827.9899327754974
106010,1.35833740234375,1828.131954908371
106020,1.35833740234375,1828.3041217327118
106030,1.3583526611328125,1828.4711327552795
106040,1.3583831787109375,1828.6656849384308
106050,1.3583984375,1828.8113479614258
106060,1.3583984375,1828.9778277873993
106070,1.3584136962890625,1829.1852798461914
106080,1.358428955078125,1829.3652679920197
106090,1.3584442138671875,1829.555354833603
106100,1.35845947265625,1829.6763718128204
106110,1.3584747314453125,1829.8855628967285
106120,1.358489990234375,1830.1504328250885
106130,1.3585052490234375,1830.3333818912506
106140,1.3585205078125,1830.4905018806458
106150,1.3585357666015625,1830.6522879600525
106160,1.3585357666015625,1830.7914366722107
106170,1.3585357666015625,1831.014289855957
106180,1.358551025390625,1831.1839056015015
106190,1.35858154296875,1831.3401226997375
106200,1.35858154296875,1831.5264387130737
106210,1.35858154296875,1831.720478773117
106220,1.358612060546875,1831.8766956329346
106230,1.3586273193359375,1832.0332279205322
106240,1.3586273193359375,1832.2196617126465
106250,1.358642578125,1832.3458669185638
106260,1.358673095703125,1832.5040578842163
106270,1.358673095703125,1832.6729147434235
106280,1.35870361328125,1832.8574488162994
106290,1.358734130859375,1833.03275680542
106300,1.3587493896484375,1833.2751438617706
106310,1.3587646484375,1833.4456808567047
106320,1.3587646484375,1833.5836396217346
106330,1.3587646484375,1833.747014760971
106340,1.3588104248046875,1833.9282879829407
106350,1.3588104248046875,1834.1281049251556
106360,1.3588104248046875,1834.3174097537994
106370,1.3588409423828125,1834.4898128509521
106380,1.358856201171875,1834.6653518676758
106390,1.3588714599609375,1834.7883167266846
106400,1.35888671875,1834.9295618534088
106410,1.3589019775390625,1835.0885818004608
106420,1.358917236328125,1835.2376399040222
106430,1.3589324951171875,1835.3629937171936
106440,1.3589324951171875,1835.523197889328
106450,1.35894775390625,1835.6775259971619
106460,1.358978271484375,1835.8353128433228
106470,1.358978271484375,1835.9721858501434
106480,1.3589935302734375,1836.15949177742
106490,1.3590240478515625,1836.3137679100037
106500,1.3590545654296875,1836.493716955185
106510,1.35906982421875,1836.6371619701385
106520,1.3590850830078125,1836.8069880008698
106530,1.3591156005859375,1836.9958777427673
106540,1.359130859375,1837.1327266693115
106550,1.3591461181640625,1837.2656028270721
106560,1.359161376953125,1837.4511368274689
106570,1.3591766357421875,1837.595722913742
106580,1.3592071533203125,1837.7446608543396
106590,1.3592071533203125,1837.9320089817047
106600,1.3592071533203125,1838.0867829322815
106610,1.3592529296875,1838.3065919876099
106620,1.3592529296875,1838.4728977680206
106630,1.359283447265625,1838.619027853012
106640,1.3592987060546875,1838.7981057167053
106650,1.35931396484375,1839.088624715805
106660,1.3593292236328125,1839.2742609977722
106670,1.359344482421875,1839.482433795929
106680,1.359344482421875,1839.661783695221
106690,1.3593597412109375,1839.8866028785706
106700,1.359375,1840.0426087379456
106710,1.3593902587890625,1840.1869497299194
106720,1.359405517578125,1840.3208498954773
106730,1.3594207763671875,1840.5372989177704
106740,1.3594207763671875,1840.7345058918
106750,1.35943603515625,1840.9204878807068
106760,1.359466552734375,1841.0621860027313
106770,1.3594818115234375,1841.2162339687347
106780,1.3594970703125,1841.3599739074707
106790,1.3595123291015625,1841.5287396907806
106800,1.359527587890625,1841.6771728992462
106810,1.35955810546875,1841.8153836727142
106820,1.3595733642578125,1841.9730048179626
106830,1.3596038818359375,1842.1805918216705
106840,1.3596038818359375,1842.3381760120392
106850,1.359619140625,1842.4586787223816
106860,1.359619140625,1842.6501808166504
106870,1.3596343994140625,1842.8088817596436
106880,1.3596649169921875,1842.9585897922516
106890,1.35968017578125,1843.077985048294
106900,1.35968017578125,1843.2366819381714
106910,1.359710693359375,1843.3723766803741
106920,1.3597259521484375,1843.5272970199585
106930,1.3597259521484375,1843.6764159202576
106940,1.3597412109375,1843.830934047699
106950,1.3597412109375,1844.075442790985
106960,1.3597869873046875,1844.2416598796844
106970,1.35980224609375,1844.4011588096619
106980,1.35980224609375,1844.6097667217255
106990,1.3598175048828125,1844.8043518066406
107000,1.35986328125,1844.9899389743805
107010,1.3598785400390625,1845.1669418811798
107020,1.3598785400390625,1845.3116788864136
107030,1.359893798828125,1845.5193228721619
107040,1.35992431640625,1845.7034146785736
107050,1.35992431640625,1845.8842058181763
107060,1.3599395751953125,1846.050832748413
107070,1.359954833984375,1846.2336218357086
107080,1.359954833984375,1846.4121489524841
107090,1.3599700927734375,1846.5855088233948
107100,1.3599853515625,1846.7886409759521
107110,1.3599853515625,1846.94814991951
107120,1.3600006103515625,1847.1131808757782
107130,1.36004638671875,1847.2716779708862
107140,1.36004638671875,1847.4240958690643
107150,1.3600616455078125,1847.5834980010986
107160,1.3600616455078125,1847.7888858318329
107170,1.360076904296875,1847.9689037799835
107180,1.3601531982421875,1848.1744678020477
107190,1.36016845703125,1848.3016538619995
107200,1.3601837158203125,1848.5014820098877
107210,1.3601837158203125,1848.6516008377075
107220,1.3602142333984375,1848.8148307800293
107230,1.3602142333984375,1849.0087690353394
107240,1.3602142333984375,1849.2303297519684
107250,1.3602447509765625,1849.4233407974243
107260,1.3602752685546875,1849.6114387512207
107270,1.36029052734375,1849.7621157169342
107280,1.3603057861328125,1849.995936870575
107290,1.3603057861328125,1850.1598389148712
107300,1.3603363037109375,1850.3045456409454
107310,1.3603515625,1850.5044248104095
107320,1.3603515625,1850.657886981964
107330,1.3603668212890625,1850.8438909053802
107340,1.3603973388671875,1850.987578868866
107350,1.3603973388671875,1851.1409738063812
107360,1.36041259765625,1851.292401790619
107370,1.3604278564453125,1851.4617936611176
107380,1.360443115234375,1851.6407268047333
107390,1.3604583740234375,1851.8176267147064
107400,1.3604888916015625,1852.0014238357544
107410,1.3604888916015625,1852.2502269744873
107420,1.3604888916015625,1852.410936832428
107430,1.360504150390625,1852.5510458946228
107440,1.3605194091796875,1852.7195518016815
107450,1.36053466796875,1852.8647668361664
107460,1.3605499267578125,1853.0158987045288
107470,1.3605499267578125,1853.141206741333
107480,1.3605804443359375,1853.3112268447876
107490,1.360595703125,1853.4695818424225
107500,1.360626220703125,1853.6346607208252
107510,1.360626220703125,1853.7641396522522
107520,1.36065673828125,1853.9010157585144
107530,1.3606719970703125,1854.0723357200623
107540,1.3606719970703125,1854.2289428710938
107550,1.3607025146484375,1854.3788228034973
107560,1.3607025146484375,1854.553041934967
107570,1.3607177734375,1854.7215769290924
107580,1.360748291015625,1854.8703470230103
107590,1.360748291015625,1855.0107338428497
107600,1.3607635498046875,1855.1686217784882
107610,1.36077880859375,1855.3179678916931
107620,1.360809326171875,1855.4362208843231
107630,1.360809326171875,1855.5767798423767
107640,1.36083984375,1855.7164018154144
107650,1.36083984375,1855.9253509044647
107660,1.3608551025390625,1856.0958819389343
107670,1.3608551025390625,1856.2777967453003
107680,1.360870361328125,1856.486023902893
107690,1.360870361328125,1856.6466529369354
107700,1.3608856201171875,1856.8198416233063
107710,1.36090087890625,1857.0455198287964
107720,1.3609161376953125,1857.2172899246216
107730,1.360931396484375,1857.3789067268372
107740,1.3609619140625,1857.549332857132
107750,1.3609619140625,1857.6851518154144
107760,1.360992431640625,1857.8299317359924
107770,1.360992431640625,1857.9851026535034
107780,1.3610076904296875,1858.130479812622
107790,1.36102294921875,1858.4543507099152
107800,1.361053466796875,1858.5884218215942
107810,1.361053466796875,1858.8496367931366
107820,1.3610687255859375,1859.0784168243408
107830,1.361083984375,1859.2461566925049
107840,1.3610992431640625,1859.412758588791
107850,1.361114501953125,1859.5870258808136
107860,1.36114501953125,1859.7223999500275
107870,1.36114501953125,1859.8644728660583
107880,1.361175537109375,1860.0276658535004
107890,1.361175537109375,1860.2238919734955
107900,1.361175537109375,1860.4668827056885
107910,1.3612060546875,1860.7615418434143
107920,1.3612213134765625,1860.9550080299377
107930,1.3612213134765625,1861.1103558540344
107940,1.3612518310546875,1861.2727947235107
107950,1.36126708984375,1861.4631178379059
107960,1.3612823486328125,1861.6030268669128
107970,1.361297607421875,1861.786715745926
107980,1.3613128662109375,1861.9620277881622
107990,1.3613128662109375,1862.1570258140564
108000,1.361358642578125,1862.3568677902222
108010,1.3613739013671875,1862.5155267715454
108020,1.3613739013671875,1862.682038784027
108030,1.36138916015625,1862.9637246131897
108040,1.361419677734375,1863.1347708702087
108050,1.361419677734375,1863.2739839553833
108060,1.3614349365234375,1863.4571697711945
108070,1.3614349365234375,1863.7131929397583
108080,1.3614349365234375,1863.8943898677826
108090,1.3614959716796875,1864.033695936203
108100,1.36151123046875,1864.21510887146
108110,1.36151123046875,1864.3781199455261
108120,1.361541748046875,1864.5580987930298
108130,1.3615570068359375,1864.6926608085632
108140,1.3615570068359375,1864.8432557582855
108150,1.361572265625,1865.0245146751404
108160,1.3615875244140625,1865.1989686489105
108170,1.3615875244140625,1865.3493719100952
108180,1.361602783203125,1865.524897813797
108190,1.361602783203125,1865.7116177082062
108200,1.3616180419921875,1865.826093673706
108210,1.3616180419921875,1865.973998785019
108220,1.361663818359375,1866.192165851593
108230,1.3616790771484375,1866.3490769863129
108240,1.3616790771484375,1866.4949119091034
108250,1.3616943359375,1866.6550829410553
108260,1.3617095947265625,1866.7913069725037
108270,1.3617095947265625,1866.9869978427887
108280,1.3617401123046875,1867.1181497573853
108290,1.36175537109375,1867.2580659389496
108300,1.3617706298828125,1867.4006338119507
108310,1.361785888671875,1867.5946068763733
108320,1.3618011474609375,1867.732023715973
108330,1.3618011474609375,1867.9049308300018
108340,1.3618316650390625,1868.082151889801
108350,1.361846923828125,1868.2405197620392
108360,1.36187744140625,1868.4493668079376
108370,1.361907958984375,1868.6182987689972
108380,1.361907958984375,1868.7610607147217
108390,1.361907958984375,1868.9382677078247
108400,1.3619384765625,1869.2142627239227
108410,1.3619384765625,1869.4139988422394
108420,1.3619537353515625,1869.5652418136597
108430,1.3619842529296875,1869.7462527751923
108440,1.3619842529296875,1869.8909208774567
108450,1.3619842529296875,1870.08757686615
108460,1.362030029296875,1870.233179807663
108470,1.3620452880859375,1870.382583618164
108480,1.3620452880859375,1870.53222489357
108490,1.362060546875,1870.7042717933655
108500,1.362091064453125,1870.8715357780457
108510,1.3621063232421875,1871.0162768363953
108520,1.36212158203125,1871.2200388908386
108530,1.36212158203125,1871.38112783432
108540,1.3621368408203125,1871.5366158485413
108550,1.3621826171875,1871.7214279174805
108560,1.3621826171875,1871.863187789917
108570,1.3621826171875,1872.0011038780212
108580,1.362213134765625,1872.14004778862
108590,1.36224365234375,1872.3170828819275
108600,1.36224365234375,1872.447450876236
108610,1.362274169921875,1872.6669218540192
108620,1.3622894287109375,1872.8417978286743
108630,1.3623046875,1873.0355598926544
108640,1.3623199462890625,1873.233562707901
108650,1.3623199462890625,1873.4077627658844
108660,1.362335205078125,1873.5915508270264
108670,1.362335205078125,1873.747219800949
108680,1.362335205078125,1873.8926808834076
108690,1.3623504638671875,1874.0825417041779
108700,1.3623809814453125,1874.2398438453674
108710,1.362396240234375,1874.3834660053253
108720,1.362396240234375,1874.5491077899933
108730,1.3624114990234375,1874.8051257133484
108740,1.3624267578125,1874.973052740097
108750,1.3624725341796875,1875.1086919307709
108760,1.36248779296875,1875.3060457706451
108770,1.36248779296875,1875.4745028018951
108780,1.362518310546875,1875.632444858551
108790,1.3625335693359375,1875.8108468055725
108800,1.362548828125,1875.997662782669
108810,1.362548828125,1876.1668298244476
108820,1.3625946044921875,1876.3299279212952
108830,1.36260986328125,1876.49946975708
108840,1.36260986328125,1876.6822237968445
108850,1.362640380859375,1876.8556900024414
108860,1.3626556396484375,1877.030267715454
108870,1.3626556396484375,1877.1868188381195
108880,1.3626861572265625,1877.3989887237549
108890,1.362701416015625,1877.6525838375092
108900,1.362701416015625,1877.8600189685822
108910,1.3627166748046875,1878.0729038715363
108920,1.3627471923828125,1878.333164691925
108930,1.362762451171875,1878.5240597724915
108940,1.3627777099609375,1878.7525079250336
108950,1.3628082275390625,1878.9798498153687
108960,1.3628082275390625,1879.1239967346191
108970,1.3628387451171875,1879.3272619247437
108980,1.3628692626953125,1879.4801688194275
108990,1.3628692626953125,1879.6424539089203
109000,1.3628997802734375,1879.797555923462
109010,1.3629150390625,1879.9776508808136
109020,1.362945556640625,1880.1402788162231
109030,1.3629608154296875,1880.2661328315735
109040,1.3629608154296875,1880.4300467967987
109050,1.36297607421875,1880.633508682251
109060,1.3629913330078125,1880.785728931427
109070,1.3629913330078125,1880.9805219173431
109080,1.3630218505859375,1881.1431398391724
109090,1.363037109375,1881.3511607646942
109100,1.3630523681640625,1881.5060489177704
109110,1.363067626953125,1881.716639995575
109120,1.3630828857421875,1881.8925318717957
109130,1.3630828857421875,1882.0566897392273
109140,1.3630828857421875,1882.2313499450684
109150,1.3631134033203125,1882.4290187358856
109160,1.3631134033203125,1882.6585726737976
109170,1.3631134033203125,1882.8323729038239
109180,1.363128662109375,1883.0882818698883
109190,1.3631439208984375,1883.2650198936462
109200,1.3631744384765625,1883.4207067489624
109210,1.363189697265625,1883.5638418197632
109220,1.363189697265625,1883.7193648815155
109230,1.3632049560546875,1883.8459477424622
109240,1.3632354736328125,1884.0102317333221
109250,1.3632354736328125,1884.1906187534332
109260,1.3632354736328125,1884.343092918396
109270,1.3632659912109375,1884.518546819687
109280,1.3632965087890625,1884.6953070163727
109290,1.3632965087890625,1884.8178339004517
109300,1.363311767578125,1884.9701409339905
109310,1.3633270263671875,1885.1307067871094
109320,1.3633575439453125,1885.2706758975983
109330,1.363372802734375,1885.4128398895264
109340,1.363372802734375,1885.581845998764
109350,1.3633880615234375,1885.7164158821106
109360,1.3634033203125,1885.9059629440308
109370,1.3634185791015625,1886.0935578346252
109380,1.363433837890625,1886.3106458187103
109390,1.3634490966796875,1886.4623157978058
109400,1.36346435546875,1886.6224148273468
109410,1.36346435546875,1886.8096237182617
109420,1.368621826171875,1886.9879848957062
109430,1.3686370849609375,1887.1522018909454
109440,1.36865234375,1887.4029009342194
109450,1.3686676025390625,1887.5826168060303
109460,1.3686676025390625,1887.7411198616028
109470,1.368682861328125,1888.0299408435822
109480,1.3686981201171875,1888.202232837677
109490,1.3687286376953125,1888.4411668777466
109500,1.368743896484375,1888.605563879013
109510,1.3687591552734375,1888.7634906768799
109520,1.3687744140625,1888.8921196460724
109530,1.3687896728515625,1889.0401048660278
109540,1.368804931640625,1889.25745677948
109550,1.368804931640625,1889.4930639266968
109560,1.36883544921875,1889.726313829422
109570,1.3688507080078125,1889.985761642456
109580,1.368865966796875,1890.1151978969574
109590,1.368865966796875,1890.2698538303375
109600,1.3688812255859375,1890.409961938858
109610,1.368896484375,1890.545794725418
109620,1.3689117431640625,1890.7140758037567
109630,1.3689117431640625,1890.8537647724152
109640,1.3689422607421875,1891.0202827453613
109650,1.3689422607421875,1891.156821012497
109660,1.36895751953125,1891.3215999603271
109670,1.36895751953125,1891.5171117782593
109680,1.3689727783203125,1891.6637818813324
109690,1.368988037109375,1891.8004968166351
109700,1.3690185546875,1892.0113308429718
109710,1.3690185546875,1892.233001947403
109720,1.3690338134765625,1892.4183957576752
109730,1.3690643310546875,1892.5752997398376
109740,1.3690643310546875,1892.7487318515778
109750,1.36907958984375,1892.9179956912994
109760,1.3690948486328125,1893.0649478435516
109770,1.3690948486328125,1893.234888792038
109780,1.369110107421875,1893.3911468982697
109790,1.369140625,1893.5131089687347
109800,1.369171142578125,1893.7384378910065
109810,1.3691864013671875,1893.9123966693878
109820,1.3692169189453125,1894.0573298931122
109830,1.3692169189453125,1894.2070558071136
109840,1.3692169189453125,1894.3439276218414
109850,1.3692626953125,1894.5022728443146
109860,1.3692626953125,1894.6370737552643
109870,1.3692626953125,1894.7964158058167
109880,1.369293212890625,1894.9893617630005
109890,1.3693084716796875,1895.1573429107666
109900,1.3693084716796875,1895.311116695404
109910,1.36932373046875,1895.4628098011017
109920,1.369354248046875,1895.6682958602905
109930,1.369384765625,1895.8446788787842
109940,1.3694000244140625,1896.0524468421936
109950,1.3694000244140625,1896.2245028018951
109960,1.369415283203125,1896.427964925766
109970,1.3694305419921875,1896.5684027671814
109980,1.3694305419921875,1896.7409987449646
109990,1.36944580078125,1896.9653449058533
110000,1.3694610595703125,1897.1465909481049
110010,1.3694915771484375,1897.347254037857
110020,1.3694915771484375,1897.5104849338531
110030,1.3695068359375,1897.658502817154
110040,1.3695220947265625,1897.8174858093262
110050,1.3695526123046875,1897.9536128044128
110060,1.36956787109375,1898.1701147556305
110070,1.36956787109375,1898.3166289329529
110080,1.369598388671875,1898.4777438640594
110090,1.3696136474609375,1898.6534216403961
110100,1.3696136474609375,1898.7918677330017
110110,1.3696136474609375,1898.9996206760406
110120,1.3696441650390625,1899.142264842987
110130,1.3696441650390625,1899.3210890293121
110140,1.369659423828125,1899.4930248260498
110150,1.3696746826171875,1899.6575906276703
110160,1.3696746826171875,1899.7956428527832
110170,1.3696746826171875,1900.0168566703796
110180,1.3697052001953125,1900.1814877986908
110190,1.369720458984375,1900.3204426765442
110200,1.3697357177734375,1900.5022957324982
110210,1.3697509765625,1900.6958599090576
110220,1.3697662353515625,1900.9499456882477
110230,1.3697662353515625,1901.0814547538757
110240,1.36981201171875,1901.2677068710327
110250,1.36981201171875,1901.3937158584595
110260,1.3698272705078125,1901.5987887382507
110270,1.369842529296875,1901.7698559761047
110280,1.3698577880859375,1901.9304687976837
110290,1.369903564453125,1902.106606721878
110300,1.36993408203125,1902.2697339057922
110310,1.36993408203125,1902.424664735794
110320,1.3699493408203125,1902.555835723877
110330,1.369964599609375,1902.739810705185
110340,1.3699798583984375,1902.9508097171783
110350,1.3699798583984375,1903.0890328884125
110360,1.3699951171875,1903.2162339687347
110370,1.3700103759765625,1903.397320985794
110380,1.370025634765625,1903.5709047317505
110390,1.3700408935546875,1903.7087140083313
110400,1.3700408935546875,1903.8469338417053
110410,1.3700714111328125,1904.0137159824371
110420,1.3701019287109375,1904.1638867855072
110430,1.3701019287109375,1904.3064529895782
110440,1.3701171875,1904.4673709869385
110450,1.3701324462890625,1904.6683068275452
110460,1.3701324462890625,1904.9061567783356
110470,1.370147705078125,1905.1003646850586
110480,1.37017822265625,1905.3214268684387
110490,1.37017822265625,1905.541761636734
110500,1.37017822265625,1905.735566854477
110510,1.370208740234375,1905.9336178302765
110520,1.3702545166015625,1906.0604338645935
110530,1.3702545166015625,1906.1911017894745
110540,1.3702850341796875,1906.341374874115
110550,1.37030029296875,1906.4995048046112
110560,1.3703155517578125,1906.6844367980957
110570,1.3703155517578125,1906.8456938266754
110580,1.370330810546875,1907.0192136764526
110590,1.3703460693359375,1907.2242739200592
110600,1.3703765869140625,1907.3961918354034
110610,1.370391845703125,1907.5617077350616
110620,1.3704071044921875,1907.7085978984833
110630,1.3704071044921875,1907.8492217063904
110640,1.3704376220703125,1908.012045621872
110650,1.3704376220703125,1908.1630516052246
110660,1.370452880859375,1908.3260836601257
110670,1.3704681396484375,1908.5503296852112
110680,1.3704833984375,1908.6703207492828
110690,1.3704833984375,1908.8476667404175
110700,1.370513916015625,1909.025387763977
110710,1.37054443359375,1909.1732857227325
110720,1.37054443359375,1909.3659217357635
110730,1.370574951171875,1909.5210218429565
110740,1.3705902099609375,1909.725668668747
110750,1.37060546875,1909.8741025924683
110760,1.3706207275390625,1910.0533828735352
110770,1.370635986328125,1910.2101256847382
110780,1.37066650390625,1910.4359967708588
110790,1.3706817626953125,1910.6986107826233
110800,1.3706817626953125,1910.8907978534698
110810,1.3706817626953125,1911.022421836853
110820,1.3707275390625,1911.170748949051
110830,1.3707275390625,1911.4080367088318
110840,1.3707275390625,1911.6778388023376
110850,1.370758056640625,1911.8972318172455
110860,1.370758056640625,1912.0534987449646
110870,1.3707733154296875,1912.186569929123
110880,1.3708038330078125,1912.337647676468
110890,1.3708038330078125,1912.5459909439087
110900,1.370819091796875,1912.683341741562
110910,1.3708648681640625,1912.8259530067444
110920,1.370880126953125,1913.039657831192
110930,1.370880126953125,1913.2115876674652
110940,1.3708953857421875,1913.5055968761444
110950,1.3708953857421875,1913.6686577796936
110960,1.3709259033203125,1913.8152487277985
110970,1.3709564208984375,1913.9781517982483
110980,1.3709564208984375,1914.1889426708221
110990,1.3709716796875,1914.3182547092438
111000,1.371002197265625,1914.475276708603
111010,1.37103271484375,1914.638603925705
111020,1.3710479736328125,1914.770269870758
111030,1.371063232421875,1914.921392917633
111040,1.3710784912109375,1915.0930428504944
111050,1.3710784912109375,1915.2497017383575
111060,1.3711090087890625,1915.4308207035065
111070,1.371124267578125,1915.5970087051392
111080,1.371124267578125,1915.7384519577026
111090,1.37115478515625,1915.9748668670654
111100,1.37115478515625,1916.1311469078064
111110,1.37115478515625,1916.3216507434845
111120,1.371185302734375,1916.5424177646637
111130,1.3712158203125,1916.74076962471
111140,1.371246337890625,1916.9391508102417
111150,1.3712615966796875,1917.110233783722
111160,1.3712615966796875,1917.2482995986938
111170,1.3712921142578125,1917.416543006897
111180,1.3712921142578125,1917.5719258785248
111190,1.3712921142578125,1917.7947099208832
111200,1.371307373046875,1918.050901889801
111210,1.371307373046875,1918.182285785675
111220,1.3713226318359375,1918.3737268447876
111230,1.3713226318359375,1918.5268647670746
111240,1.3713531494140625,1918.7331099510193
111250,1.3713531494140625,1918.9424078464508
111260,1.3713836669921875,1919.1380999088287
111270,1.3714141845703125,1919.3135979175568
111280,1.3714141845703125,1919.4624378681183
111290,1.3714141845703125,1919.6266918182373
111300,1.3714447021484375,1919.7948977947235
111310,1.3714599609375,1919.9360208511353
111320,1.3714752197265625,1920.091715812683
111330,1.371490478515625,1920.2052175998688
111340,1.371490478515625,1920.351554632187
111350,1.3715057373046875,1920.5028538703918
111360,1.3715362548828125,1920.6536138057709
111370,1.3715362548828125,1920.828959941864
111380,1.371551513671875,1921.019315958023
111390,1.3715972900390625,1921.161162853241
111400,1.3715972900390625,1921.3242208957672
111410,1.3715972900390625,1921.5026097297668
111420,1.3716278076171875,1921.640653848648
111430,1.3716278076171875,1921.794178724289
111440,1.37164306640625,1921.941428899765
111450,1.3716583251953125,1922.0878458023071
111460,1.3716583251953125,1922.2393326759338
111470,1.371673583984375,1922.4339368343353
111480,1.3717041015625,1922.5654609203339
111490,1.3717041015625,1922.7223329544067
111500,1.371734619140625,1922.941927909851
111510,1.37176513671875,1923.088794708252
111520,1.371795654296875,1923.2793169021606
111530,1.371795654296875,1923.521990776062
111540,1.371795654296875,1923.669059753418
111550,1.371795654296875,1923.822138786316
111560,1.371826171875,1923.9903056621552
111570,1.3718414306640625,1924.2196288108826
111580,1.371856689453125,1924.3672440052032
111590,1.3718719482421875,1924.5657846927643
111600,1.37188720703125,1924.6931419372559
111610,1.37188720703125,1924.8319838047028
111620,1.371917724609375,1924.9730596542358
111630,1.3719329833984375,1925.196665763855
111640,1.3719635009765625,1925.3218848705292
111650,1.3719635009765625,1925.5108268260956
111660,1.371978759765625,1925.7009358406067
111670,1.371978759765625,1925.8647999763489
111680,1.371978759765625,1926.008027791977
111690,1.3719940185546875,1926.1919167041779
111700,1.3720245361328125,1926.367372751236
111710,1.3720245361328125,1926.5186338424683
111720,1.3720245361328125,1926.695467710495
111730,1.3720550537109375,1926.8527538776398
111740,1.3720703125,1927.0065307617188
111750,1.3720855712890625,1927.2270157337189
111760,1.372100830078125,1927.3865687847137
111770,1.3721160888671875,1927.5572748184204
111780,1.3721160888671875,1927.776713848114
111790,1.371734619140625,1928.035974740982
111800,1.366912841796875,1928.2102298736572
111810,1.366912841796875,1928.3461618423462
111820,1.366912841796875,1928.536712884903
111830,1.366943359375,1928.7178428173065
111840,1.366943359375,1928.9069628715515
111850,1.364288330078125,1929.0990278720856
111860,1.364288330078125,1929.287104845047
111870,1.36431884765625,1929.4328088760376
111880,1.3643341064453125,1929.5829529762268
111890,1.364349365234375,1929.734049797058
111900,1.364349365234375,1929.909952878952
111910,1.3643798828125,1930.1162366867065
111920,1.3643798828125,1930.255812883377
111930,1.3643798828125,1930.417611837387
111940,1.364410400390625,1930.625552892685
111950,1.3644256591796875,1930.7712218761444
111960,1.3644256591796875,1930.916075706482
111970,1.3644561767578125,1931.1581916809082
111980,1.3644561767578125,1931.3495857715607
111990,1.3644866943359375,1931.4895527362823
112000,1.3645172119140625,1931.6473317146301
112010,1.3645477294921875,1931.804804801941
112020,1.3645477294921875,1931.9346797466278
112030,1.36456298828125,1932.1205399036407
112040,1.3645782470703125,1932.275869846344
112050,1.364593505859375,1932.4581317901611
112060,1.3646087646484375,1932.599758863449
112070,1.3646087646484375,1932.8376348018646
112080,1.3646240234375,1932.989730834961
112090,1.3646392822265625,1933.2027678489685
112100,1.364654541015625,1933.36554479599
112110,1.36468505859375,1933.51731467247
112120,1.3647003173828125,1933.6873478889465
112130,1.364715576171875,1933.8371489048004
112140,1.364715576171875,1933.9844658374786
112150,1.34503173828125,1934.1371409893036
112160,1.3450469970703125,1934.274466753006
112170,1.3450469970703125,1934.4793028831482
112180,1.345062255859375,1934.647178888321
112190,1.345062255859375,1934.854326725006
112200,1.3450775146484375,1935.0284547805786
112210,1.3450775146484375,1935.1944587230682
112220,1.3450775146484375,1935.3473737239838
112230,1.3451080322265625,1935.5461928844452
112240,1.34515380859375,1935.696116924286
112250,1.34515380859375,1935.8674659729004
112260,1.3451690673828125,1936.1171238422394
112270,1.3451995849609375,1936.280464887619
112280,1.3451995849609375,1936.4206228256226
112290,1.3451995849609375,1936.5841047763824
112300,1.3452301025390625,1936.73548579216
112310,1.345245361328125,1936.8993918895721
112320,1.3452606201171875,1937.0799417495728
112330,1.34527587890625,1937.2449479103088
112340,1.3452911376953125,1937.4080557823181
112350,1.3452911376953125,1937.5466046333313
112360,1.3453369140625,1937.7113478183746
112370,1.3453369140625,1937.8934116363525
112380,1.3453521728515625,1938.1068618297577
112390,1.345367431640625,1938.3151009082794
112400,1.3453826904296875,1938.5000977516174
112410,1.3453826904296875,1938.6774318218231
112420,1.34539794921875,1938.840111732483
112430,1.3454132080078125,1939.0156817436218
112440,1.345428466796875,1939.200071811676
112450,1.3454437255859375,1939.3380048274994
112460,1.345458984375,1939.4941728115082
112470,1.3454742431640625,1939.614688873291
112480,1.3455047607421875,1939.7640838623047
112490,1.34552001953125,1939.9007277488708
112500,1.3455352783203125,1940.084107875824
112510,1.3455810546875,1940.2446138858795
112520,1.3455810546875,1940.3816368579865
112530,1.3455810546875,1940.5672328472137
112540,1.345611572265625,1940.7024047374725
112550,1.3456268310546875,1940.880522966385
112560,1.3456268310546875,1941.1256778240204
112570,1.3456573486328125,1941.3246128559113
112580,1.3456878662109375,1941.4716789722443
112590,1.345703125,1941.647531747818
112600,1.345703125,1941.8060348033905
112610,1.345733642578125,1941.9627258777618
112620,1.345733642578125,1942.1341769695282
112630,1.3457489013671875,1942.284649848938
112640,1.34576416015625,1942.4321157932281
112650,1.345794677734375,1942.547703742981
112660,1.3458099365234375,1942.7221057415009
112670,1.3458099365234375,1942.9488108158112
112680,1.3458099365234375,1943.1041617393494
112690,1.3458099365234375,1943.2465858459473
112700,1.3458251953125,1943.4114627838135
112710,1.345855712890625,1943.6069428920746
112720,1.345855712890625,1943.7549648284912
112730,1.3458709716796875,1943.9065616130829
112740,1.34588623046875,1944.0550038814545
112750,1.3459014892578125,1944.2502887248993
112760,1.345916748046875,1944.4533088207245
112770,1.345916748046875,1944.595039844513
112780,1.345947265625,1944.801590681076
112790,1.345977783203125,1944.9482498168945
112800,1.3459930419921875,1945.2097380161285
112810,1.34600830078125,1945.4093897342682
112820,1.346038818359375,1945.6028208732605
112830,1.3460540771484375,1945.7230017185211
112840,1.3460693359375,1945.8641958236694
112850,1.346099853515625,1945.994560956955
112860,1.346099853515625,1946.1365859508514
112870,1.346099853515625,1946.2981786727905
112880,1.34613037109375,1946.4443488121033
112890,1.3461456298828125,1946.5963037014008
112900,1.3359832763671875,1946.7952527999878
112910,1.33599853515625,1946.9357869625092
112920,1.3360137939453125,1947.090628862381
112930,1.336029052734375,1947.223977804184
112940,1.3360443115234375,1947.3919217586517
112950,1.3360595703125,1947.5449516773224
112960,1.336090087890625,1947.7146186828613
112970,1.33612060546875,1947.9109177589417
112980,1.33612060546875,1948.1141548156738
112990,1.33612060546875,1948.3197979927063
113000,1.336151123046875,1948.4766228199005
113010,1.3361968994140625,1948.6247878074646
113020,1.3361968994140625,1948.7824199199677
113030,1.336212158203125,1948.9581837654114
113040,1.3362274169921875,1949.1167278289795
113050,1.3362274169921875,1949.302456855774
113060,1.3362579345703125,1949.5051279067993
113070,1.336273193359375,1949.683765888214
113080,1.3362884521484375,1949.894250869751
113090,1.3363037109375,1950.0389487743378
113100,1.3363037109375,1950.2414667606354
113110,1.3363494873046875,1950.3886559009552
113120,1.33636474609375,1950.5282797813416
113130,1.3363800048828125,1950.7342689037323
113140,1.3363800048828125,1950.9112477302551
113150,1.3364105224609375,1951.085616827011
113160,1.3364105224609375,1951.2444808483124
113170,1.3364105224609375,1951.4923677444458
113180,1.3364410400390625,1951.6598508358002
113190,1.3364410400390625,1951.8158779144287
113200,1.3364715576171875,1952.0028898715973
113210,1.33648681640625,1952.1781797409058
113220,1.3365020751953125,1952.3614048957825
113230,1.336517333984375,1952.535478591919
113240,1.3365325927734375,1952.6796798706055
113250,1.3365325927734375,1952.8151726722717
113260,1.3365631103515625,1952.9552998542786
113270,1.3365936279296875,1953.091505765915
113280,1.3365936279296875,1953.2604086399078
113290,1.33660888671875,1953.401906967163
113300,1.3366241455078125,1953.54643201828
113310,1.3366241455078125,1953.7570927143097
113320,1.336669921875,1953.899897813797
113330,1.336700439453125,1954.0334239006042
113340,1.336700439453125,1954.2242996692657
113350,1.336700439453125,1954.4452967643738
113360,1.33673095703125,1954.6306366920471
113370,1.33673095703125,1954.7957587242126
113380,1.3367462158203125,1954.9191370010376
113390,1.3367462158203125,1955.0551607608795
113400,1.3367767333984375,1955.2345638275146
113410,1.3367767333984375,1955.3707189559937
113420,1.3367767333984375,1955.6095056533813
113430,1.336822509765625,1955.765095949173
113440,1.336822509765625,1955.9152519702911
113450,1.3368377685546875,1956.1232619285583
113460,1.33685302734375,1956.24080991745
113470,1.336883544921875,1956.4716846942902
113480,1.336883544921875,1956.5946519374847
113490,1.3368988037109375,1956.7902510166168
113500,1.3368988037109375,1956.944406747818
113510,1.336944580078125,1957.0928077697754
113520,1.3369598388671875,1957.2847278118134
113530,1.3369598388671875,1957.4331467151642
113540,1.3369598388671875,1957.5996387004852
113550,1.337005615234375,1957.795009613037
113560,1.337005615234375,1957.962213754654
113570,1.3370208740234375,1958.1257438659668
113580,1.3370361328125,1958.2746438980103
113590,1.337066650390625,1958.4405586719513
113600,1.337066650390625,1958.5887868404388
113610,1.3370819091796875,1958.7840666770935
113620,1.3370819091796875,1958.9175708293915
113630,1.337127685546875,1959.109373807907
113640,1.3371429443359375,1959.276760816574
113650,1.3371429443359375,1959.419550895691
113660,1.337158203125,1959.5664188861847
113670,1.337158203125,1959.7224817276
113680,1.3371734619140625,1959.8859558105469
113690,1.337188720703125,1960.0359978675842
113700,1.3372039794921875,1960.2312519550323
113710,1.3372039794921875,1960.3880786895752
113720,1.33721923828125,1960.5381660461426
113730,1.337249755859375,1960.709457874298
113740,1.337249755859375,1961.0526819229126
113750,1.337249755859375,1961.2688179016113
113760,1.3372955322265625,1961.438292980194
113770,1.3372955322265625,1961.6433248519897
113780,1.3372955322265625,1961.804940700531
113790,1.337310791015625,1961.954072713852
113800,1.3373260498046875,1962.1859877109528
113810,1.337371826171875,1962.2977197170258
113820,1.3373870849609375,1962.4649820327759
113830,1.33740234375,1962.601474761963
113840,1.3374176025390625,1962.8085088729858
113850,1.337432861328125,1962.9448969364166
113860,1.337432861328125,1963.1307137012482
113870,1.337432861328125,1963.2710258960724
113880,1.3374786376953125,1963.431561946869
113890,1.3374786376953125,1963.5623817443848
113900,1.3374786376953125,1963.7942988872528
113910,1.337493896484375,1963.9649658203125
113920,1.3375244140625,1964.0901358127594
113930,1.3375244140625,1964.2518138885498
113940,1.337554931640625,1964.3954198360443
113950,1.3375701904296875,1964.521892786026
113960,1.3375701904296875,1964.7143197059631
113970,1.3376007080078125,1964.86975979805
113980,1.3376007080078125,1965.0492548942566
113990,1.3376007080078125,1965.2319989204407
114000,1.3376312255859375,1965.4091708660126
114010,1.3376617431640625,1965.5330460071564
114020,1.3376617431640625,1965.6938366889954
114030,1.3376922607421875,1965.8819279670715
114040,1.3448944091796875,1966.003497838974
114050,1.3449249267578125,1966.2258768081665
114060,1.3449249267578125,1966.3790199756622
114070,1.344940185546875,1966.5190868377686
114080,1.344940185546875,1966.6753458976746
114090,1.344970703125,1966.8357908725739
114100,1.3449859619140625,1967.00874376297
114110,1.3449859619140625,1967.198318719864
114120,1.3450164794921875,1967.3570249080658
114130,1.3450164794921875,1967.4939978122711
114140,1.34503173828125,1967.6450009346008
114150,1.3450469970703125,1967.8427708148956
114160,1.3511962890625,1968.0553929805756
114170,1.3511962890625,1968.2002837657928
114180,1.3512115478515625,1968.346394777298
114190,1.351226806640625,1968.4872109889984
114200,1.351226806640625,1968.6484937667847
114210,1.35125732421875,1968.8205378055573
114220,1.3512725830078125,1968.9932227134705
114230,1.3512725830078125,1969.1274449825287
114240,1.3513031005859375,1969.277135848999
114250,1.3513031005859375,1969.4356789588928
114260,1.3513031005859375,1969.600290775299
114270,1.3513336181640625,1969.759204864502
114280,1.351348876953125,1969.9210109710693
114290,1.351348876953125,1970.0776398181915
114300,1.35137939453125,1970.2484169006348
114310,1.3513946533203125,1970.4422698020935
114320,1.351409912109375,1970.5966007709503
114330,1.3514251708984375,1970.7293918132782
114340,1.3514251708984375,1970.882896900177
114350,1.3514404296875,1971.0343418121338
114360,1.3514556884765625,1971.1996898651123
114370,1.351470947265625,1971.398839712143
114380,1.3514862060546875,1971.5814096927643
114390,1.35150146484375,1971.7846479415894
114400,1.3543701171875,1972.027135848999
114410,1.3543701171875,1972.1752378940582
114420,1.3543853759765625,1972.36523270607
114430,1.35443115234375,1972.5521757602692
114440,1.35443115234375,1972.7688117027283
114450,1.3544464111328125,1972.9192187786102
114460,1.3544464111328125,1973.0764536857605
114470,1.3544769287109375,1973.3202497959137
114480,1.3544921875,1973.653116941452
114490,1.3544921875,1973.8200387954712
114500,1.3544921875,1973.9700846672058
114510,1.354522705078125,1974.120689868927
114520,1.35455322265625,1974.2982368469238
114530,1.35455322265625,1974.4526846408844
114540,1.354583740234375,1974.632260799408
114550,1.3545989990234375,1974.8202817440033
114560,1.3546295166015625,1974.979062795639
114570,1.354644775390625,1975.1144387722015
114580,1.3546600341796875,1975.2349660396576
114590,1.3548431396484375,1975.514804840088
114600,1.3548583984375,1975.698390007019
114610,1.354888916015625,1975.8589787483215
114620,1.354888916015625,1975.9844479560852
114630,1.3549041748046875,1976.1774299144745
114640,1.3549346923828125,1976.311795949936
114650,1.3549346923828125,1976.496503829956
114660,1.3549346923828125,1976.6720819473267
114670,1.3549346923828125,1976.865075826645
114680,1.3549652099609375,1977.0090918540955
114690,1.35498046875,1977.181313753128
114700,1.3549957275390625,1977.3363819122314
114710,1.3549957275390625,1977.5143778324127
114720,1.3550262451171875,1977.68967294693
114730,1.35504150390625,1977.9741067886353
114740,1.35504150390625,1978.146892786026
114750,1.35504150390625,1978.3371126651764
114760,1.355072021484375,1978.503556728363
114770,1.3550872802734375,1978.7310509681702
114780,1.3550872802734375,1978.9516878128052
114790,1.355133056640625,1979.1283237934113
114800,1.355133056640625,1979.2685787677765
114810,1.3551483154296875,1979.3934106826782
114820,1.3551788330078125,1979.5415496826172
114830,1.355194091796875,1979.7451629638672
114840,1.355194091796875,1979.930918931961
114850,1.355224609375,1980.0976977348328
114860,1.3552398681640625,1980.296710729599
114870,1.3552398681640625,1980.4487807750702
114880,1.355255126953125,1980.5951056480408
114890,1.35528564453125,1980.7285859584808
114900,1.35528564453125,1980.9251368045807
114910,1.355316162109375,1981.0741288661957
114920,1.3553314208984375,1981.2276227474213
114930,1.3553619384765625,1981.48193192482
114940,1.355377197265625,1981.6444318294525
114950,1.355377197265625,1981.8019618988037
114960,1.355377197265625,1982.0158689022064
114970,1.35540771484375,1982.1895637512207
114980,1.3554229736328125,1982.3338046073914
114990,1.3554229736328125,1982.502632856369
115000,1.35546875,1982.6474387645721
115010,1.355499267578125,1982.8235337734222
115020,1.355499267578125,1983.038088798523
115030,1.35552978515625,1983.1950438022614
115040,1.3555450439453125,1983.33202791214
115050,1.355560302734375,1983.4905598163605
115060,1.3555908203125,1983.6380348205566
115070,1.3555908203125,1983.905954837799
115080,1.3555908203125,1984.0561187267303
115090,1.3556365966796875,1984.2059047222137
115100,1.3556365966796875,1984.4019367694855
115110,1.3556365966796875,1984.5530967712402
115120,1.35565185546875,1984.7072057724
115130,1.355682373046875,1984.8784220218658
115140,1.355682373046875,1985.0235888957977
115150,1.355712890625,1985.198454618454
115160,1.3557586669921875,1985.3738238811493
115170,1.3557586669921875,1985.5956077575684
115180,1.3557586669921875,1985.7695767879486
115190,1.3557586669921875,1985.9220275878906
115200,1.3557586669921875,1986.0606787204742
115210,1.3557891845703125,1986.2529637813568
115220,1.3557891845703125,1986.4004259109497
115230,1.3557891845703125,1986.6095788478851
115240,1.3558349609375,1986.7790548801422
115250,1.3558349609375,1987.0001928806305
115260,1.3558349609375,1987.1589987277985
115270,1.355865478515625,1987.3466999530792
115280,1.3558807373046875,1987.5145819187164
115290,1.35589599609375,1987.6561028957367
115300,1.355926513671875,1987.8210427761078
115310,1.35595703125,1987.9833416938782
115320,1.355987548828125,1988.1578769683838
115330,1.355987548828125,1988.3887858390808
115340,1.355987548828125,1988.5218577384949
115350,1.355987548828125,1988.6729736328125
115360,1.3560333251953125,1988.8897378444672
115370,1.356048583984375,1989.0418837070465
115380,1.356048583984375,1989.216383934021
115390,1.3560791015625,1989.4015319347382
115400,1.3560943603515625,1989.5548186302185
115410,1.356109619140625,1989.7143449783325
115420,1.356109619140625,1989.8603529930115
115430,1.35614013671875,1990.069918870926
115440,1.35614013671875,1990.2566747665405
115450,1.35614013671875,1990.3957240581512
115460,1.356170654296875,1990.6005566120148
115470,1.356170654296875,1990.8315267562866
115480,1.3561859130859375,1991.0016498565674
115490,1.356201171875,1991.1904788017273
115500,1.3562164306640625,1991.3761270046234
115510,1.35626220703125,1991.5548837184906
115520,1.3562774658203125,1991.7404448986053
115530,1.3562774658203125,1991.984389781952
115540,1.356292724609375,1992.1669328212738
115550,1.3563232421875,1992.317177772522
115560,1.3563232421875,1992.4756689071655
115570,1.3563232421875,1992.6487889289856
115580,1.356353759765625,1992.9037508964539
115590,1.356353759765625,1993.1082549095154
115600,1.3563690185546875,1993.2816648483276
115610,1.3563995361328125,1993.5003418922424
115620,1.3563995361328125,1993.626779794693
115630,1.356414794921875,1993.7695627212524
115640,1.3564605712890625,1993.9353396892548
115650,1.3564605712890625,1994.081476688385
115660,1.3564605712890625,1994.2470829486847
115670,1.3564605712890625,1994.3968408107758
115680,1.356475830078125,1994.5694830417633
115690,1.3564910888671875,1994.7089538574219
115700,1.3564910888671875,1994.8614149093628
115710,1.3564910888671875,1994.9967868328094
115720,1.35650634765625,1995.151338815689
115730,1.3565521240234375,1995.289883852005
115740,1.3565521240234375,1995.464947938919
115750,1.3565521240234375,1995.6368777751923
115760,1.3565826416015625,1995.8020718097687
115770,1.35662841796875,1995.929298877716
115780,1.35662841796875,1996.0939519405365
115790,1.3566436767578125,1996.2763438224792
115800,1.357513427734375,1996.4096629619598
115810,1.3575286865234375,1996.6253218650818
115820,1.3575592041015625,1996.8115637302399
115830,1.357574462890625,1996.974984884262
115840,1.357574462890625,1997.1286189556122
115850,1.3575897216796875,1997.331046819687
115860,1.3575897216796875,1997.4831018447876
115870,1.3576202392578125,1997.668583869934
115880,1.357666015625,1997.8488867282867
115890,1.357666015625,1998.0002048015594
115900,1.357666015625,1998.1576719284058
115910,1.357696533203125,1998.3268728256226
115920,1.3577117919921875,1998.5112969875336
115930,1.3577117919921875,1998.63573884964
115940,1.35772705078125,1998.8159568309784
115950,1.35772705078125,1998.9841957092285
115960,1.357757568359375,1999.1573367118835
115970,1.3577728271484375,1999.3260548114777
115980,1.3577728271484375,1999.4831669330597
115990,1.3577728271484375,1999.6331617832184
116000,1.3578338623046875,1999.7969717979431
116010,1.35784912109375,1999.959702014923
116020,1.35784912109375,2000.0841727256775
116030,1.357879638671875,2000.30264377594
116040,1.3578948974609375,2000.4457488059998
116050,1.3578948974609375,2000.6315279006958
116060,1.35791015625,2000.8386778831482
116070,1.3579254150390625,2001.0263097286224
116080,1.3579254150390625,2001.21222782135
116090,1.3579559326171875,2001.352833032608
116100,1.3579559326171875,2001.5057578086853
116110,1.3579559326171875,2001.682622909546
116120,1.358001708984375,2001.8306648731232
116130,1.3580169677734375,2001.9794087409973
116140,1.3580169677734375,2002.1350846290588
116150,1.3580474853515625,2002.3332600593567
116160,1.3580474853515625,2002.5040519237518
116170,1.3580474853515625,2002.6502537727356
116180,1.35809326171875,2002.8237109184265
116190,1.3581085205078125,2002.9873609542847
116200,1.3581085205078125,2003.158936738968
116210,1.3581085205078125,2003.3550117015839
116220,1.3581390380859375,2003.5064387321472
116230,1.3581390380859375,2003.7625637054443
116240,1.3581695556640625,2003.913962841034
116250,1.358184814453125,2004.0975286960602
116260,1.358184814453125,2004.2740275859833
116270,1.35821533203125,2004.4123268127441
116280,1.35821533203125,2004.5544409751892
116290,1.3582305908203125,2004.7222347259521
116300,1.358245849609375,2004.8927266597748
116310,1.3582763671875,2005.052384853363
116320,1.358306884765625,2005.1986088752747
116330,1.3583221435546875,2005.350858926773
116340,1.3583221435546875,2005.5090968608856
116350,1.35833740234375,2005.7077927589417
116360,1.358367919921875,2005.8978028297424
116370,1.3583831787109375,2006.0264267921448
116380,1.3583984375,2006.165325641632
116390,1.3584136962890625,2006.3465700149536
116400,1.3584136962890625,2006.5295329093933
116410,1.358428955078125,2006.6720027923584
116420,1.3584442138671875,2006.855787038803
116430,1.3584442138671875,2007.0363519191742
116440,1.35845947265625,2007.2240498065948
116450,1.358489990234375,2007.402025938034
116460,1.358489990234375,2007.5456109046936
116470,1.358489990234375,2007.681744813919
116480,1.3585205078125,2007.8333427906036
116490,1.358551025390625,2008.1982777118683
116500,1.358551025390625,2008.4500958919525
116510,1.35858154296875,2008.604731798172
116520,1.35858154296875,2008.7934436798096
116530,1.358612060546875,2008.9730558395386
116540,1.3586273193359375,2009.1438746452332
116550,1.3586273193359375,2009.268545627594
116560,1.358642578125,2009.429468870163
116570,1.3586883544921875,2009.590925693512
116580,1.35870361328125,2009.7360546588898
116590,1.3587188720703125,2009.919921875
116600,1.358734130859375,2010.0682528018951
116610,1.3587799072265625,2010.1947598457336
116620,1.3587799072265625,2010.3560650348663
116630,1.358795166015625,2010.542278766632
116640,1.358795166015625,2010.777091741562
116650,1.35882568359375,2011.0607249736786
116660,1.35882568359375,2011.251458644867
116670,1.35882568359375,2011.398985862732
116680,1.35882568359375,2011.5447418689728
116690,1.358856201171875,2011.7354958057404
116700,1.358856201171875,2011.8835105895996
116710,1.358856201171875,2012.0466158390045
116720,1.3588714599609375,2012.2110888957977
116730,1.3589019775390625,2012.398845911026
116740,1.3589324951171875,2012.5497016906738
116750,1.3589324951171875,2012.7344839572906
116760,1.35894775390625,2012.904534816742
116770,1.35894775390625,2013.0626838207245
116780,1.3589630126953125,2013.2409489154816
116790,1.3589935302734375,2013.4106938838959
116800,1.3589935302734375,2013.524829864502
116810,1.3590087890625,2013.71138381958
116820,1.359039306640625,2013.8934078216553
116830,1.359039306640625,2014.0488438606262
116840,1.35906982421875,2014.1781497001648
116850,1.3591156005859375,2014.3335728645325
116860,1.3591156005859375,2014.471570968628
116870,1.3591156005859375,2014.6329216957092
116880,1.359130859375,2014.7888677120209
116890,1.359161376953125,2014.9848387241364
116900,1.3591766357421875,2015.1199967861176
116910,1.35919189453125,2015.2809767723083
116920,1.35919189453125,2015.545492887497
116930,1.3592071533203125,2015.6967697143555
116940,1.3592376708984375,2015.8696749210358
116950,1.3592376708984375,2016.0655596256256
116960,1.3592376708984375,2016.2055537700653
116970,1.3592987060546875,2016.3414888381958
116980,1.3592987060546875,2016.5052728652954
116990,1.3592987060546875,2016.6555099487305
117000,1.35931396484375,2016.8284757137299
117010,1.3593292236328125,2016.9945826530457
117020,1.359344482421875,2017.1504447460175
117030,1.359375,2017.2968089580536
117040,1.359375,2017.436333656311
117050,1.359405517578125,2017.620127916336
117060,1.35943603515625,2017.7814338207245
117070,1.35943603515625,2017.9626038074493
117080,1.35943603515625,2018.1275248527527
117090,1.3594970703125,2018.2749309539795
117100,1.3594970703125,2018.4562637805939
117110,1.3594970703125,2018.652391910553
117120,1.359527587890625,2018.7987747192383
117130,1.3595428466796875,2018.9567098617554
117140,1.35955810546875,2019.1857347488403
117150,1.3595733642578125,2019.3338277339935
117160,1.359588623046875,2019.495023727417
117170,1.3596038818359375,2019.6431348323822
117180,1.3596038818359375,2019.8075487613678
117190,1.3596038818359375,2019.9596428871155
117200,1.3596343994140625,2020.1731016635895
117210,1.3596649169921875,2020.3056819438934
117220,1.3596649169921875,2020.5208666324615
117230,1.3596649169921875,2020.682339668274
117240,1.3596954345703125,2020.9367418289185
117250,1.359710693359375,2021.106128692627
117260,1.359710693359375,2021.279414653778
117270,1.3597412109375,2021.4520766735077
117280,1.3597564697265625,2021.584788799286
117290,1.359771728515625,2021.746920824051
117300,1.3597869873046875,2021.9097826480865
117310,1.35980224609375,2022.0618727207184
117320,1.35980224609375,2022.3298878669739
117330,1.3598480224609375,2022.4841458797455
117340,1.35986328125,2022.6211187839508
117350,1.35986328125,2022.8029158115387
117360,1.359893798828125,2022.9360897541046
117370,1.3599090576171875,2023.1412177085876
117380,1.3599090576171875,2023.3521838188171
117390,1.35992431640625,2023.5338797569275
117400,1.3599395751953125,2023.6902079582214
117410,1.3599395751953125,2023.864495754242
117420,1.3599700927734375,2024.0202338695526
117430,1.3599853515625,2024.1680798530579
117440,1.3599853515625,2024.3216907978058
117450,1.3600006103515625,2024.4619858264923
117460,1.360015869140625,2024.5881469249725
117470,1.36004638671875,2024.7497458457947
117480,1.3600616455078125,2024.8886897563934
117490,1.3600616455078125,2025.0629208087921
117500,1.360076904296875,2025.2230327129364
117510,1.360107421875,2025.351045846939
117520,1.3601226806640625,2025.5963966846466
117530,1.3601226806640625,2025.7627189159393
117540,1.3601531982421875,2025.909452676773
117550,1.36016845703125,2026.0420198440552
117560,1.36016845703125,2026.1882348060608
117570,1.3601837158203125,2026.3246247768402
117580,1.360198974609375,2026.4736227989197
117590,1.3602294921875,2026.6187887191772
117600,1.360260009765625,2026.8064198493958
117610,1.360260009765625,2026.980200767517
117620,1.360260009765625,2027.1477687358856
117630,1.3603057861328125,2027.288548707962
117640,1.3603057861328125,2027.475998878479
117650,1.3603057861328125,2027.643994808197
117660,1.3603057861328125,2027.8692526817322
117670,1.360321044921875,2028.0393588542938
117680,1.360321044921875,2028.2335999011993
117690,1.3603515625,2028.3999948501587
117700,1.360382080078125,2028.5750997066498
117710,1.360382080078125,2028.7500278949738
117720,1.360382080078125,2028.9148726463318
117730,1.36041259765625,2029.0981566905975
117740,1.3604278564453125,2029.219693660736
117750,1.3604278564453125,2029.3547937870026
117760,1.3604583740234375,2029.5677230358124
117770,1.3604583740234375,2029.6928708553314
117780,1.3604583740234375,2029.9132406711578
117790,1.3604888916015625,2030.085070848465
117800,1.3605194091796875,2030.2150399684906
117810,1.3605194091796875,2030.3662819862366
117820,1.3605499267578125,2030.5210139751434
117830,1.360565185546875,2030.7397508621216
117840,1.360565185546875,2030.8804717063904
117850,1.360595703125,2031.0227389335632
117860,1.3606109619140625,2031.211059808731
117870,1.360626220703125,2031.3629908561707
117880,1.3606414794921875,2031.4987189769745
117890,1.36065673828125,2031.6946680545807
117900,1.36065673828125,2031.8785088062286
117910,1.3606719970703125,2032.0685036182404
117920,1.3497467041015625,2032.2553367614746
117930,1.2701416015625,2032.391620874405
117940,1.2701873779296875,2032.5546808242798
117950,1.2701873779296875,2032.6924707889557
117960,1.2701873779296875,2032.8576200008392
117970,1.270233154296875,2033.0410497188568
117980,1.270233154296875,2033.207484960556
117990,1.270233154296875,2033.3616547584534
118000,1.2702484130859375,2033.5180158615112
118010,1.2702789306640625,2033.674625635147
118020,1.270294189453125,2033.869883775711
118030,1.2703094482421875,2034.0349707603455
118040,1.27032470703125,2034.1697368621826
118050,1.270355224609375,2034.3103659152985
118060,1.2703857421875,2034.5224766731262
118070,1.2703857421875,2034.7148196697235
118080,1.2703857421875,2034.979521036148
118090,1.2704010009765625,2035.1250276565552
118100,1.2704315185546875,2035.3055067062378
118110,1.2704620361328125,2035.5307607650757
118120,1.270477294921875,2035.716092824936
118130,1.270477294921875,2035.9984347820282
118140,1.270477294921875,2036.149416923523
118150,1.2705230712890625,2036.3780398368835
118160,1.2705230712890625,2036.5621256828308
118170,1.2705230712890625,2036.7291929721832
118180,1.270538330078125,2036.8727657794952
118190,1.2705535888671875,2037.0187747478485
118200,1.2705841064453125,2037.1430079936981
118210,1.270599365234375,2037.3114087581635
118220,1.26275634765625,2037.4838500022888
118230,1.2457275390625,2037.8071129322052
118240,1.2457427978515625,2038.0086388587952
118250,1.2457733154296875,2038.1772937774658
118260,1.2457733154296875,2038.3375086784363
118270,1.24578857421875,2038.5562677383423
118280,1.2458038330078125,2038.7041280269623
118290,1.2458038330078125,2038.8271627426147
118300,1.2458343505859375,2038.993924856186
118310,1.2458648681640625,2039.1829829216003
118320,1.245880126953125,2039.3725838661194
118330,1.2458953857421875,2039.5032179355621
118340,1.2458953857421875,2039.6251089572906
118350,1.24591064453125,2039.8221697807312
118360,1.2459564208984375,2040.0119469165802
118370,1.2459716796875,2040.217298746109
118380,1.2459716796875,2040.4026658535004
118390,1.2460174560546875,2040.5469996929169
118400,1.2460174560546875,2040.6943879127502
118410,1.2460479736328125,2040.8353447914124
118420,1.246063232421875,2040.9987058639526
118430,1.2460784912109375,2041.145831823349
118440,1.24609375,2041.3060088157654
118450,1.246124267578125,2041.4467377662659
118460,1.246124267578125,2041.5911040306091
118470,1.2461395263671875,2041.7410218715668
118480,1.2461700439453125,2041.8772368431091
118490,1.2461700439453125,2042.0592949390411
118500,1.2461700439453125,2042.2133166790009
118510,1.2462005615234375,2042.3618507385254
118520,1.2462158203125,2042.5177178382874
118530,1.2462158203125,2042.7438316345215
118540,1.2462615966796875,2042.8983538150787
118550,1.24627685546875,2043.0721609592438
118560,1.24627685546875,2043.2485239505768
118570,1.2462921142578125,2043.4271376132965
118580,1.246307373046875,2043.6146178245544
118590,1.2463226318359375,2043.7726728916168
118600,1.246337890625,2044.035478591919
118610,1.246337890625,2044.2820227146149
118620,1.246612548828125,2044.5649318695068
118630,1.2466278076171875,2044.7670137882233
118640,1.24664306640625,2044.9080197811127
118650,1.2466583251953125,2045.0626349449158
118660,1.246673583984375,2045.2178239822388
118670,1.246673583984375,2045.4325637817383
118680,1.2466888427734375,2045.5759627819061
118690,1.2467041015625,2045.7283418178558
118700,1.2467193603515625,2045.9800918102264
118710,1.2467193603515625,2046.1582720279694
118720,1.2467498779296875,2046.3346660137177
118730,1.2467498779296875,2046.485093832016
118740,1.2467498779296875,2046.6557009220123
118750,1.24676513671875,2046.810912847519
118760,1.246795654296875,2046.9844439029694
118770,1.246795654296875,2047.1513018608093
118780,1.246795654296875,2047.3484280109406
118790,1.2468719482421875,2047.4998998641968
118800,1.2468719482421875,2047.646188735962
118810,1.2469024658203125,2047.8233578205109
118820,1.246917724609375,2047.954747915268
118830,1.2469482421875,2048.0828018188477
118840,1.2469482421875,2048.2473249435425
118850,1.2469635009765625,2048.3964507579803
118860,1.2469635009765625,2048.567932844162
118870,1.246978759765625,2048.7207868099213
118880,1.2470245361328125,2048.905310869217
118890,1.2470245361328125,2049.1252138614655
118900,1.2470245361328125,2049.3732328414917
118910,1.2470550537109375,2049.5137667655945
118920,1.2470855712890625,2049.7198526859283
118930,1.2470855712890625,2049.874141931534
118940,1.2471160888671875,2050.0786607265472
118950,1.24713134765625,2050.269048690796
118960,1.2471466064453125,2050.438891649246
118970,1.2471771240234375,2050.5837018489838
118980,1.2471923828125,2050.7339878082275
118990,1.2471923828125,2050.870496034622
119000,1.2472076416015625,2051.022652864456
119010,1.247222900390625,2051.1876747608185
119020,1.2472381591796875,2051.3101768493652
119030,1.2472686767578125,2051.445173025131
119040,1.247283935546875,2051.5888657569885
119050,1.2472991943359375,2051.7681398391724
119060,1.2473297119140625,2051.913254737854
119070,1.2473297119140625,2052.091899871826
119080,1.2473297119140625,2052.261706829071
119090,1.2473602294921875,2052.418846845627
119100,1.2473907470703125,2052.5964658260345
119110,1.2473907470703125,2052.74512386322
119120,1.247406005859375,2052.958485841751
119130,1.2474212646484375,2053.1028707027435
119140,1.2474365234375,2053.236316919327
119150,1.24749755859375,2053.44864487648
119160,1.24749755859375,2053.5953316688538
119170,1.2475128173828125,2053.7342517375946
119180,1.2475128173828125,2053.9381608963013
119190,1.247528076171875,2054.0921268463135
119200,1.2475433349609375,2054.235054731369
119210,1.2475433349609375,2054.474798679352
119220,1.2475433349609375,2054.613838672638
119230,1.2475433349609375,2054.792998790741
119240,1.247589111328125,2054.9311339855194
119250,1.2476043701171875,2055.070264816284
119260,1.2476043701171875,2055.2605056762695
119270,1.2476348876953125,2055.421852827072
119280,1.2476654052734375,2055.5696036815643
119290,1.2476654052734375,2055.712870836258
119300,1.2476959228515625,2055.9311048984528
119310,1.247711181640625,2056.1085057258606
119320,1.247711181640625,2056.287688970566
119330,1.2477264404296875,2056.425451040268
119340,1.2477569580078125,2056.5986087322235
119350,1.2477569580078125,2056.7717938423157
119360,1.247772216796875,2056.962499856949
119370,1.247772216796875,2057.128865003586
119380,1.2478179931640625,2057.281423807144
119390,1.247833251953125,2057.4316868782043
119400,1.2478485107421875,2057.575441837311
119410,1.24786376953125,2057.76908493042
119420,1.247894287109375,2057.907820701599
119430,1.247894287109375,2058.0394628047943
119440,1.2479095458984375,2058.2236757278442
119450,1.2479248046875,2058.41974401474
119460,1.2479248046875,2058.597754716873
119470,1.2479400634765625,2058.7783427238464
119480,1.2479705810546875,2058.920177936554
119490,1.2479705810546875,2059.056224822998
119500,1.2479705810546875,2059.213579893112
119510,1.248016357421875,2059.3990728855133
119520,1.248046875,2059.57243680954
119530,1.248046875,2059.7913908958435
119540,1.2480621337890625,2059.994799852371
119550,1.2480621337890625,2060.1693477630615
119560,1.2480926513671875,2060.362587928772
119570,1.2481231689453125,2060.4941368103027
119580,1.248138427734375,2060.6723458766937
119590,1.248138427734375,2060.8182446956635
119600,1.2481689453125,2060.9655706882477
119610,1.2481689453125,2061.1111137866974
119620,1.2481689453125,2061.350201845169
119630,1.248199462890625,2061.501235961914
119640,1.2482452392578125,2061.661435842514
119650,1.2482452392578125,2061.9086017608643
119660,1.2482452392578125,2062.04194188118
119670,1.248260498046875,2062.189836740494
119680,1.248260498046875,2062.3545858860016
119690,1.248291015625,2062.528371810913
119700,1.248291015625,2062.7295229434967
119710,1.2483062744140625,2062.8856608867645
119720,1.248321533203125,2063.058513879776
119730,1.2483367919921875,2063.182989835739
119740,1.24835205078125,2063.3724007606506
119750,1.2483673095703125,2063.5574588775635
119760,1.248382568359375,2063.7077708244324
119770,1.248382568359375,2063.896780014038
119780,1.2484283447265625,2064.1257877349854
119790,1.2484283447265625,2064.362641811371
119800,1.2484283447265625,2064.5423967838287
119810,1.248443603515625,2064.7387557029724
119820,1.2484588623046875,2064.8965697288513
119830,1.24847412109375,2065.1010978221893
119840,1.2484893798828125,2065.2277839183807
119850,1.248504638671875,2065.4333345890045
119860,1.248504638671875,2065.6278059482574
119870,1.2485198974609375,2065.7886278629303
119880,1.24853515625,2065.9458696842194
119890,1.24859619140625,2066.18895983696
119900,1.2486114501953125,2066.328293800354
119910,1.2486114501953125,2066.475864648819
119920,1.248626708984375,2066.701038837433
119930,1.2486572265625,2066.865115880966
119940,1.2486572265625,2067.0772149562836
119950,1.2486572265625,2067.2440729141235
119960,1.2486724853515625,2067.4365849494934
119970,1.248687744140625,2067.5881609916687
119980,1.2487030029296875,2067.7357819080353
119990,1.24871826171875,2067.9246718883514
120000,1.2487335205078125,2068.074059009552
120010,1.248748779296875,2068.22424864769
120020,1.2487945556640625,2068.3855628967285
120030,1.2487945556640625,2068.5482087135315
120040,1.2487945556640625,2068.715555667877
120050,1.248809814453125,2068.88702583313
120060,1.2488250732421875,2069.062694787979
120070,1.24884033203125,2069.2139089107513
120080,1.2488555908203125,2069.357377052307
120090,1.248870849609375,2069.479933977127
120100,1.248870849609375,2069.6500186920166
120110,1.2489013671875,2069.8896136283875
120120,1.2490081787109375,2070.0853419303894
120130,1.2490234375,2070.281423807144
120140,1.2490234375,2070.576281785965
120150,1.2490692138671875,2070.7608318328857
120160,1.24908447265625,2070.9351890087128
120170,1.24908447265625,2071.0973587036133
120180,1.24908447265625,2071.2464168071747
120190,1.24908447265625,2071.415372610092
120200,1.2490997314453125,2071.5833847522736
120210,1.2491302490234375,2071.762643814087
120220,1.2491302490234375,2071.9379308223724
120230,1.2491455078125,2072.0843629837036
120240,1.2491607666015625,2072.3271899223328
120250,1.249176025390625,2072.5008597373962
120260,1.249176025390625,2072.685073852539
120270,1.2492218017578125,2072.8319807052612
120280,1.2492218017578125,2073.0294637680054
120290,1.2492218017578125,2073.196099758148
120300,1.2492523193359375,2073.3281507492065
120310,1.2492523193359375,2073.5202548503876
120320,1.2492828369140625,2073.6698429584503
120330,1.249298095703125,2073.824962615967
120340,1.2493133544921875,2074.023140668869
120350,1.2493133544921875,2074.1729667186737
120360,1.2493438720703125,2074.404674768448
120370,1.249359130859375,2074.5473108291626
120380,1.2493896484375,2074.7195518016815
120390,1.2493896484375,2074.8886489868164
120400,1.249420166015625,2075.0695328712463
120410,1.249420166015625,2075.2130959033966
120420,1.24945068359375,2075.4046058654785
120430,1.2494659423828125,2075.6378927230835
120440,1.2494659423828125,2075.776104927063
120450,1.2494964599609375,2075.9326729774475
120460,1.24951171875,2076.1286656856537
120470,1.24951171875,2076.3156809806824
120480,1.249542236328125,2076.513835668564
120490,1.2495574951171875,2076.7670197486877
120500,1.24957275390625,2076.9213576316833
120510,1.2495880126953125,2077.061856031418
120520,1.249603271484375,2077.226386785507
120530,1.249603271484375,2077.5075347423553
120540,1.2496337890625,2077.6965708732605
120550,1.2496337890625,2077.851692676544
120560,1.2496490478515625,2078.013556957245
120570,1.2496795654296875,2078.1618168354034
120580,1.2496795654296875,2078.3257348537445
120590,1.2496795654296875,2078.542521715164
120600,1.2497100830078125,2078.6851258277893
120610,1.2497406005859375,2078.8583376407623
120620,1.2497406005859375,2078.985935688019
120630,1.249755859375,2079.175612926483
120640,1.249755859375,2079.3217458724976
120650,1.249786376953125,2079.4646079540253
120660,1.24981689453125,2079.660144805908
120670,1.24981689453125,2079.80633687973
120680,1.249847412109375,2080.0241646766663
120690,1.249847412109375,2080.1848628520966
120700,1.249847412109375,2080.36026597023
120710,1.2498626708984375,2080.50190281868
120720,1.2498931884765625,2080.7075719833374
120730,1.249908447265625,2080.8734877109528
120740,1.249908447265625,2081.0379128456116
120750,1.24993896484375,2081.1965136528015
120760,1.24993896484375,2081.37797665596
120770,1.2499542236328125,2081.6564648151398
120780,1.249969482421875,2081.7930870056152
120790,1.249969482421875,2081.950957775116
120800,1.25,2082.1125688552856
120810,1.250030517578125,2082.280015707016
120820,1.250030517578125,2082.4054746627808
120830,1.250030517578125,2082.63924574852
120840,1.2500762939453125,2082.7850539684296
120850,1.2501068115234375,2083.0016429424286
120860,1.2501068115234375,2083.2002477645874
120870,1.2501220703125,2083.3395426273346
120880,1.250152587890625,2083.5309607982635
120890,1.250152587890625,2083.7303948402405
120900,1.2501678466796875,2083.9462416172028
120910,1.25018310546875,2084.0943496227264
120920,1.2502288818359375,2084.228693008423
120930,1.250244140625,2084.381353855133
120940,1.250244140625,2084.524214744568
120950,1.2502593994140625,2084.73539686203
120960,1.2502899169921875,2084.9132826328278
120970,1.2502899169921875,2085.0785768032074
120980,1.25030517578125,2085.2723767757416
120990,1.250335693359375,2085.3977847099304
121000,1.250335693359375,2085.6190090179443
121010,1.2503662109375,2085.79260969162
121020,1.250396728515625,2085.958523750305
121030,1.250396728515625,2086.1394839286804
121040,1.2504119873046875,2086.405161857605
121050,1.2504425048828125,2086.5607118606567
121060,1.2504425048828125,2086.6847689151764
121070,1.2504425048828125,2086.855267763138
121080,1.2504730224609375,2087.002981901169
121090,1.2505035400390625,2087.1349868774414
121100,1.250518798828125,2087.286433696747
121110,1.2505340576171875,2087.497091770172
121120,1.2505340576171875,2087.6962039470673
121130,1.25054931640625,2087.8333439826965
121140,1.250579833984375,2088.0025877952576
121150,1.2505950927734375,2088.1692249774933
121160,1.2505950927734375,2088.3538448810577
121170,1.250640869140625,2088.521955728531
121180,1.250640869140625,2088.7271287441254
121190,1.250640869140625,2088.867738723755
121200,1.2506561279296875,2089.029573917389
121210,1.2506866455078125,2089.1623837947845
121220,1.250701904296875,2089.3043887615204
121230,1.250701904296875,2089.451638698578
121240,1.250732421875,2089.661938905716
121250,1.2507476806640625,2089.867705821991
121260,1.2507476806640625,2090.037603855133
121270,1.250762939453125,2090.184945821762
121280,1.2507781982421875,2090.3808348178864
121290,1.2507781982421875,2090.529956817627
121300,1.2508087158203125,2090.6793217658997
121310,1.2508392333984375,2090.811441898346
121320,1.2508392333984375,2090.992750644684
121330,1.2508544921875,2091.164764881134
121340,1.2508697509765625,2091.3402729034424
121350,1.2509002685546875,2091.4846847057343
121360,1.25091552734375,2091.6506147384644
121370,1.25091552734375,2091.803488969803
121380,1.2509307861328125,2091.9785709381104
121390,1.2509613037109375,2092.148656845093
121400,1.2509613037109375,2092.3269987106323
121410,1.2509613037109375,2092.4843106269836
121420,1.2510223388671875,2092.6497297286987
121430,1.2510223388671875,2092.8133687973022
121440,1.25103759765625,2092.961262702942
121450,1.2510528564453125,2093.1187188625336
121460,1.2510833740234375,2093.302699804306
121470,1.2510833740234375,2093.4733958244324
121480,1.2511138916015625,2093.62757396698
121490,1.2511138916015625,2093.7978019714355
121500,1.251129150390625,2094.02442073822
121510,1.25115966796875,2094.1994178295135
121520,1.2511749267578125,2094.4045498371124
121530,1.2511749267578125,2094.588356733322
121540,1.2512054443359375,2094.7433919906616
121550,1.251220703125,2094.918396949768
121560,1.251220703125,2095.0852427482605
121570,1.2512359619140625,2095.2659888267517
121580,1.251251220703125,2095.3973019123077
121590,1.2512664794921875,2095.527515888214
121600,1.25128173828125,2095.6945400238037
121610,1.2512969970703125,2095.9154739379883
121620,1.251312255859375,2096.0833218097687
121630,1.2513427734375,2096.2846207618713
121640,1.2513427734375,2096.4818398952484
121650,1.2513580322265625,2096.6584887504578
121660,1.2513885498046875,2096.815324783325
121670,1.2513885498046875,2096.9598410129547
121680,1.2513885498046875,2097.1474328041077
121690,1.2514190673828125,2097.3746807575226
121700,1.251434326171875,2097.543548822403
121710,1.2514495849609375,2097.7499446868896
121720,1.25146484375,2097.910636663437
121730,1.25146484375,2098.135615825653
121740,1.2514801025390625,2098.349054813385
121750,1.2515106201171875,2098.4689259529114
121760,1.2515106201171875,2098.6459918022156
121770,1.2515106201171875,2098.782628774643
121780,1.251556396484375,2098.9670448303223
121790,1.251556396484375,2099.117230653763
121800,1.251556396484375,2099.2598457336426
121810,1.2515869140625,2099.4019289016724
121820,1.2515869140625,2099.5687758922577
121830,1.251617431640625,2099.745630979538
121840,1.25164794921875,2099.9429347515106
121850,1.25164794921875,2100.1242718696594
121860,1.25164794921875,2100.2477366924286
121870,1.251678466796875,2100.385415792465
121880,1.2516937255859375,2100.55650472641
121890,1.2516937255859375,2100.7136178016663
121900,1.251708984375,2100.8955619335175
121910,1.2517242431640625,2101.037422657013
121920,1.251739501953125,2101.2357466220856
121930,1.25177001953125,2101.461311817169
121940,1.25177001953125,2101.6438677310944
121950,1.251800537109375,2101.802989721298
121960,1.2518310546875,2101.955778837204
121970,1.2518310546875,2102.171977996826
121980,1.2518463134765625,2102.3394968509674
121990,1.251861572265625,2102.4776418209076
122000,1.2518768310546875,2102.671244621277
122010,1.25189208984375,2102.847383737564
122020,1.2519378662109375,2103.016215801239
122030,1.2519378662109375,2103.231074810028
122040,1.2519378662109375,2103.454227924347
122050,1.251953125,2103.593930006027
122060,1.251953125,2103.760759830475
122070,1.2519989013671875,2103.92396068573
122080,1.25201416015625,2104.0610439777374
122090,1.25201416015625,2104.3305757045746
122100,1.25201416015625,2104.4937987327576
122110,1.252044677734375,2104.7191557884216
122120,1.2520751953125,2104.8414976596832
122130,1.2520751953125,2104.9754807949066
122140,1.2520904541015625,2105.229974746704
122150,1.32708740234375,2105.5786607265472
122160,1.3271026611328125,2105.719851732254
122170,1.3271026611328125,2105.8620767593384
122180,1.3271026611328125,2106.0650498867035
122190,1.3271484375,2106.1983156204224
122200,1.3271636962890625,2106.356756925583
122210,1.327178955078125,2106.5353968143463
122220,1.327178955078125,2106.6864409446716
122230,1.3271942138671875,2106.8746716976166
122240,1.32720947265625,2107.0383229255676
122250,1.32720947265625,2107.2068967819214
122260,1.3272552490234375,2107.3804428577423
122270,1.3272552490234375,2107.536209821701
122280,1.3272552490234375,2107.7562687397003
122290,1.3272705078125,2107.952752828598
122300,1.3272857666015625,2108.2052137851715
122310,1.3273162841796875,2108.3928236961365
122320,1.3273162841796875,2108.5368959903717
122330,1.32733154296875,2108.7332158088684
122340,1.3273468017578125,2108.88552069664
122350,1.3273468017578125,2109.0377168655396
122360,1.3273773193359375,2109.1956117153168
122370,1.3273773193359375,2109.3286259174347
122380,1.327392578125,2109.5715148448944
122390,1.327423095703125,2109.7062249183655
122400,1.327423095703125,2109.893714904785
122410,1.327423095703125,2110.0458698272705
122420,1.32745361328125,2110.1915838718414
122430,1.3274688720703125,2110.355081796646
122440,1.327484130859375,2110.615864753723
122450,1.3274993896484375,2110.7775218486786
122460,1.3275299072265625,2110.9205598831177
122470,1.3275299072265625,2111.1231727600098
122480,1.327545166015625,2111.345013856888
122490,1.327545166015625,2111.5464267730713
122500,1.3275604248046875,2111.7132527828217
122510,1.3275909423828125,2111.921418905258
122520,1.327606201171875,2112.1078798770905
122530,1.3276214599609375,2112.390882730484
122540,1.32763671875,2112.5973896980286
122550,1.3276519775390625,2112.765622615814
122560,1.327667236328125,2112.9394097328186
122570,1.3276824951171875,2113.1126227378845
122580,1.3277130126953125,2113.257099866867
122590,1.3277130126953125,2113.4234676361084
122600,1.3277435302734375,2113.6963407993317
122610,1.3277435302734375,2113.874939918518
122620,1.3277435302734375,2114.0598437786102
122630,1.327789306640625,2114.196302652359
122640,1.3790435791015625,2114.522421836853
122650,1.3790435791015625,2114.7285256385803
122660,1.379058837890625,2114.9164488315582
122670,1.3790740966796875,2115.0561559200287
122680,1.37908935546875,2115.246290922165
122690,1.37908935546875,2115.4170818328857
122700,1.37908935546875,2115.610892057419
122710,1.379119873046875,2115.796281814575
122720,1.3791351318359375,2115.962861776352
122730,1.3791351318359375,2116.232940673828
122740,1.3791351318359375,2116.3912110328674
122750,1.3791656494140625,2116.523645877838
122760,1.379180908203125,2116.665408849716
122770,1.3791961669921875,2116.8284707069397
122780,1.3792266845703125,2117.000488758087
122790,1.3792266845703125,2117.1478679180145
122800,1.379241943359375,2117.3292138576508
122810,1.3792724609375,2117.5344047546387
122820,1.379302978515625,2117.780727624893
122830,1.379302978515625,2117.9476647377014
122840,1.3793182373046875,2118.116612672806
122850,1.37933349609375,2118.2722129821777
122860,1.3793487548828125,2118.4778439998627
122870,1.379364013671875,2118.677590608597
122880,1.379364013671875,2118.8717906475067
122890,1.3793792724609375,2119.0508048534393
122900,1.379425048828125,2119.2350306510925
122910,1.379425048828125,2119.403601884842
122920,1.3794403076171875,2119.53825879097
122930,1.379486083984375,2119.8058857917786
122940,1.3795013427734375,2120.0294127464294
122950,1.3795013427734375,2120.1961798667908
122960,1.3795013427734375,2120.368065595627
122970,1.3795166015625,2120.515154838562
122980,1.379547119140625,2120.7256519794464
122990,1.3795623779296875,2120.8726708889008
123000,1.3795623779296875,2121.0062940120697
123010,1.37957763671875,2121.2638206481934
123020,1.3796234130859375,2121.4605038166046
123030,1.3796234130859375,2121.632771730423
123040,1.379669189453125,2121.835640668869
123050,1.3796844482421875,2121.9684607982635
123060,1.3796844482421875,2122.110494852066
123070,1.37969970703125,2122.31272482872
123080,1.379730224609375,2122.533191919327
123090,1.379730224609375,2122.746554851532
123100,1.3797454833984375,2122.9205996990204
123110,1.3797607421875,2123.081392765045
123120,1.3797760009765625,2123.2170219421387
123130,1.379791259765625,2123.3758149147034
123140,1.3798065185546875,2123.5350856781006
123150,1.3798065185546875,2123.7375779151917
123160,1.3798370361328125,2123.919791698456
123170,1.379852294921875,2124.071504831314
123180,1.379852294921875,2124.2302389144897
123190,1.3798675537109375,2124.394026994705
123200,1.3798828125,2124.5358278751373
123210,1.379913330078125,2124.7068169116974
123220,1.379913330078125,2124.875165939331
123230,1.3799285888671875,2125.0150167942047
123240,1.37994384765625,2125.1869509220123
123250,1.3799591064453125,2125.374090909958
123260,1.379974365234375,2125.5668778419495
123270,1.379974365234375,2125.7022767066956
123280,1.3800048828125,2125.898895740509
123290,1.380035400390625,2126.036200761795
123300,1.380035400390625,2126.22288274765
123310,1.380035400390625,2126.3887317180634
123320,1.3800811767578125,2126.5329070091248
123330,1.380096435546875,2126.716038942337
123340,1.380096435546875,2126.845461845398
123350,1.380126953125,2127.0014657974243
123360,1.3801422119140625,2127.2389817237854
123370,1.380157470703125,2127.397787809372
123380,1.38018798828125,2127.6106066703796
123390,1.38018798828125,2127.7794349193573
123400,1.3802032470703125,2127.931221961975
123410,1.3802337646484375,2128.0803446769714
123420,1.3802490234375,2128.2128026485443
123430,1.3802642822265625,2128.3822128772736
123440,1.380279541015625,2128.5444526672363
123450,1.380279541015625,2128.713211774826
123460,1.38031005859375,2128.8482098579407
123470,1.3803558349609375,2129.055303812027
123480,1.3803558349609375,2129.2309617996216
123490,1.3803558349609375,2129.4036588668823
123500,1.38037109375,2129.623711824417
123510,1.380401611328125,2129.7711696624756
123520,1.3804168701171875,2129.922709941864
123530,1.3804473876953125,2130.0911695957184
123540,1.380462646484375,2130.2654876708984
123550,1.380462646484375,2130.434510707855
123560,1.3804931640625,2130.6259939670563
123570,1.3804931640625,2130.8139588832855
123580,1.3804931640625,2130.9567737579346
123590,1.380523681640625,2131.110937833786
123600,1.3805389404296875,2131.277548789978
123610,1.3805389404296875,2131.425179719925
123620,1.38055419921875,2131.5741488933563
123630,1.3805694580078125,2131.8192348480225
123640,1.380584716796875,2131.964583873749
123650,1.3805999755859375,2132.1312398910522
123660,1.3806304931640625,2132.297695875168
123670,1.3806304931640625,2132.4368357658386
123680,1.380645751953125,2132.5931210517883
123690,1.380645751953125,2132.836591720581
123700,1.3806610107421875,2133.0047318935394
123710,1.3806610107421875,2133.1462898254395
123720,1.38067626953125,2133.2945709228516
123730,1.38067626953125,2133.4606359004974
123740,1.3806915283203125,2133.5937778949738
123750,1.3807220458984375,2133.7700006961823
123760,1.3807220458984375,2133.9663639068604
123770,1.3807373046875,2134.1865079402924
123780,1.380767822265625,2134.340896844864
123790,1.380767822265625,2134.4857289791107
123800,1.3807830810546875,2134.652918815613
123810,1.38079833984375,2134.850385904312
123820,1.380828857421875,2135.0213108062744
123830,1.3808441162109375,2135.180032014847
123840,1.380859375,2135.3651399612427
123850,1.380859375,2135.583915710449
123860,1.3808746337890625,2135.755514860153
123870,1.3809051513671875,2135.9045407772064
123880,1.3809051513671875,2136.0496277809143
123890,1.38092041015625,2136.1801216602325
123900,1.3809661865234375,2136.3060648441315
123910,1.3809661865234375,2136.516868829727
123920,1.3809661865234375,2136.6802818775177
123930,1.381011962890625,2136.899514913559
123940,1.381011962890625,2137.068699836731
123950,1.3810272216796875,2137.2115228176117
123960,1.38104248046875,2137.3873867988586
123970,1.3810577392578125,2137.6557598114014
123980,1.381072998046875,2137.825377702713
123990,1.3810882568359375,2138.022636651993
124000,1.381103515625,2138.1772067546844
124010,1.381134033203125,2138.352258682251
124020,1.38116455078125,2138.554046869278
124030,1.38116455078125,2138.727562904358
124040,1.38116455078125,2138.8848638534546
124050,1.3812103271484375,2139.0386757850647
124060,1.3812103271484375,2139.1952838897705
124070,1.3812103271484375,2139.352838754654
124080,1.381256103515625,2139.5194816589355
124090,1.3812713623046875,2139.6405880451202
124100,1.3812713623046875,2139.8351769447327
124110,1.38128662109375,2139.9886417388916
124120,1.3813018798828125,2140.185917854309
124130,1.3813323974609375,2140.376626968384
124140,1.38134765625,2140.531240940094
124150,1.38134765625,2140.7187960147858
124160,1.3813629150390625,2140.9036169052124
124170,1.3813629150390625,2141.068460702896
124180,1.381378173828125,2141.2291388511658
124190,1.3813934326171875,2141.4023418426514
124200,1.3813934326171875,2141.636071920395
124210,1.3814239501953125,2141.884281873703
124220,1.3814544677734375,2142.0099709033966
124230,1.3814697265625,2142.258059024811
124240,1.3814697265625,2142.489857673645
124250,1.3814697265625,2142.6458859443665
124260,1.3815155029296875,2142.863700866699
124270,1.38153076171875,2143.0126876831055
124280,1.38153076171875,2143.1634056568146
124290,1.3815460205078125,2143.3057930469513
124300,1.3815765380859375,2143.4261136054993
124310,1.3815765380859375,2143.5679128170013
124320,1.3816070556640625,2143.7292337417603
124330,1.3816070556640625,2143.921548604965
124340,1.381622314453125,2144.1121678352356
124350,1.38165283203125,2144.2432949543
124360,1.38165283203125,2144.4610266685486
124370,1.38165283203125,2144.6399898529053
124380,1.381683349609375,2144.9144158363342
124390,1.3817138671875,2145.0647706985474
124400,1.3817138671875,2145.272151708603
124410,1.3817291259765625,2145.411942720413
124420,1.381744384765625,2145.562028646469
124430,1.3817596435546875,2145.721310853958
124440,1.38177490234375,2145.87722492218
124450,1.38177490234375,2146.0295758247375
124460,1.38177490234375,2146.16162776947
124470,1.3818206787109375,2146.329954624176
124480,1.3818206787109375,2146.5313947200775
124490,1.3818206787109375,2146.6777436733246
124500,1.3818511962890625,2146.840481042862
124510,1.3818511962890625,2147.0392649173737
124520,1.3819122314453125,2147.2155838012695
124530,1.381927490234375,2147.378045797348
124540,1.381927490234375,2147.5477769374847
124550,1.381927490234375,2147.6879999637604
124560,1.3819732666015625,2147.814321756363
124570,1.3819732666015625,2147.989539861679
124580,1.3819732666015625,2148.1304466724396
124590,1.381988525390625,2148.280243873596
124600,1.3820037841796875,2148.431506872177
124610,1.38201904296875,2148.5663747787476
124620,1.3820343017578125,2148.753728866577
124630,1.3820648193359375,2148.926289796829
124640,1.3820648193359375,2149.1132259368896
124650,1.382080078125,2149.277012825012
124660,1.3820953369140625,2149.438193798065
124670,1.3820953369140625,2149.615037918091
124680,1.3821258544921875,2149.769633769989
124690,1.3821258544921875,2149.9490938186646
124700,1.3821258544921875,2150.089404821396
124710,1.38214111328125,2150.2632117271423
124720,1.38214111328125,2150.438127756119
124730,1.38214111328125,2150.5943298339844
124740,1.382171630859375,2150.752998828888
124750,1.3822021484375,2150.882670879364
124760,1.3822021484375,2151.0449826717377
124770,1.3822021484375,2151.196866750717
124780,1.382232666015625,2151.361031770706
124790,1.3822479248046875,2151.622505903244
124800,1.3822479248046875,2151.7942678928375
124810,1.3822784423828125,2151.9899446964264
124820,1.382293701171875,2152.2180275917053
124830,1.382293701171875,2152.3678307533264
124840,1.38232421875,2152.5338287353516
124850,1.3823394775390625,2152.759758710861
124860,1.3823699951171875,2152.92546582222
124870,1.3824005126953125,2153.0593378543854
124880,1.3824005126953125,2153.198175907135
124890,1.3824005126953125,2153.4152698516846
124900,1.3824310302734375,2153.6332528591156
124910,1.3824310302734375,2153.794364929199
124920,1.3824462890625,2153.9288108348846
124930,1.382476806640625,2154.0749328136444
124940,1.382476806640625,2154.2079277038574
124950,1.38250732421875,2154.359450817108
124960,1.3825225830078125,2154.550479888916
124970,1.3825225830078125,2154.7733356952667
124980,1.3825531005859375,2155.0197718143463
124990,1.382598876953125,2155.1501247882843
125000,1.382598876953125,2155.3088068962097
125010,1.382598876953125,2155.4622299671173
125020,1.3826446533203125,2155.6290957927704
125030,1.3826446533203125,2155.830706834793
125040,1.382659912109375,2155.9936378002167
125050,1.3826904296875,2156.1397807598114
125060,1.3826904296875,2156.30118393898
125070,1.3827056884765625,2156.488621711731
125080,1.382720947265625,2156.633183002472
125090,1.3827362060546875,2156.8378517627716
125100,1.3827667236328125,2157.019870996475
125110,1.3827972412109375,2157.218807697296
125120,1.3827972412109375,2157.409215927124
125130,1.3827972412109375,2157.5529568195343
125140,1.3828277587890625,2157.7852869033813
125150,1.382843017578125,2157.9573409557343
125160,1.382843017578125,2158.1384057998657
125170,1.382843017578125,2158.2962906360626
125180,1.3828582763671875,2158.4404616355896
125190,1.38287353515625,2158.609820842743
125200,1.38287353515625,2158.8816137313843
125210,1.3828887939453125,2159.0572867393494
125220,1.3828887939453125,2159.201159954071
125230,1.3829193115234375,2159.3569388389587
125240,1.3829498291015625,2159.531774997711
125250,1.3829803466796875,2159.781824827194
125260,1.3830108642578125,2160.0093019008636
125270,1.3830108642578125,2160.2048859596252
125280,1.3830108642578125,2160.4278647899628
125290,1.3830413818359375,2160.589455842972
125300,1.3830413818359375,2160.736886024475
125310,1.383056640625,2160.8859157562256
125320,1.383087158203125,2161.06489777565
125330,1.3831024169921875,2161.1911039352417
125340,1.38311767578125,2161.324798822403
125350,1.383148193359375,2161.459515810013
125360,1.3831634521484375,2161.665594816208
125370,1.3831634521484375,2161.8084077835083
125380,1.3831787109375,2161.996110677719
125390,1.3831787109375,2162.15584897995
125400,1.3832244873046875,2162.360319852829
125410,1.38323974609375,2162.5069918632507
125420,1.38323974609375,2162.6998977661133
125430,1.38323974609375,2162.864875793457
125440,1.3832855224609375,2163.058577775955
125450,1.3832855224609375,2163.185737848282
125460,1.38330078125,2163.319497823715
125470,1.3833465576171875,2163.51079082489
125480,1.38336181640625,2163.6669788360596
125490,1.3833770751953125,2163.8242008686066
125500,1.383392333984375,2164.0300867557526
125510,1.3834075927734375,2164.169247865677
125520,1.3834381103515625,2164.3682878017426
125530,1.3834381103515625,2164.532901763916
125540,1.3834686279296875,2164.790102005005
125550,1.3834686279296875,2164.948464870453
125560,1.38348388671875,2165.1184027194977
125570,1.383514404296875,2165.2520809173584
125580,1.383514404296875,2165.416272878647
125590,1.3835296630859375,2165.576440811157
125600,1.3835601806640625,2165.761935710907
125610,1.383575439453125,2165.908346891403
125620,1.383575439453125,2166.0922796726227
125630,1.3835906982421875,2166.277881860733
125640,1.38360595703125,2166.4252088069916
125650,1.3836212158203125,2166.5896067619324
125660,1.383636474609375,2166.7493979930878
125670,1.383636474609375,2166.99271774292
125680,1.3836517333984375,2167.2157537937164
125690,1.3836517333984375,2167.3963537216187
125700,1.3836669921875,2167.54602599144
125710,1.3836669921875,2167.693361759186
125720,1.3837127685546875,2167.8587419986725
125730,1.3837127685546875,2168.0283267498016
125740,1.38372802734375,2168.2095749378204
125750,1.383758544921875,2168.356193780899
125760,1.3837738037109375,2168.4846227169037
125770,1.3837738037109375,2168.654706954956
125780,1.3838043212890625,2168.817680835724
125790,1.3838043212890625,2169.0434238910675
125800,1.3838043212890625,2169.224617958069
125810,1.38385009765625,2169.376855611801
125820,1.38385009765625,2169.52730178833
125830,1.3838653564453125,2169.706440925598
125840,1.383880615234375,2169.9155819416046
125850,1.3838958740234375,2170.0890707969666
125860,1.3838958740234375,2170.2965507507324
125870,1.3839263916015625,2170.4570529460907
125880,1.3839263916015625,2170.6255416870117
125890,1.3839263916015625,2170.770188808441
125900,1.38397216796875,2170.913732767105
125910,1.3839874267578125,2171.0908358097076
125920,1.3839874267578125,2171.2305538654327
125930,1.384002685546875,2171.435797929764
125940,1.3840179443359375,2171.6018147468567
125950,1.384033203125,2171.836017847061
125960,1.384063720703125,2171.9696338176727
125970,1.3840789794921875,2172.1338889598846
125980,1.3840789794921875,2172.2785017490387
125990,1.3841094970703125,2172.4216587543488
126000,1.3841094970703125,2172.6000168323517
126010,1.3841094970703125,2172.7545688152313
126020,1.3841552734375,2172.905404806137
126030,1.3841705322265625,2173.0513837337494
126040,1.3841705322265625,2173.219060897827
126050,1.384185791015625,2173.3936297893524
126060,1.384185791015625,2173.5152938365936
126070,1.38421630859375,2173.7206857204437
126080,1.384246826171875,2173.8837847709656
126090,1.384246826171875,2174.0485529899597
126100,1.384246826171875,2174.20539188385
126110,1.384307861328125,2174.373443841934
126120,1.384307861328125,2174.5421707630157
126130,1.384307861328125,2174.6796338558197
126140,1.38433837890625,2174.8045678138733
126150,1.3843536376953125,2174.9406888484955
126160,1.3843536376953125,2175.1026997566223
126170,1.3843536376953125,2175.246332883835
126180,1.3845672607421875,2175.4293949604034
126190,1.3845977783203125,2175.5720539093018
126200,1.384613037109375,2175.6910128593445
126210,1.384613037109375,2175.816829919815
126220,1.3846282958984375,2175.999545812607
126230,1.3846588134765625,2176.1913118362427
126240,1.384674072265625,2176.3645148277283
126250,1.384674072265625,2176.5061519145966
126260,1.3846893310546875,2176.647621870041
126270,1.38470458984375,2176.7704026699066
126280,1.3847198486328125,2176.9668078422546
126290,1.3847198486328125,2177.1069037914276
126300,1.3847198486328125,2177.359223842621
126310,1.384735107421875,2177.5286707878113
126320,1.384796142578125,2177.6650717258453
126330,1.384796142578125,2177.8976078033447
126340,1.384796142578125,2178.056576013565
126350,1.3848114013671875,2178.20600771904
126360,1.38482666015625,2178.3474128246307
126370,1.3848419189453125,2178.523615837097
126380,1.3848419189453125,2178.7352838516235
126390,1.384857177734375,2178.8912777900696
126400,1.3848724365234375,2179.067437648773
126410,1.3848876953125,2179.223926782608
126420,1.3849029541015625,2179.3888120651245
126430,1.3849029541015625,2179.532894849777
126440,1.3849334716796875,2179.712921857834
126450,1.3849639892578125,2179.8559098243713
126460,1.3849639892578125,2179.9935767650604
126470,1.3849639892578125,2180.173757791519
126480,1.3849945068359375,2180.3207898139954
126490,1.385009765625,2180.5440666675568
126500,1.385009765625,2180.7081968784332
126510,1.3850250244140625,2180.860746860504
126520,1.3850555419921875,2181.061218738556
126530,1.3850555419921875,2181.2427797317505
126540,1.3850860595703125,2181.43478679657
126550,1.385101318359375,2181.6560168266296
126560,1.3851165771484375,2181.8444578647614
126570,1.3851318359375,2181.9798998832703
126580,1.3851318359375,2182.21865773201
126590,1.385162353515625,2182.3637619018555
126600,1.38519287109375,2182.5545966625214
126610,1.38519287109375,2182.7308559417725
126620,1.385223388671875,2182.947089910507
126630,1.3852386474609375,2183.115989923477
126640,1.38525390625,2183.265217781067
126650,1.3863677978515625,2183.4173398017883
126660,1.3863983154296875,2183.5800318717957
126670,1.3863983154296875,2183.7351977825165
126680,1.3863983154296875,2183.9180517196655
126690,1.38641357421875,2184.0696499347687
126700,1.3864288330078125,2184.239325761795
126710,1.3864288330078125,2184.386878967285
126720,1.386444091796875,2184.5416147708893
126730,1.3864593505859375,2184.687644958496
126740,1.386474609375,2184.8279678821564
126750,1.386505126953125,2185.053258895874
126760,1.386505126953125,2185.2250146865845
126770,1.38653564453125,2185.369386911392
126780,1.3865509033203125,2185.5189929008484
126790,1.3865509033203125,2185.694965839386
126800,1.386566162109375,2185.8535618782043
126810,1.3865966796875,2185.996188879013
126820,1.3866119384765625,2186.1658539772034
126830,1.386627197265625,2186.312362909317
126840,1.3866424560546875,2186.504004716873
126850,1.38665771484375,2186.640118598938
126860,1.38665771484375,2186.7896766662598
126870,1.386688232421875,2186.937655687332
126880,1.386688232421875,2187.0875849723816
126890,1.386688232421875,2187.2132799625397
126900,1.3867340087890625,2187.429118871689
126910,1.386749267578125,2187.573289871216
126920,1.3867645263671875,2187.7601647377014
126930,1.38677978515625,2187.9289820194244
126940,1.386810302734375,2188.0851719379425
126950,1.386810302734375,2188.2600100040436
126960,1.3868255615234375,2188.5011236667633
126970,1.3868255615234375,2188.6922528743744
126980,1.386871337890625,2188.9152777194977
126990,1.3868865966796875,2189.0670127868652
127000,1.3868865966796875,2189.217804670334
127010,1.38690185546875,2189.3669970035553
127020,1.3869476318359375,2189.5269498825073
127030,1.3869476318359375,2189.661796808243
127040,1.386962890625,2189.8333356380463
127050,1.386993408203125,2189.9743008613586
127060,1.386993408203125,2190.1438930034637
127070,1.3870086669921875,2190.299920797348
127080,1.38702392578125,2190.463521003723
127090,1.38702392578125,2190.657913684845
127100,1.387054443359375,2190.8289589881897
127110,1.3870697021484375,2191.110403776169
127120,1.3870697021484375,2191.2484879493713
127130,1.3870697021484375,2191.4105608463287
127140,1.3871307373046875,2191.5775916576385
127150,1.3871307373046875,2191.813554763794
127160,1.3871307373046875,2191.9731986522675
127170,1.38714599609375,2192.1461057662964
127180,1.387176513671875,2192.303286790848
127190,1.387176513671875,2192.5281257629395
127200,1.3871917724609375,2192.722668647766
127210,1.38720703125,2192.8643457889557
127220,1.3872222900390625,2193.0145180225372
127230,1.387237548828125,2193.230365753174
127240,1.387237548828125,2193.4166898727417
127250,1.3872528076171875,2193.6001279354095
127260,1.3872833251953125,2193.7374546527863
127270,1.3885040283203125,2193.9098448753357
127280,1.3885040283203125,2194.0748019218445
127290,1.3885650634765625,2194.2602796554565
127300,1.3885650634765625,2194.528792858124
127310,1.388580322265625,2194.675543785095
127320,1.38861083984375,2194.814135789871
127330,1.38861083984375,2194.9948029518127
127340,1.38861083984375,2195.1575767993927
127350,1.388641357421875,2195.3007369041443
127360,1.388641357421875,2195.455484867096
127370,1.3886566162109375,2195.592804670334
127380,1.388671875,2195.7395927906036
127390,1.3886871337890625,2195.9125938415527
127400,1.388702392578125,2196.076161623001
127410,1.3887481689453125,2196.241847753525
127420,1.3887481689453125,2196.4665427207947
127430,1.388763427734375,2196.6848678588867
127440,1.3887939453125,2196.8570806980133
127450,1.3887939453125,2197.047942876816
127460,1.3888092041015625,2197.2069928646088
127470,1.388824462890625,2197.405148744583
127480,1.3888397216796875,2197.579564809799
127490,1.38885498046875,2197.7520887851715
127500,1.3888702392578125,2197.885529756546
127510,1.3888702392578125,2198.1193447113037
127520,1.3889007568359375,2198.2403128147125
127530,1.3889312744140625,2198.3847160339355
127540,1.3889312744140625,2198.568167924881
127550,1.388946533203125,2198.783358812332
127560,1.3889923095703125,2199.0347208976746
127570,1.3889923095703125,2199.1777069568634
127580,1.3889923095703125,2199.3323419094086
127590,1.389007568359375,2199.502952814102
127600,1.3890380859375,2199.6398227214813
127610,1.3890380859375,2199.8527529239655
127620,1.3890533447265625,2200.0135838985443
127630,1.3890533447265625,2200.2127697467804
127640,1.3890533447265625,2200.45512676239
127650,1.38909912109375,2200.603168964386
127660,1.3891143798828125,2200.7864656448364
127670,1.3891143798828125,2200.9298408031464
127680,1.3891143798828125,2201.101681947708
127690,1.3891448974609375,2201.291806936264
127700,1.3891448974609375,2201.480039834976
127710,1.3891448974609375,2201.6414647102356
127720,1.3891448974609375,2201.8618507385254
127730,1.3891754150390625,2202.0309166908264
127740,1.389190673828125,2202.2328867912292
127750,1.389190673828125,2202.4048969745636
127760,1.3892059326171875,2202.569664955139
127770,1.3892059326171875,2202.7272498607635
127780,1.3892364501953125,2202.87784075737
127790,1.3892669677734375,2203.0367538928986
127800,1.3892822265625,2203.2050607204437
127810,1.3892974853515625,2203.3599088191986
127820,1.3893280029296875,2203.484039783478
127830,1.38934326171875,2203.65770983696
127840,1.389373779296875,2203.787423849106
127850,1.389373779296875,2203.948145866394
127860,1.389373779296875,2204.0891399383545
127870,1.389404296875,2204.266856908798
127880,1.389404296875,2204.4239978790283
127890,1.3894195556640625,2204.5776739120483
127900,1.3894500732421875,2204.775737762451
127910,1.3894500732421875,2204.946789741516
127920,1.3894805908203125,2205.104028940201
127930,1.389495849609375,2205.26135969162
127940,1.389495849609375,2205.4120287895203
127950,1.3895263671875,2205.5750489234924
127960,1.3895416259765625,2205.724504709244
127970,1.3895416259765625,2205.8660237789154
127980,1.389556884765625,2206.0061087608337
127990,1.38958740234375,2206.1564128398895
128000,1.38958740234375,2206.3010897636414
128010,1.3896026611328125,2206.4859850406647
128020,1.3896331787109375,2206.6486537456512
128030,1.3896484375,2206.784167766571
128040,1.389678955078125,2207.035313844681
128050,1.3896942138671875,2207.1647317409515
128060,1.38970947265625,2207.318788766861
128070,1.38970947265625,2207.4643528461456
128080,1.389739990234375,2207.649391889572
128090,1.389739990234375,2207.8234906196594
128100,1.3897552490234375,2207.9556398391724
128110,1.3897705078125,2208.1880147457123
128120,1.3897705078125,2208.362592935562
128130,1.3897857666015625,2208.4977400302887
128140,1.38983154296875,2208.7435948848724
128150,1.38983154296875,2208.910961866379
128160,1.3898468017578125,2209.14715385437
128170,1.3898468017578125,2209.3573796749115
128180,1.389862060546875,2209.539093017578
128190,1.389862060546875,2209.686122894287
128200,1.389862060546875,2209.8277888298035
128210,1.389892578125,2209.971774816513
128220,1.389892578125,2210.1159439086914
128230,1.3899078369140625,2210.2944917678833
128240,1.3899078369140625,2210.496640920639
128250,1.389923095703125,2210.716840982437
128260,1.3899688720703125,2210.865651845932
128270,1.3899688720703125,2211.0589287281036
128280,1.3899688720703125,2211.225987672806
128290,1.3900146484375,2211.376877784729
128300,1.3900146484375,2211.5392220020294
128310,1.3900299072265625,2211.6957478523254
128320,1.3900604248046875,2211.932506799698
128330,1.39007568359375,2212.1282098293304
128340,1.3900909423828125,2212.2723319530487
128350,1.390106201171875,2212.4257736206055
128360,1.3901214599609375,2212.585233926773
128370,1.3901214599609375,2212.7272248268127
128380,1.390167236328125,2212.875720977783
128390,1.390167236328125,2213.0312838554382
128400,1.3901824951171875,2213.1777777671814
128410,1.39019775390625,2213.3657019138336
128420,1.390228271484375,2213.532901763916
128430,1.390228271484375,2213.676792860031
128440,1.3902587890625,2213.864197731018
128450,1.3902740478515625,2214.019204854965
128460,1.3902740478515625,2214.1669538021088
128470,1.3903045654296875,2214.306872844696
128480,1.3903045654296875,2214.45015501976
128490,1.39031982421875,2214.592613697052
128500,1.3903350830078125,2214.735039949417
128510,1.3903656005859375,2214.9400329589844
128520,1.3903656005859375,2215.085688829422
128530,1.3903961181640625,2215.3003227710724
128540,1.3903961181640625,2215.452155828476
128550,1.3904266357421875,2215.5950338840485
128560,1.39044189453125,2215.7922978401184
128570,1.3904571533203125,2215.9689877033234
128580,1.3904571533203125,2216.1412699222565
128590,1.3904876708984375,2216.283472776413
128600,1.3905029296875,2216.4289407730103
128610,1.3905181884765625,2216.6377017498016
128620,1.3905181884765625,2216.819982767105
128630,1.3905487060546875,2217.0402867794037
128640,1.39056396484375,2217.2229828834534
128650,1.39056396484375,2217.3864347934723
128660,1.390594482421875,2217.549256801605
128670,1.390594482421875,2217.7279517650604
128680,1.390625,2217.9187536239624
128690,1.390625,2218.04056763649
128700,1.3906402587890625,2218.207943916321
128710,1.390655517578125,2218.3784897327423
128720,1.3906707763671875,2218.524718761444
128730,1.3906707763671875,2218.698843717575
128740,1.3906707763671875,2218.8557119369507
128750,1.390716552734375,2219.059449672699
128760,1.3907318115234375,2219.1868438720703
128770,1.3907318115234375,2219.3528287410736
128780,1.3907623291015625,2219.484676837921
128790,1.3907623291015625,2219.6181666851044
128800,1.390777587890625,2219.803645849228
128810,1.3907928466796875,2219.9666018486023
128820,1.3908233642578125,2220.1079087257385
128830,1.3908843994140625,2220.3215508461
128840,1.3909149169921875,2220.4398188591003
128850,1.3909149169921875,2220.613369703293
128860,1.39093017578125,2220.8017716407776
128870,1.3909912109375,2220.9885399341583
128880,1.3909912109375,2221.18732380867
128890,1.3909912109375,2221.4305357933044
128900,1.391021728515625,2221.616289615631
128910,1.391021728515625,2221.800342798233
128920,1.391021728515625,2221.9339468479156
128930,1.3910675048828125,2222.066206932068
128940,1.3910675048828125,2222.188700914383
128950,1.3910675048828125,2222.3605427742004
128960,1.391082763671875,2222.5909898281097
128970,1.391082763671875,2222.7767498493195
128980,1.39111328125,2222.9254348278046
128990,1.391143798828125,2223.0721468925476
129000,1.391143798828125,2223.227285861969
129010,1.39117431640625,2223.42364692688
129020,1.3911895751953125,2223.5966408252716
129030,1.3912200927734375,2223.7569987773895
129040,1.3912200927734375,2223.89759683609
129050,1.3912506103515625,2224.091229915619
129060,1.3912506103515625,2224.312293767929
129070,1.3912811279296875,2224.467660665512
129080,1.39129638671875,2224.6336209774017
129090,1.3913116455078125,2224.8010828495026
129100,1.391326904296875,2224.944205760956
129110,1.391357421875,2225.1084747314453
129120,1.391357421875,2225.2660846710205
129130,1.3913726806640625,2225.442991733551
129140,1.3914031982421875,2225.568904876709
129150,1.39141845703125,2225.769146680832
129160,1.39141845703125,2225.972393989563
129170,1.391448974609375,2226.1251797676086
129180,1.3914642333984375,2226.2924489974976
129190,1.3914794921875,2226.46377491951
129200,1.3914794921875,2226.6146807670593
129210,1.3914794921875,2226.874065876007
129220,1.3914947509765625,2226.9982719421387
129230,1.3915252685546875,2227.1271607875824
129240,1.3915252685546875,2227.2823009490967
129250,1.3915252685546875,2227.4681537151337
129260,1.391571044921875,2227.6318638324738
129270,1.391571044921875,2227.801540851593
129280,1.391571044921875,2227.9424209594727
129290,1.3915863037109375,2228.1030128002167
129300,1.3916015625,2228.2572028636932
129310,1.3916473388671875,2228.3907787799835
129320,1.39166259765625,2228.5541298389435
129330,1.391693115234375,2228.6874828338623
129340,1.3917236328125,2228.8596177101135
129350,1.391754150390625,2229.0312917232513
129360,1.3917694091796875,2229.16534280777
129370,1.3917694091796875,2229.37855386734
129380,1.3917999267578125,2229.6034276485443
129390,1.3917999267578125,2229.786325931549
129400,1.391815185546875,2230.014679670334
129410,1.3918304443359375,2230.173586845398
129420,1.391845703125,2230.347553730011
129430,1.3918609619140625,2230.5228428840637
129440,1.391876220703125,2230.687545776367
129450,1.391876220703125,2230.8649027347565
129460,1.3918914794921875,2231.0472757816315
129470,1.3919219970703125,2231.218991756439
129480,1.391937255859375,2231.462137699127
129490,1.3919677734375,2231.6478748321533
129500,1.3919830322265625,2231.8307967185974
129510,1.3919830322265625,2231.968683719635
129520,1.391998291015625,2232.121841907501
129530,1.3920440673828125,2232.2697627544403
129540,1.3920440673828125,2232.449108839035
129550,1.392059326171875,2232.627185821533
129560,1.3920745849609375,2232.7771639823914
129570,1.3920745849609375,2232.926442861557
129580,1.3921051025390625,2233.0931787490845
129590,1.392120361328125,2233.242330789566
129600,1.3921661376953125,2233.387722015381
129610,1.3921661376953125,2233.5861077308655
129620,1.392181396484375,2233.742043733597
129630,1.392181396484375,2233.894934654236
129640,1.392181396484375,2234.0908086299896
129650,1.3922119140625,2234.235541820526
129660,1.3922271728515625,2234.395255804062
129670,1.392242431640625,2234.5521988868713
129680,1.392242431640625,2234.6961777210236
129690,1.3922576904296875,2234.9002187252045
129700,1.3922576904296875,2235.1069848537445
129710,1.3922882080078125,2235.2873158454895
129720,1.392303466796875,2235.437698841095
129730,1.392303466796875,2235.6582577228546
129740,1.392333984375,2235.7894158363342
129750,1.3923492431640625,2235.944927930832
129760,1.3923492431640625,2236.1156969070435
129770,1.3923492431640625,2236.254269838333
129780,1.3923797607421875,2236.461911678314
129790,1.39239501953125,2236.649177789688
129800,1.3924102783203125,2236.837985754013
129810,1.3924102783203125,2236.987854719162
129820,1.392425537109375,2237.1324207782745
129830,1.3924407958984375,2237.2619967460632
129840,1.392486572265625,2237.4073827266693
129850,1.3925018310546875,2237.589111804962
129860,1.39251708984375,2237.7357199192047
129870,1.39251708984375,2237.8798928260803
129880,1.3925323486328125,2238.0644488334656
129890,1.392547607421875,2238.277578830719
129900,1.3925628662109375,2238.460802793503
129910,1.392578125,2238.608593940735
129920,1.392578125,2238.7290377616882
129930,1.392608642578125,2238.954838037491
129940,1.392608642578125,2239.092572927475
129950,1.3926239013671875,2239.2552218437195
129960,1.3926544189453125,2239.4767370224
129970,1.392669677734375,2239.6403217315674
129980,1.392669677734375,2239.7963638305664
129990,1.3927001953125,2239.942621946335
130000,1.3927001953125,2240.1022248268127
130010,1.3927001953125,2240.265482902527
130020,1.3927459716796875,2240.4004917144775
130030,1.39276123046875,2240.610765695572
130040,1.39276123046875,2240.7667756080627
130050,1.392791748046875,2240.954260826111
130060,1.3928070068359375,2241.209989786148
130070,1.3928070068359375,2241.3374168872833
130080,1.392852783203125,2241.627944946289
130090,1.3928680419921875,2241.7793538570404
130100,1.3928680419921875,2241.9674787521362
130110,1.3928985595703125,2242.133610010147
130120,1.392913818359375,2242.3085358142853
130130,1.392913818359375,2242.496559858322
130140,1.3929443359375,2242.6541969776154
130150,1.3929443359375,2242.840827703476
130160,1.3929443359375,2243.063722848892
130170,1.392974853515625,2243.2252328395844
130180,1.392974853515625,2243.3946397304535
130190,1.3929901123046875,2243.546957731247
130200,1.39300537109375,2243.8119637966156
130210,1.39300537109375,2243.9735429286957
130220,1.3930206298828125,2244.171791791916
130230,1.3930511474609375,2244.319240808487
130240,1.39306640625,2244.495719909668
130250,1.39306640625,2244.6472907066345
130260,1.3930816650390625,2244.7766196727753
130270,1.3930816650390625,2244.9476058483124
130280,1.3931121826171875,2245.077927827835
130290,1.39312744140625,2245.266378879547
130300,1.39312744140625,2245.512045621872
130310,1.39312744140625,2245.6792497634888
130320,1.3931732177734375,2245.82412481308
130330,1.3932037353515625,2245.991857767105
130340,1.3932037353515625,2246.1913797855377
130350,1.393218994140625,2246.33696103096
130360,1.3932342529296875,2246.4721899032593
130370,1.39324951171875,2246.6236667633057
130380,1.3932647705078125,2246.776227712631
130390,1.393280029296875,2246.946431875229
130400,1.393280029296875,2247.0979058742523
130410,1.3932952880859375,2247.2567369937897
130420,1.393310546875,2247.426600933075
130430,1.3933258056640625,2247.569449901581
130440,1.393341064453125,2247.733420610428
130450,1.39337158203125,2247.8704347610474
130460,1.3933868408203125,2247.998966693878
130470,1.393402099609375,2248.1294536590576
130480,1.393402099609375,2248.3023879528046
130490,1.3934173583984375,2248.4648218154907
130500,1.3934478759765625,2248.611274957657
130510,1.3934478759765625,2248.7560687065125
130520,1.3934478759765625,2248.904902935028
130530,1.39349365234375,2249.055573940277
130540,1.3935089111328125,2249.263283967972
130550,1.393524169921875,2249.46249294281
130560,1.3935546875,2249.651197910309
130570,1.3935699462890625,2249.8197197914124
130580,1.3936004638671875,2249.9977147579193
130590,1.39361572265625,2250.1810796260834
130600,1.3936309814453125,2250.3640439510345
130610,1.3936309814453125,2250.5129227638245
130620,1.3936614990234375,2250.6695218086243
130630,1.3936767578125,2250.8744189739227
130640,1.3936767578125,2251.0924067497253
130650,1.3936920166015625,2251.259964942932
130660,1.393707275390625,2251.4030997753143
130670,1.3937225341796875,2251.587768793106
130680,1.3937225341796875,2251.770582675934
130690,1.3937225341796875,2251.905375957489
130700,1.39373779296875,2252.0326159000397
130710,1.393768310546875,2252.147800683975
130720,1.393768310546875,2252.3071558475494
130730,1.393768310546875,2252.473244905472
130740,1.3938140869140625,2252.7998127937317
130750,1.3938140869140625,2252.977731704712
130760,1.3938140869140625,2253.097026824951
130770,1.3938446044921875,2253.2831149101257
130780,1.3938446044921875,2253.4593737125397
130790,1.39385986328125,2253.6167447566986
130800,1.39385986328125,2253.773761034012
130810,1.393890380859375,2253.9299857616425
130820,1.3939208984375,2254.098951816559
130830,1.3939361572265625,2254.255103826523
130840,1.393951416015625,2254.4125509262085
130850,1.3939666748046875,2254.585811853409
130860,1.39398193359375,2254.7362718582153
130870,1.394012451171875,2254.8902728557587
130880,1.394012451171875,2255.084140777588
130890,1.39404296875,2255.31480884552
130900,1.39404296875,2255.53924369812
130910,1.3940582275390625,2255.747488975525
130920,1.394073486328125,2255.942132949829
130930,1.3940887451171875,2256.08372092247
130940,1.39410400390625,2256.2682008743286
130950,1.3941192626953125,2256.422038793564
130960,1.394134521484375,2256.5969626903534
130970,1.394134521484375,2256.7552247047424
130980,1.3941650390625,2256.957017660141
130990,1.3941650390625,2257.1250908374786
131000,1.3941802978515625,2257.291004896164
131010,1.394195556640625,2257.610077857971
131020,1.39422607421875,2257.783430814743
131030,1.394256591796875,2257.943694829941
131040,1.3437957763671875,2258.1376147270203
131050,1.3438262939453125,2258.308893918991
131060,1.343841552734375,2258.5170528888702
131070,1.3438568115234375,2258.701982975006
131080,1.3438873291015625,2258.8604378700256
131090,1.3438873291015625,2259.024885892868
131100,1.343902587890625,2259.1776988506317
131110,1.3439483642578125,2259.3309667110443
131120,1.3439483642578125,2259.5623548030853
131130,1.3439483642578125,2259.713764667511
131140,1.343963623046875,2259.8756396770477
131150,1.343994140625,2260.034675836563
131160,1.343994140625,2260.177137851715
131170,1.3440093994140625,2260.322840690613
131180,1.3440399169921875,2260.4791979789734
131190,1.34405517578125,2260.63818860054
131200,1.34405517578125,2260.8399238586426
131210,1.34405517578125,2261.0034008026123
131220,1.3440704345703125,2261.2160708904266
131230,1.3441162109375,2261.403345823288
131240,1.3441162109375,2261.600353717804
131250,1.3441162109375,2261.703925848007
131260,1.3441619873046875,2261.860158920288
131270,1.3441619873046875,2262.0293378829956
131280,1.3441619873046875,2262.220133781433
131290,1.34417724609375,2262.3907227516174
131300,1.344207763671875,2262.54376077652
131310,1.3442230224609375,2262.7372019290924
131320,1.34423828125,2262.8906869888306
131330,1.344268798828125,2263.068891763687
131340,1.344268798828125,2263.2075028419495
131350,1.34429931640625,2263.3600759506226
131360,1.34429931640625,2263.619262933731
131370,1.3443145751953125,2263.7658348083496
131380,1.344329833984375,2263.9897170066833
131390,1.3443450927734375,2264.1847779750824
131400,1.3443603515625,2264.33691072464
131410,1.344390869140625,2264.5744457244873
131420,1.3444061279296875,2264.8371336460114
131430,1.34442138671875,2264.9766347408295
131440,1.344451904296875,2265.1736347675323
131450,1.344451904296875,2265.329025030136
131460,1.344451904296875,2265.495982646942
131470,1.344482421875,2265.6473186016083
131480,1.3444976806640625,2265.844918012619
131490,1.3444976806640625,2266.01989197731
131500,1.3445281982421875,2266.1593627929688
131510,1.3445281982421875,2266.321571826935
131520,1.34454345703125,2266.439555644989
131530,1.344573974609375,2266.60427069664
131540,1.3446044921875,2266.7797179222107
131550,1.3446197509765625,2266.93888092041
131560,1.3446502685546875,2267.0922367572784
131570,1.3446502685546875,2267.2243247032166
131580,1.34466552734375,2267.395700931549
131590,1.3446807861328125,2267.589448928833
131600,1.344696044921875,2267.8089158535004
131610,1.344696044921875,2267.968151807785
131620,1.3447265625,2268.1281929016113
131630,1.3447265625,2268.2616078853607
131640,1.3447418212890625,2268.442637681961
131650,1.3447723388671875,2268.6437339782715
131660,1.34478759765625,2268.835129737854
131670,1.34478759765625,2269.005622625351
131680,1.34478759765625,2269.1852416992188
131690,1.3448028564453125,2269.337632894516
131700,1.344818115234375,2269.5120618343353
131710,1.3448333740234375,2269.6672677993774
131720,1.3448486328125,2269.8649418354034
131730,1.3448486328125,2270.0224146842957
131740,1.344879150390625,2270.139135837555
131750,1.344879150390625,2270.353845834732
131760,1.3448944091796875,2270.5354278087616
131770,1.34490966796875,2270.7102818489075
131780,1.3449249267578125,2270.8690156936646
131790,1.3449554443359375,2271.016885995865
131800,1.344970703125,2271.1709277629852
131810,1.345001220703125,2271.36340880394
131820,1.345001220703125,2271.547497987747
131830,1.3450469970703125,2271.8050787448883
131840,1.3450469970703125,2271.984701871872
131850,1.3450469970703125,2272.130336999893
131860,1.3450775146484375,2272.359406709671
131870,1.3450775146484375,2272.53320980072
131880,1.3450927734375,2272.6925666332245
131890,1.3451080322265625,2272.829260826111
131900,1.345123291015625,2273.0050718784332
131910,1.34515380859375,2273.1637058258057
131920,1.3451690673828125,2273.314110994339
131930,1.3451690673828125,2273.5034487247467
131940,1.345184326171875,2273.7302029132843
131950,1.345184326171875,2273.8718378543854
131960,1.3452301025390625,2274.006281852722
131970,1.3452301025390625,2274.173087835312
131980,1.345245361328125,2274.3521678447723
131990,1.34527587890625,2274.501400709152
132000,1.34527587890625,2274.676258802414
132010,1.34527587890625,2274.8442187309265
132020,1.345306396484375,2274.986611843109
132030,1.3453369140625,2275.178587913513
132040,1.3453521728515625,2275.396423816681
132050,1.3453826904296875,2275.662500858307
132060,1.3453826904296875,2275.801100730896
132070,1.3453826904296875,2275.943033695221
132080,1.34539794921875,2276.0936210155487
132090,1.345428466796875,2276.288932800293
132100,1.345428466796875,2276.4991297721863
132110,1.3454437255859375,2276.688841819763
132120,1.3454437255859375,2276.871805906296
132130,1.345489501953125,2277.0605907440186
132140,1.3455047607421875,2277.23690700531
132150,1.34552001953125,2277.3975937366486
132160,1.34552001953125,2277.5226349830627
132170,1.345550537109375,2277.711592912674
132180,1.3455657958984375,2277.903872013092
132190,1.3455657958984375,2278.072560787201
132200,1.3455657958984375,2278.2298958301544
132210,1.3455810546875,2278.4610249996185
132220,1.3455963134765625,2278.596757888794
132230,1.3455963134765625,2278.7494218349457
132240,1.3455963134765625,2278.9230687618256
132250,1.3456268310546875,2279.099812746048
132260,1.34564208984375,2279.2417788505554
132270,1.3456573486328125,2279.43297791481
132280,1.345703125,2279.592962741852
132290,1.345733642578125,2279.766938686371
132300,1.345733642578125,2279.9196417331696
132310,1.345733642578125,2280.091223716736
132320,1.34576416015625,2280.3333649635315
132330,1.3457794189453125,2280.4774117469788
132340,1.345794677734375,2280.6275157928467
132350,1.3458251953125,2280.7820286750793
132360,1.3458251953125,2280.94176363945
132370,1.3458251953125,2281.1201317310333
132380,1.345855712890625,2281.2828018665314
132390,1.34588623046875,2281.439384698868
132400,1.34588623046875,2281.5924649238586
132410,1.3459014892578125,2281.8091509342194
132420,1.345916748046875,2281.9625658988953
132430,1.3459320068359375,2282.1263167858124
132440,1.345947265625,2282.2959728240967
132450,1.345947265625,2282.465701818466
132460,1.3459625244140625,2282.624502658844
132470,1.3459930419921875,2282.8549587726593
132480,1.3459930419921875,2283.0575907230377
132490,1.3459930419921875,2283.213190793991
132500,1.3460235595703125,2283.417345046997
132510,1.346038818359375,2283.5612149238586
132520,1.3460540771484375,2283.7302408218384
132530,1.346099853515625,2283.9437968730927
132540,1.346099853515625,2284.0965728759766
132550,1.3461151123046875,2284.2524280548096
132560,1.3461456298828125,2284.4826056957245
132570,1.3461456298828125,2284.696699857712
132580,1.346160888671875,2284.858681678772
132590,1.3461761474609375,2285.035153865814
132600,1.34619140625,2285.219737768173
132610,1.34619140625,2285.357113838196
132620,1.346221923828125,2285.514884710312
132630,1.3462371826171875,2285.7249908447266
132640,1.34625244140625,2285.8460009098053
132650,1.3462982177734375,2286.04799079895
132660,1.3462982177734375,2286.257179737091
132670,1.3462982177734375,2286.406328678131
132680,1.3463134765625,2286.6169826984406
132690,1.3463287353515625,2286.775307893753
132700,1.3463287353515625,2286.958829641342
132710,1.3463287353515625,2287.1178936958313
132720,1.346343994140625,2287.288724899292
132730,1.3463592529296875,2287.4368467330933
132740,1.34637451171875,2287.5900909900665
132750,1.34637451171875,2287.7212347984314
132760,1.346405029296875,2287.8901088237762
132770,1.3464202880859375,2288.066239833832
132780,1.3464202880859375,2288.250369787216
132790,1.3464508056640625,2288.409768819809
132800,1.346466064453125,2288.5943937301636
132810,1.346466064453125,2288.7382168769836
132820,1.346466064453125,2288.909760951996
132830,1.346527099609375,2289.111364841461
132840,1.346527099609375,2289.287957906723
132850,1.346527099609375,2289.476760864258
132860,1.3465576171875,2289.6559369564056
132870,1.3465728759765625,2289.8519988059998
132880,1.3466033935546875,2290.0484097003937
132890,1.3466339111328125,2290.1811168193817
132900,1.3466644287109375,2290.398220062256
132910,1.3466644287109375,2290.642921924591
132920,1.3466796875,2290.805302619934
132930,1.3466949462890625,2291.0170607566833
132940,1.346710205078125,2291.1802418231964
132950,1.3467254638671875,2291.3172137737274
132960,1.3467254638671875,2291.469810962677
132970,1.34674072265625,2291.6205356121063
132980,1.3467559814453125,2291.80756688118
132990,1.3467864990234375,2291.968247652054
133000,1.3467864990234375,2292.1308495998383
133010,1.3468170166015625,2292.3131487369537
133020,1.3468170166015625,2292.4550478458405
133030,1.3468475341796875,2292.6168508529663
133040,1.3468780517578125,2292.7975659370422
133050,1.3468780517578125,2292.9502367973328
133060,1.3468780517578125,2293.0782747268677
133070,1.3469085693359375,2293.198162794113
133080,1.3469085693359375,2293.337831735611
133090,1.346923828125,2293.465134859085
133100,1.3469390869140625,2293.606841802597
133110,1.346954345703125,2293.7573676109314
133120,1.34698486328125,2293.971811771393
133130,1.3470306396484375,2294.138911962509
133140,1.3470458984375,2294.2900927066803
133150,1.3470611572265625,2294.4380066394806
133160,1.347076416015625,2294.605973958969
133170,1.3470916748046875,2294.7536640167236
133180,1.34710693359375,2294.9490706920624
133190,1.34710693359375,2295.099310874939
133200,1.34710693359375,2295.3207108974457
133210,1.34710693359375,2295.484846830368
133220,1.3471221923828125,2295.656849861145
133230,1.347137451171875,2295.80996465683
133240,1.3471527099609375,2295.977681875229
133250,1.3471527099609375,2296.1050906181335
133260,1.347198486328125,2296.2430238723755
133270,1.347198486328125,2296.428629875183
133280,1.3472137451171875,2296.553023815155
133290,1.34722900390625,2296.726636648178
133300,1.3472442626953125,2296.9852159023285
133310,1.347259521484375,2297.156168937683
133320,1.3472747802734375,2297.3222777843475
133330,1.3472900390625,2297.561414718628
133340,1.3473052978515625,2297.7726469039917
133350,1.3473358154296875,2297.888290643692
133360,1.3473663330078125,2298.0254106521606
133370,1.3473663330078125,2298.1657049655914
133380,1.3473968505859375,2298.315764904022
133390,1.3473968505859375,2298.463455915451
133400,1.347412109375,2298.649185657501
133410,1.347442626953125,2298.7901487350464
133420,1.347442626953125,2298.9524857997894
133430,1.3474578857421875,2299.108435869217
133440,1.3474884033203125,2299.273517847061
133450,1.347503662109375,2299.4279477596283
133460,1.347503662109375,2299.6514217853546
133470,1.3475189208984375,2299.806783914566
133480,1.3475341796875,2299.939612865448
133490,1.347564697265625,2300.146829843521
133500,1.3475799560546875,2300.297038793564
133510,1.3475799560546875,2300.4544167518616
133520,1.3475799560546875,2300.6054377555847
133530,1.3476104736328125,2300.788661956787
133540,1.3476409912109375,2300.942144870758
133550,1.3476409912109375,2301.0882465839386
133560,1.34765625,2301.28529381752
133570,1.3476715087890625,2301.4490768909454
133580,1.347686767578125,2301.5815658569336
133590,1.34771728515625,2301.747228860855
133600,1.34771728515625,2301.9248876571655
133610,1.3477630615234375,2302.236665725708
133620,1.3477783203125,2302.395120859146
133630,1.3477935791015625,2302.5382537841797
133640,1.3477935791015625,2302.7557578086853
133650,1.347808837890625,2302.9280898571014
133660,1.34783935546875,2303.139705657959
133670,1.347869873046875,2303.318473815918
133680,1.3478851318359375,2303.5299746990204
133690,1.347900390625,2303.6912908554077
133700,1.347900390625,2303.854649782181
133710,1.347900390625,2304.07314991951
133720,1.3479156494140625,2304.267623901367
133730,1.347930908203125,2304.426877975464
133740,1.3479461669921875,2304.56862282753
133750,1.3479461669921875,2304.7400629520416
133760,1.34796142578125,2304.8986859321594
133770,1.347991943359375,2305.107079744339
133780,1.347991943359375,2305.2885386943817
133790,1.347991943359375,2305.4359908103943
133800,1.3480072021484375,2305.617415904999
133810,1.3480377197265625,2305.7766938209534
133820,1.3480377197265625,2305.945076942444
133830,1.34808349609375,2306.122990846634
133840,1.34808349609375,2306.266919851303
133850,1.3480987548828125,2306.4304089546204
133860,1.348114013671875,2306.606384754181
133870,1.3481292724609375,2306.7659237384796
133880,1.3481292724609375,2306.9349467754364
133890,1.3481597900390625,2307.091868877411
133900,1.3481597900390625,2307.3107237815857
133910,1.348175048828125,2307.4665417671204
133920,1.34820556640625,2307.639007806778
133930,1.34820556640625,2307.805910587311
133940,1.34820556640625,2307.952125787735
133950,1.3482208251953125,2308.2152478694916
133960,1.3482513427734375,2308.394326686859
133970,1.3482666015625,2308.5657148361206
133980,1.348297119140625,2308.695791721344
133990,1.348297119140625,2308.8806409835815
134000,1.3483123779296875,2309.052712917328
134010,1.3483428955078125,2309.310559988022
134020,1.3483428955078125,2309.4686217308044
134030,1.3483428955078125,2309.6554577350616
134040,1.3483734130859375,2309.8176987171173
134050,1.3484039306640625,2309.960411787033
134060,1.3484039306640625,2310.1908769607544
134070,1.348419189453125,2310.376608848572
134080,1.348419189453125,2310.547355890274
134090,1.3484649658203125,2310.692804813385
134100,1.348480224609375,2310.807345867157
134110,1.348480224609375,2310.969144821167
134120,1.3484954833984375,2311.109598875046
134130,1.3485260009765625,2311.276888847351
134140,1.3485260009765625,2311.441836833954
134150,1.3485260009765625,2311.5714778900146
134160,1.348541259765625,2311.725525856018
134170,1.3485870361328125,2312.021316766739
134180,1.3485870361328125,2312.174281835556
134190,1.3485870361328125,2312.3735558986664
134200,1.348602294921875,2312.509605884552
134210,1.3486175537109375,2312.7339327335358
134220,1.3486175537109375,2312.8963117599487
134230,1.3486480712890625,2313.0734646320343
134240,1.3486480712890625,2313.189260005951
134250,1.348663330078125,2313.3362367153168
134260,1.3486785888671875,2313.5087218284607
134270,1.34869384765625,2313.7219886779785
134280,1.34869384765625,2313.881121635437
134290,1.3487091064453125,2314.033950805664
134300,1.3487396240234375,2314.3034057617188
134310,1.3487396240234375,2314.4894778728485
134320,1.3487548828125,2314.631344795227
134330,1.348785400390625,2314.7665889263153
134340,1.34881591796875,2314.941013813019
134350,1.3488311767578125,2315.0841946601868
134360,1.3488311767578125,2315.2570407390594
134370,1.3488616943359375,2315.4364297389984
134380,1.3488616943359375,2315.6262447834015
134390,1.348876953125,2315.7936198711395
134400,1.3488922119140625,2316.037360906601
134410,1.3489227294921875,2316.2689106464386
134420,1.3489227294921875,2316.405859708786
134430,1.3489532470703125,2316.5379326343536
134440,1.3489837646484375,2316.6741449832916
134450,1.3489990234375,2316.8570778369904
134460,1.3489990234375,2317.011697769165
134470,1.349029541015625,2317.247867822647
134480,1.3490447998046875,2317.400161743164
134490,1.3490447998046875,2317.5686807632446
134500,1.34906005859375,2317.7266018390656
134510,1.349090576171875,2317.857496738434
134520,1.349090576171875,2318.0182127952576
134530,1.3491058349609375,2318.1309218406677
134540,1.34912109375,2318.2855217456818
134550,1.3491363525390625,2318.4772357940674
134560,1.34918212890625,2318.6400027275085
134570,1.34918212890625,2318.7966508865356
134580,1.3491973876953125,2318.935083627701
134590,1.3492431640625,2319.0818178653717
134600,1.3492431640625,2319.2869408130646
134610,1.3492431640625,2319.5229229927063
134620,1.3492584228515625,2319.7444999217987
134630,1.3492584228515625,2319.892889738083
134640,1.34930419921875,2320.0641479492188
134650,1.3493194580078125,2320.1863458156586
134660,1.3493194580078125,2320.312297821045
134670,1.3493194580078125,2320.4668378829956
134680,1.3493499755859375,2320.6582939624786
134690,1.349365234375,2320.8485238552094
134700,1.349395751953125,2321.0678417682648
134710,1.349395751953125,2321.29590177536
134720,1.34942626953125,2321.4514780044556
134730,1.34942626953125,2321.607136964798
134740,1.3494415283203125,2321.7674837112427
134750,1.3494415283203125,2321.9358987808228
134760,1.349456787109375,2322.096799850464
134770,1.3494873046875,2322.2452018260956
134780,1.3494873046875,2322.420266866684
134790,1.3494873046875,2322.7502658367157
134800,1.349517822265625,2322.9605197906494
134810,1.3495330810546875,2323.15354180336
134820,1.34954833984375,2323.3173587322235
134830,1.349578857421875,2323.462236881256
134840,1.3495941162109375,2323.589963912964
134850,1.3496246337890625,2323.807728767395
134860,1.349639892578125,2324.04306268692
134870,1.349639892578125,2324.187252998352
134880,1.3496551513671875,2324.3608038425446
134890,1.34967041015625,2324.5117156505585
134900,1.34967041015625,2324.765133857727
134910,1.3496856689453125,2324.983167886734
134920,1.349700927734375,2325.166497707367
134930,1.3497161865234375,2325.3152887821198
134940,1.3497314453125,2325.476497888565
134950,1.3497467041015625,2325.6229586601257
134960,1.3497772216796875,2325.762893676758
134970,1.3497772216796875,2325.938753604889
134980,1.3497772216796875,2326.1283917427063
134990,1.3498077392578125,2326.465572834015
135000,1.349822998046875,2326.613810777664
135010,1.349822998046875,2326.7725908756256
135020,1.3498382568359375,2326.918310880661
135030,1.349853515625,2327.1537506580353
135040,1.349884033203125,2327.2936749458313
135050,1.3498992919921875,2327.4582216739655
135060,1.34991455078125,2327.594652891159
135070,1.3499298095703125,2327.832288980484
135080,1.3499603271484375,2328.0198106765747
135090,1.3499603271484375,2328.1611478328705
135100,1.3499603271484375,2328.3216257095337
135110,1.3499908447265625,2328.4671969413757
135120,1.350006103515625,2328.6068909168243
135130,1.350006103515625,2328.822747707367
135140,1.3500213623046875,2328.9579088687897
135150,1.3500213623046875,2329.087503671646
135160,1.3500518798828125,2329.269459962845
135170,1.3500823974609375,2329.549374818802
135180,1.3500823974609375,2329.719249725342
135190,1.35009765625,2329.8957068920135
135200,1.35009765625,2330.046561717987
135210,1.3501129150390625,2330.2427446842194
135220,1.3501129150390625,2330.3976109027863
135230,1.350128173828125,2330.5767817497253
135240,1.3501434326171875,2330.7824919223785
135250,1.35015869140625,2330.9114487171173
135260,1.3501739501953125,2331.0366818904877
135270,1.3501739501953125,2331.1810398101807
135280,1.350189208984375,2331.3241028785706
135290,1.3502197265625,2331.5163106918335
135300,1.350250244140625,2331.672223806381
135310,1.350250244140625,2331.807989835739
135320,1.3502655029296875,2331.934953927994
135330,1.3503265380859375,2332.100862979889
135340,1.3503265380859375,2332.341267824173
135350,1.350341796875,2332.5039978027344
135360,1.350372314453125,2332.6636369228363
135370,1.350372314453125,2332.8731927871704
135380,1.3503875732421875,2333.069765806198
135390,1.3503875732421875,2333.2858657836914
135400,1.35040283203125,2333.4479076862335
135410,1.350433349609375,2333.5953018665314
135420,1.350433349609375,2333.711716890335
135430,1.3504638671875,2333.8721306324005
135440,1.3504791259765625,2334.06294298172
135450,1.350494384765625,2334.2216136455536
135460,1.350494384765625,2334.374383687973
135470,1.35052490234375,2334.5377128124237
135480,1.3505401611328125,2334.7633526325226
135490,1.3505706787109375,2334.930861711502
135500,1.3505859375,2335.1310398578644
135510,1.3505859375,2335.3046588897705
135520,1.3505859375,2335.4637439250946
135530,1.3506317138671875,2335.676825761795
135540,1.3506622314453125,2335.8610796928406
135550,1.350677490234375,2336.0232367515564
135560,1.3506927490234375,2336.2173676490784
135570,1.3507080078125,2336.3417468070984
135580,1.3507232666015625,2336.49422287941
135590,1.350738525390625,2336.6453187465668
135600,1.350738525390625,2336.824350833893
135610,1.35076904296875,2336.9776906967163
135620,1.3507843017578125,2337.1319217681885
135630,1.350799560546875,2337.34152674675
135640,1.3508148193359375,2337.538296699524
135650,1.3508453369140625,2337.682951927185
135660,1.3508453369140625,2337.830296754837
135670,1.350860595703125,2337.9834537506104
135680,1.3508758544921875,2338.1224558353424
135690,1.3508758544921875,2338.372274875641
135700,1.35089111328125,2338.5899028778076
135710,1.3509063720703125,2338.736701965332
135720,1.350921630859375,2338.8823597431183
135730,1.350921630859375,2339.029893875122
135740,1.3509368896484375,2339.1686618328094
135750,1.3509674072265625,2339.386323928833
135760,1.3509674072265625,2339.566759824753
135770,1.350982666015625,2339.7380187511444
135780,1.350982666015625,2339.884094953537
135790,1.3510284423828125,2340.040958881378
135800,1.351043701171875,2340.1834785938263
135810,1.351043701171875,2340.355865716934
135820,1.3510589599609375,2340.49334192276
135830,1.35107421875,2340.635109901428
135840,1.351104736328125,2340.7814416885376
135850,1.351104736328125,2340.957671880722
135860,1.3511199951171875,2341.157241821289
135870,1.3511505126953125,2341.351817846298
135880,1.3511505126953125,2341.5101687908173
135890,1.351165771484375,2341.6502556800842
135900,1.351165771484375,2341.797421693802
135910,1.3511962890625,2342.016760826111
135920,1.351226806640625,2342.163662672043
135930,1.351226806640625,2342.346573829651
135940,1.3512420654296875,2342.5092737674713
135950,1.35125732421875,2342.732966899872
135960,1.3512725830078125,2342.8853878974915
135970,1.3512725830078125,2343.0227608680725
135980,1.3513031005859375,2343.1699216365814
135990,1.3513031005859375,2343.312599658966
136000,1.3513031005859375,2343.457610845566
136010,1.3513336181640625,2343.58549785614
136020,1.3513336181640625,2343.7344539165497
136030,1.3513641357421875,2343.888120651245
136040,1.3513946533203125,2344.0873086452484
136050,1.351409912109375,2344.2963938713074
136060,1.3514251708984375,2344.4957418441772
136070,1.3514556884765625,2344.7103657722473
136080,1.3514556884765625,2344.880201816559
136090,1.351470947265625,2345.024674654007
136100,1.35150146484375,2345.184148788452
136110,1.35150146484375,2345.3617947101593
136120,1.35150146484375,2345.522794008255
136130,1.351531982421875,2345.7079038619995
136140,1.351531982421875,2345.855331659317
136150,1.3515472412109375,2346.002385854721
136160,1.3515777587890625,2346.1643347740173
136170,1.351593017578125,2346.326154947281
136180,1.351593017578125,2346.489075899124
136190,1.3516082763671875,2346.6173508167267
136200,1.35162353515625,2346.7569658756256
136210,1.35162353515625,2346.9299635887146
136220,1.351654052734375,2347.134043931961
136230,1.351654052734375,2347.2951276302338
136240,1.3516693115234375,2347.44091796875
136250,1.3516693115234375,2347.654402732849
136260,1.3516998291015625,2347.8167548179626
136270,1.351715087890625,2348.023172855377
136280,1.351715087890625,2348.1711926460266
136290,1.35174560546875,2348.343743801117
136300,1.3517608642578125,2348.495187997818
136310,1.3517608642578125,2348.617347717285
136320,1.351776123046875,2348.827229976654
136330,1.351776123046875,2348.9588029384613
136340,1.351837158203125,2349.149607896805
136350,1.3518524169921875,2349.294563770294
136360,1.3518524169921875,2349.412129640579
136370,1.3518524169921875,2349.603595972061
136380,1.35186767578125,2349.800588607788
136390,1.351898193359375,2349.9909949302673
136400,1.3519134521484375,2350.1422708034515
136410,1.3519287109375,2350.3196728229523
136420,1.3519439697265625,2350.489224910736
136430,1.351959228515625,2350.6648337841034
136440,1.3519744873046875,2350.7917807102203
136450,1.3519744873046875,2350.940265893936
136460,1.35198974609375,2351.1584808826447
136470,1.3520050048828125,2351.2883636951447
136480,1.352020263671875,2351.4406368732452
136490,1.352020263671875,2351.567934989929
136500,1.3520355224609375,2351.7117037773132
136510,1.35205078125,2351.850107908249
136520,1.352081298828125,2352.032790660858
136530,1.3520965576171875,2352.171741962433
136540,1.35211181640625,2352.3527767658234
136550,1.3521270751953125,2352.580612897873
136560,1.352142333984375,2352.823273897171
136570,1.3521575927734375,2353.0084478855133
136580,1.3521575927734375,2353.1582956314087
136590,1.3521881103515625,2353.302794933319
136600,1.3521881103515625,2353.4739079475403
136610,1.352203369140625,2353.6626949310303
136620,1.35223388671875,2353.847594976425
136630,1.35223388671875,2354.011727809906
136640,1.3522491455078125,2354.1500618457794
136650,1.3522796630859375,2354.300687789917
136660,1.352294921875,2354.4809789657593
136670,1.352294921875,2354.645004749298
136680,1.3523101806640625,2354.8422520160675
136690,1.352325439453125,2354.9938576221466
136700,1.3523406982421875,2355.138194799423
136710,1.3523406982421875,2355.302307844162
136720,1.3523406982421875,2355.570156812668
136730,1.35235595703125,2355.7257878780365
136740,1.3523712158203125,2355.8891026973724
136750,1.3523712158203125,2356.1321506500244
136760,1.352386474609375,2356.3008949756622
136770,1.3524322509765625,2356.4416320323944
136780,1.3524322509765625,2356.61256980896
136790,1.3524322509765625,2356.7904567718506
136800,1.352447509765625,2357.080404996872
136810,1.35247802734375,2357.2937557697296
136820,1.35247802734375,2357.433036804199
136830,1.3524932861328125,2357.5790038108826
136840,1.352508544921875,2357.8009028434753
136850,1.3525390625,2357.9541578292847
136860,1.3525543212890625,2358.1199157238007
136870,1.3525543212890625,2358.3151178359985
136880,1.3525543212890625,2358.4530827999115
136890,1.352630615234375,2358.643319606781
136900,1.352630615234375,2358.8234066963196
136910,1.352630615234375,2358.972182750702
136920,1.3526611328125,2359.1487078666687
136930,1.3526611328125,2359.3051238059998
136940,1.3526763916015625,2359.4650359153748
136950,1.3527069091796875,2359.6061398983
136960,1.3527069091796875,2359.755185842514
136970,1.35272216796875,2359.9128336906433
136980,1.352752685546875,2360.1342656612396
136990,1.3527679443359375,2360.281002998352
137000,1.352783203125,2360.443997859955
137010,1.352813720703125,2360.6405198574066
137020,1.352813720703125,2360.788812637329
137030,1.3528289794921875,2360.9341928958893
137040,1.352874755859375,2361.1222298145294
137050,1.352874755859375,2361.2671649456024
137060,1.352874755859375,2361.408124923706
137070,1.3529052734375,2361.5770978927612
137080,1.3529205322265625,2361.7254977226257
137090,1.3529205322265625,2361.8787088394165
137100,1.3529205322265625,2362.1297075748444
137110,1.35296630859375,2362.432418823242
137120,1.35296630859375,2362.606422662735
137130,1.3529815673828125,2362.7975397109985
137140,1.352996826171875,2362.942080974579
137150,1.35302734375,2363.082773923874
137160,1.35302734375,2363.3610208034515
137170,1.3530426025390625,2363.5125207901
137180,1.3530426025390625,2363.69953083992
137190,1.353057861328125,2363.8479878902435
137200,1.35308837890625,2363.9972517490387
137210,1.35308837890625,2364.197710752487
137220,1.353118896484375,2364.3355646133423
137230,1.353118896484375,2364.5203597545624
137240,1.3531341552734375,2364.684923887253
137250,1.3531494140625,2364.841906785965
137260,1.3531646728515625,2365.01194190979
137270,1.353179931640625,2365.2458267211914
137280,1.3531951904296875,2365.4717078208923
137290,1.3532257080078125,2365.6612207889557
137300,1.3532257080078125,2365.7979929447174
137310,1.3532257080078125,2365.977915763855
137320,1.3532562255859375,2366.1566157341003
137330,1.353271484375,2366.3111078739166
137340,1.3532867431640625,2366.4634227752686
137350,1.353302001953125,2366.6381318569183
137360,1.3533172607421875,2366.8080928325653
137370,1.3533477783203125,2367.1987738609314
137380,1.3533782958984375,2367.3653247356415
137390,1.3533782958984375,2367.5132927894592
137400,1.3534088134765625,2367.6721448898315
137410,1.353424072265625,2367.8559789657593
137420,1.353424072265625,2368.0204808712006
137430,1.353424072265625,2368.1553547382355
137440,1.35345458984375,2368.3150777816772
137450,1.3534698486328125,2368.546178817749
137460,1.3534698486328125,2368.708187818527
137470,1.3535003662109375,2368.874809741974
137480,1.3535003662109375,2369.0585877895355
137490,1.3535308837890625,2369.2099487781525
137500,1.35357666015625,2369.417430639267
137510,1.360321044921875,2369.631733894348
137520,1.360321044921875,2369.8010268211365
137530,1.3603515625,2370.0203557014465
137540,1.360382080078125,2370.1888539791107
137550,1.3603973388671875,2370.341165781021
137560,1.36041259765625,2370.494817018509
137570,1.36041259765625,2370.6756937503815
137580,1.360443115234375,2370.795917749405
137590,1.3604736328125,2370.953081846237
137600,1.3604736328125,2371.16015791893
137610,1.360504150390625,2371.3082377910614
137620,1.3605194091796875,2371.471335887909
137630,1.36053466796875,2371.6673967838287
137640,1.36053466796875,2371.8378438949585
137650,1.3605499267578125,2372.031062602997
137660,1.360565185546875,2372.203524827957
137670,1.360565185546875,2372.3387799263
137680,1.3606109619140625,2372.619328022003
137690,1.3606109619140625,2372.825816631317
137700,1.360626220703125,2373.05228972435
137710,1.3606414794921875,2373.2296907901764
137720,1.3606414794921875,2373.382348060608
137730,1.3606414794921875,2373.524951696396
137740,1.36065673828125,2373.6764447689056
137750,1.3606719970703125,2373.8458817005157
137760,1.360687255859375,2373.9861228466034
137770,1.3607025146484375,2374.1859028339386
137780,1.3607025146484375,2374.350847005844
137790,1.3607330322265625,2374.543630838394
137800,1.360748291015625,2374.732207775116
137810,1.360748291015625,2374.9024069309235
137820,1.360748291015625,2375.088761806488
137830,1.36077880859375,2375.2437586784363
137840,1.360809326171875,2375.4346129894257
137850,1.360809326171875,2375.596291780472
137860,1.3608551025390625,2375.737091779709
137870,1.3608551025390625,2375.9506459236145
137880,1.3608551025390625,2376.106964826584
137890,1.3608856201171875,2376.274799823761
137900,1.36090087890625,2376.4346675872803
137910,1.36090087890625,2376.590479850769
137920,1.360931396484375,2376.8098068237305
137930,1.360931396484375,2376.93932390213
137940,1.3609466552734375,2377.111355781555
137950,1.3609619140625,2377.2275598049164
137960,1.3609771728515625,2377.368612766266
137970,1.3609771728515625,2377.5482988357544
137980,1.36102294921875,2377.7141098976135
137990,1.36102294921875,2377.8624308109283
138000,1.3610382080078125,2378.0226407051086
138010,1.3610687255859375,2378.1658067703247
138020,1.361083984375,2378.3215458393097
138030,1.361083984375,2378.458340883255
138040,1.3610992431640625,2378.680116891861
138050,1.361114501953125,2378.9451298713684
138060,1.36114501953125,2379.083364725113
138070,1.3611602783203125,2379.2613577842712
138080,1.3611602783203125,2379.44868683815
138090,1.361175537109375,2379.6208069324493
138100,1.3612213134765625,2379.7822048664093
138110,1.3612213134765625,2379.947415828705
138120,1.3612213134765625,2380.0765347480774
138130,1.3612518310546875,2380.217443704605
138140,1.36126708984375,2380.35302400589
138150,1.36126708984375,2380.506447792053
138160,1.361297607421875,2380.7093408107758
138170,1.361297607421875,2380.894213914871
138180,1.3613128662109375,2381.0515677928925
138190,1.3613128662109375,2381.2185249328613
138200,1.3613433837890625,2381.394322872162
138210,1.3613433837890625,2381.5505459308624
138220,1.361358642578125,2381.6921598911285
138230,1.3613739013671875,2381.837991952896
138240,1.3614044189453125,2381.9781787395477
138250,1.3614044189453125,2382.1472759246826
138260,1.361419677734375,2382.3069009780884
138270,1.361419677734375,2382.458081007004
138280,1.3614501953125,2382.6469938755035
138290,1.3614654541015625,2382.7901639938354
138300,1.3614654541015625,2382.9717497825623
138310,1.361480712890625,2383.115646839142
138320,1.36151123046875,2383.258267879486
138330,1.36151123046875,2383.3969638347626
138340,1.3615264892578125,2383.563127756119
138350,1.361541748046875,2383.713429927826
138360,1.361572265625,2383.8743376731873
138370,1.361572265625,2384.0125648975372
138380,1.361602783203125,2384.158774614334
138390,1.361602783203125,2384.3496136665344
138400,1.36163330078125,2384.516425848007
138410,1.3616485595703125,2384.648272752762
138420,1.3616485595703125,2384.8402256965637
138430,1.3616485595703125,2385.1408698558807
138440,1.3616790771484375,2385.3241517543793
138450,1.361724853515625,2385.4830367565155
138460,1.3617401123046875,2385.616541862488
138470,1.36175537109375,2385.8052637577057
138480,1.3617706298828125,2385.9556727409363
138490,1.361785888671875,2386.1132838726044
138500,1.36181640625,2386.253931760788
138510,1.3618316650390625,2386.4373157024384
138520,1.3618316650390625,2386.609834909439
138530,1.361846923828125,2386.764091730118
138540,1.36187744140625,2386.981300830841
138550,1.3618927001953125,2387.1432309150696
138560,1.361907958984375,2387.3297216892242
138570,1.3619232177734375,2387.5248227119446
138580,1.3619384765625,2387.693568944931
138590,1.361968994140625,2387.9263837337494
138600,1.361968994140625,2388.0909419059753
138610,1.3619842529296875,2388.248289823532
138620,1.3620147705078125,2388.422549009323
138630,1.3620147705078125,2388.5786459445953
138640,1.362030029296875,2388.7758238315582
138650,1.3620452880859375,2388.9250707626343
138660,1.3620452880859375,2389.058280944824
138670,1.3620758056640625,2389.212704896927
138680,1.362091064453125,2389.3870437145233
138690,1.362091064453125,2389.536856651306
138700,1.362091064453125,2389.7472167015076
138710,1.3621063232421875,2389.9380507469177
138720,1.36212158203125,2390.1116948127747
138730,1.36212158203125,2390.2734847068787
138740,1.3621368408203125,2390.432118654251
138750,1.3621368408203125,2390.5864367485046
138760,1.3621673583984375,2390.745045900345
138770,1.3621826171875,2390.9083528518677
138780,1.3621826171875,2391.057938814163
138790,1.362213134765625,2391.2866508960724
138800,1.36224365234375,2391.447413921356
138810,1.3622589111328125,2391.6847836971283
138820,1.3622589111328125,2391.831328868866
138830,1.3622894287109375,2391.951183795929
138840,1.3623199462890625,2392.088693857193
138850,1.362335205078125,2392.293245792389
138860,1.36236572265625,2392.4952099323273
138870,1.36236572265625,2392.655839920044
138880,1.36236572265625,2392.8057107925415
138890,1.362396240234375,2392.9993097782135
138900,1.362396240234375,2393.184321641922
138910,1.362396240234375,2393.3590519428253
138920,1.3624267578125,2393.5178916454315
138930,1.3624420166015625,2393.6940727233887
138940,1.3624420166015625,2393.859477996826
138950,1.3624725341796875,2394.000802755356
138960,1.3625030517578125,2394.2059528827667
138970,1.3625030517578125,2394.4708700180054
138980,1.362518310546875,2394.614347934723
138990,1.362518310546875,2394.8214106559753
139000,1.3625335693359375,2395.04159784317
139010,1.3625640869140625,2395.236692905426
139020,1.3625640869140625,2395.441039800644
139030,1.3625640869140625,2395.6166746616364
139040,1.3625946044921875,2395.7661776542664
139050,1.36260986328125,2395.992460012436
139060,1.3626251220703125,2396.1599128246307
139070,1.3626556396484375,2396.3706958293915
139080,1.3626708984375,2396.533975839615
139090,1.3626861572265625,2396.7021868228912
139100,1.362701416015625,2396.924628973007
139110,1.3627166748046875,2397.0869419574738
139120,1.36273193359375,2397.2425017356873
139130,1.3627471923828125,2397.379690885544
139140,1.3627471923828125,2397.5360538959503
139150,1.3627777099609375,2397.660626888275
139160,1.36279296875,2397.800318956375
139170,1.36279296875,2397.9531326293945
139180,1.36279296875,2398.098052740097
139190,1.36279296875,2398.2562806606293
139200,1.3628387451171875,2398.439629793167
139210,1.3628387451171875,2398.571873664856
139220,1.3628387451171875,2398.7722256183624
139230,1.3628692626953125,2398.9130308628082
139240,1.362884521484375,2399.066258907318
139250,1.362884521484375,2399.2029168605804
139260,1.3628997802734375,2399.366315603256
139270,1.362945556640625,2399.533674955368
139280,1.362945556640625,2399.7334427833557
139290,1.3629608154296875,2399.9679119586945
139300,1.3629913330078125,2400.118072748184
139310,1.3629913330078125,2400.2765729427338
139320,1.3630218505859375,2400.460629940033
139330,1.363037109375,2400.6103608608246
139340,1.3630523681640625,2400.7397277355194
139350,1.363067626953125,2400.8973529338837
139360,1.363067626953125,2401.0513677597046
139370,1.3630828857421875,2401.2102127075195
139380,1.36309814453125,2401.3641097545624
139390,1.36309814453125,2401.500623703003
139400,1.363128662109375,2401.690763950348
139410,1.3631439208984375,2401.8573718070984
139420,1.3631591796875,2402.053669691086
139430,1.3631591796875,2402.213777780533
139440,1.3632354736328125,2402.3890297412872
139450,1.3632354736328125,2402.5287647247314
139460,1.3632354736328125,2402.7452437877655
139470,1.3632354736328125,2402.939769744873
139480,1.3632354736328125,2403.1282818317413
139490,1.3632659912109375,2403.2660176754
139500,1.3632965087890625,2403.4541549682617
139510,1.363311767578125,2403.624955892563
139520,1.3633270263671875,2403.794476747513
139530,1.3633575439453125,2403.9745259284973
139540,1.3633575439453125,2404.135995864868
139550,1.3633880615234375,2404.362749814987
139560,1.363433837890625,2404.5047476291656
139570,1.363433837890625,2404.7422568798065
139580,1.36346435546875,2404.9034140110016
139590,1.3634796142578125,2405.088285923004
139600,1.3634796142578125,2405.3028259277344
139610,1.3635101318359375,2405.4792137145996
139620,1.363525390625,2405.6357629299164
139630,1.363525390625,2405.814804792404
139640,1.363525390625,2405.9535999298096
139650,1.363555908203125,2406.123238801956
139660,1.3635711669921875,2406.2632908821106
139670,1.36358642578125,2406.436918735504
139680,1.3636016845703125,2406.662718772888
139690,1.3636016845703125,2406.810597896576
139700,1.3636322021484375,2406.997039794922
139710,1.3636322021484375,2407.172683954239
139720,1.3636322021484375,2407.336954832077
139730,1.3636474609375,2407.545270681381
139740,1.3636627197265625,2407.7309148311615
139750,1.3636932373046875,2407.9585568904877
139760,1.36370849609375,2408.1940569877625
139770,1.3637237548828125,2408.352953672409
139780,1.3637542724609375,2408.535265684128
139790,1.3637542724609375,2408.6660027503967
139800,1.3637847900390625,2408.8283126354218
139810,1.363800048828125,2408.981278896332
139820,1.363800048828125,2409.132717847824
139830,1.36383056640625,2409.259489774704
139840,1.3638458251953125,2409.5958569049835
139850,1.3638458251953125,2409.752424955368
139860,1.3638916015625,2409.9204139709473
139870,1.3638916015625,2410.085693836212
139880,1.3638916015625,2410.30898976326
139890,1.363922119140625,2410.4811956882477
139900,1.363922119140625,2410.765692949295
139910,1.363922119140625,2410.924377679825
139920,1.363983154296875,2411.0885848999023
139930,1.363983154296875,2411.3037769794464
139940,1.363983154296875,2411.4440557956696
139950,1.3639984130859375,2411.6075530052185
139960,1.364013671875,2411.761361837387
139970,1.3640289306640625,2411.9541158676147
139980,1.364044189453125,2412.081248998642
139990,1.364044189453125,2412.255853652954
140000,1.3640594482421875,2412.428687810898
140010,1.36407470703125,2412.6047098636627
140020,1.3640899658203125,2412.8339200019836
140030,1.364105224609375,2412.973644733429
140040,1.3641510009765625,2413.1547000408173
140050,1.364166259765625,2413.3552057743073
140060,1.3641815185546875,2413.496323823929
140070,1.36419677734375,2413.6854317188263
140080,1.3642120361328125,2413.833574771881
140090,1.364227294921875,2413.974932909012
140100,1.3642425537109375,2414.124883890152
140110,1.3642425537109375,2414.288177728653
140120,1.3642578125,2414.4545407295227
140130,1.364288330078125,2414.6233117580414
140140,1.364288330078125,2414.8360958099365
140150,1.364288330078125,2414.974693775177
140160,1.3643341064453125,2415.1660068035126
140170,1.364349365234375,2415.3262526988983
140180,1.3643798828125,2415.5093519687653
140190,1.3643951416015625,2415.66490483284
140200,1.3643951416015625,2415.8356187343597
140210,1.3643951416015625,2415.979927778244
140220,1.3643951416015625,2416.2281789779663
140230,1.3644256591796875,2416.375854730606
140240,1.3644256591796875,2416.5250129699707
140250,1.36444091796875,2416.69185090065
140260,1.36444091796875,2416.8104298114777
140270,1.3644561767578125,2416.9979898929596
140280,1.364501953125,2417.158623933792
140290,1.364501953125,2417.3343348503113
140300,1.3645172119140625,2417.4969527721405
140310,1.3645477294921875,2417.6733388900757
140320,1.3645477294921875,2417.900378704071
140330,1.3645477294921875,2418.0654468536377
140340,1.364593505859375,2418.2453949451447
140350,1.364593505859375,2418.3944268226624
140360,1.3646087646484375,2418.5590147972107
140370,1.3646240234375,2418.7130098342896
140380,1.3646392822265625,2418.852591753006
140390,1.3646392822265625,2419.018607854843
140400,1.3646697998046875,2419.170825958252
140410,1.3650054931640625,2419.3626449108124
140420,1.365020751953125,2419.5804607868195
140430,1.3650360107421875,2419.7535557746887
140440,1.36505126953125,2419.99889087677
140450,1.36505126953125,2420.163295984268
140460,1.365081787109375,2420.322027683258
140470,1.365081787109375,2420.5874779224396
140480,1.365081787109375,2420.7403519153595
140490,1.3651123046875,2420.9254038333893
140500,1.3651275634765625,2421.1209008693695
140510,1.3651275634765625,2421.3073449134827
140520,1.36517333984375,2421.4855308532715
140530,1.3651885986328125,2421.6280608177185
140540,1.365203857421875,2421.7632598876953
140550,1.3652496337890625,2421.912395954132
140560,1.3652496337890625,2422.05020904541
140570,1.365264892578125,2422.246099948883
140580,1.36529541015625,2422.407061815262
140590,1.36529541015625,2422.579211950302
140600,1.36529541015625,2422.7272896766663
140610,1.3653106689453125,2422.8872299194336
140620,1.365325927734375,2423.0837869644165
140630,1.3653411865234375,2423.289025783539
140640,1.3653564453125,2423.539431810379
140650,1.3653717041015625,2423.7360677719116
140660,1.3653717041015625,2423.873623609543
140670,1.3654022216796875,2424.0162229537964
140680,1.36541748046875,2424.156034708023
140690,1.36541748046875,2424.279441833496
140700,1.36541748046875,2424.4249699115753
140710,1.3654327392578125,2424.552115917206
140720,1.3654327392578125,2424.7277598381042
140730,1.3654632568359375,2424.8833227157593
140740,1.3654632568359375,2425.0531849861145
140750,1.3654937744140625,2425.266343832016
140760,1.3654937744140625,2425.3972837924957
140770,1.36553955078125,2425.579704761505
140780,1.36553955078125,2425.7306916713715
140790,1.36553955078125,2425.894467830658
140800,1.365570068359375,2426.0542097091675
140810,1.3655853271484375,2426.2023627758026
140820,1.3655853271484375,2426.3626368045807
140830,1.3656005859375,2426.616511821747
140840,1.365631103515625,2426.7454957962036
140850,1.3656463623046875,2426.9101548194885
140860,1.36566162109375,2427.083949804306
140870,1.36566162109375,2427.2856328487396
140880,1.3656768798828125,2427.4395866394043
140890,1.36572265625,2427.6110620498657
140900,1.36572265625,2427.747955799103
140910,1.36572265625,2427.9009368419647
140920,1.3657379150390625,2428.190502882004
140930,1.365753173828125,2428.329142808914
140940,1.3657684326171875,2428.4598059654236
140950,1.36578369140625,2428.6312968730927
140960,1.3657989501953125,2428.7715928554535
140970,1.3657989501953125,2429.0134179592133
140980,1.365814208984375,2429.1671788692474
140990,1.3658294677734375,2429.3081867694855
141000,1.3658447265625,2429.482970714569
141010,1.365875244140625,2429.630523920059
141020,1.3658905029296875,2429.790194749832
141030,1.36590576171875,2429.9576959609985
141040,1.3659210205078125,2430.0959649086
141050,1.365936279296875,2430.227122783661
141060,1.365966796875,2430.3705718517303
141070,1.3659820556640625,2430.5218827724457
141080,1.365997314453125,2430.676343679428
141090,1.365997314453125,2430.8339598178864
141100,1.36602783203125,2431.045989751816
141110,1.36602783203125,2431.215189933777
141120,1.36602783203125,2431.3996517658234
141130,1.3660736083984375,2431.534649848938
141140,1.3660888671875,2431.7310647964478
141150,1.3660888671875,2431.889933824539
141160,1.366119384765625,2432.0505180358887
141170,1.36614990234375,2432.2295298576355
141180,1.36614990234375,2432.4323477745056
141190,1.3661651611328125,2432.575880765915
141200,1.3661651611328125,2432.746213912964
141210,1.366180419921875,2432.8734090328217
141220,1.3661956787109375,2432.997493982315
141230,1.3661956787109375,2433.1612977981567
141240,1.3661956787109375,2433.3209908008575
141250,1.3662109375,2433.4870426654816
141260,1.366241455078125,2433.660059928894
141270,1.366241455078125,2433.8421018123627
141280,1.3662567138671875,2434.008598804474
141290,1.3662872314453125,2434.167385816574
141300,1.3662872314453125,2434.3890759944916
141310,1.3663177490234375,2434.5235528945923
141320,1.3663482666015625,2434.7091488838196
141330,1.366363525390625,2434.8838126659393
141340,1.36639404296875,2435.0557568073273
141350,1.36639404296875,2435.2260076999664
141360,1.36639404296875,2435.3700218200684
141370,1.3664398193359375,2435.569573879242
141380,1.366455078125,2435.853095769882
141390,1.366455078125,2435.999662876129
141400,1.3664703369140625,2436.1520466804504
141410,1.366485595703125,2436.3439948558807
141420,1.3665008544921875,2436.517947912216
141430,1.36651611328125,2436.6561827659607
141440,1.36651611328125,2436.846851825714
141450,1.3665313720703125,2437.059612751007
141460,1.3665618896484375,2437.2254667282104
141470,1.3665771484375,2437.3616127967834
141480,1.3665771484375,2437.5584399700165
141490,1.3666229248046875,2437.7027146816254
141500,1.3666534423828125,2437.998570919037
141510,1.3666534423828125,2438.167228937149
141520,1.366668701171875,2438.339857816696
141530,1.3666839599609375,2438.5330460071564
141540,1.36669921875,2438.7169687747955
141550,1.366729736328125,2438.8373188972473
141560,1.366729736328125,2438.9855947494507
141570,1.36676025390625,2439.157991886139
141580,1.3668060302734375,2439.296528816223
141590,1.3668060302734375,2439.46559882164
141600,1.3668060302734375,2439.6628727912903
141610,1.3668212890625,2439.829738855362
141620,1.3668670654296875,2439.9720888137817
141630,1.36688232421875,2440.1935338974
141640,1.3668975830078125,2440.4328639507294
141650,1.3668975830078125,2440.6038126945496
141660,1.3669281005859375,2440.797173976898
141670,1.366943359375,2440.9260699748993
141680,1.366943359375,2441.054899930954
141690,1.3669586181640625,2441.1704008579254
141700,1.3669586181640625,2441.3136258125305
141710,1.366973876953125,2441.459919691086
141720,1.366973876953125,2441.686002969742
141730,1.3669891357421875,2441.8565979003906
141740,1.36700439453125,2442.05988574028
141750,1.36700439453125,2442.232136964798
141760,1.367034912109375,2442.4449198246
141770,1.3670501708984375,2442.6662747859955
141780,1.3670654296875,2442.8095319271088
141790,1.3670806884765625,2442.9599187374115
141800,1.367095947265625,2443.0965209007263
141810,1.3671112060546875,2443.322232723236
141820,1.3671417236328125,2443.484909772873
141830,1.3671417236328125,2443.608644723892
141840,1.3671875,2443.8087327480316
141850,1.3672027587890625,2443.978163957596
141860,1.367218017578125,2444.1482577323914
141870,1.36724853515625,2444.2981548309326
141880,1.3672637939453125,2444.481538772583
141890,1.3672637939453125,2444.681778907776
141900,1.3672637939453125,2444.8558378219604
141910,1.3672943115234375,2445.0104529857635
141920,1.3673095703125,2445.163544654846
141930,1.3673095703125,2445.3080677986145
141940,1.3673095703125,2445.43181180954
141950,1.367340087890625,2445.580008983612
141960,1.3673553466796875,2445.7555248737335
141970,1.36737060546875,2445.952276945114
141980,1.3673858642578125,2446.1433289051056
141990,1.367401123046875,2446.293847799301
142000,1.367431640625,2446.433342933655
142010,1.367431640625,2446.597021818161
142020,1.367431640625,2446.748748779297
142030,1.367462158203125,2446.8991129398346
142040,1.36749267578125,2447.1324417591095
142050,1.3675384521484375,2447.2780969142914
142060,1.3675384521484375,2447.4496047496796
142070,1.3675537109375,2447.6265337467194
142080,1.367584228515625,2447.783745765686
142090,1.367584228515625,2447.962148666382
142100,1.36761474609375,2448.114287853241
142110,1.3676300048828125,2448.26913189888
142120,1.367645263671875,2448.483811855316
142130,1.36767578125,2448.622721672058
142140,1.36767578125,2448.822667837143
142150,1.36767578125,2449.0142838954926
142160,1.367706298828125,2449.1475927829742
142170,1.367706298828125,2449.3362367153168
142180,1.3677215576171875,2449.4796228408813
142190,1.36773681640625,2449.6249396800995
142200,1.3677520751953125,2449.7868888378143
142210,1.367767333984375,2449.988011598587
142220,1.367767333984375,2450.166371822357
142230,1.367767333984375,2450.3350489139557
142240,1.367767333984375,2450.5131578445435
142250,1.3677978515625,2450.6859707832336
142260,1.3677978515625,2450.8627898693085
142270,1.3678131103515625,2451.0866208076477
142280,1.367828369140625,2451.2735097408295
142290,1.3678436279296875,2451.4072167873383
142300,1.3678436279296875,2451.5683126449585
142310,1.3678741455078125,2451.7173807621
142320,1.3678741455078125,2451.912567615509
142330,1.367919921875,2452.083479642868
142340,1.367950439453125,2452.266180753708
142350,1.36798095703125,2452.416704893112
142360,1.3679962158203125,2452.547029018402
142370,1.368011474609375,2452.690904855728
142380,1.368011474609375,2452.8546228408813
142390,1.368011474609375,2453.036890745163
142400,1.3680572509765625,2453.2137157917023
142410,1.368072509765625,2453.487884044647
142420,1.368072509765625,2453.647612810135
142430,1.36810302734375,2453.7870976924896
142440,1.36810302734375,2453.9999697208405
142450,1.3681182861328125,2454.157628774643
142460,1.368133544921875,2454.35924077034
142470,1.3681488037109375,2454.5509057044983
142480,1.3681640625,2454.777983903885
142490,1.3681793212890625,2454.941125869751
142500,1.3681793212890625,2455.1705977916718
142510,1.3682098388671875,2455.351213693619
142520,1.36822509765625,2455.6044538021088
142530,1.36822509765625,2455.7593936920166
142540,1.3682403564453125,2455.9162907600403
142550,1.3682708740234375,2456.109227657318
142560,1.3683013916015625,2456.2863018512726
142570,1.3683013916015625,2456.4332387447357
142580,1.368316650390625,2456.6276087760925
142590,1.36834716796875,2456.774568796158
142600,1.3683624267578125,2457.0245566368103
142610,1.368377685546875,2457.184761762619
142620,1.3683929443359375,2457.3447349071503
142630,1.3683929443359375,2457.46448469162
142640,1.3684234619140625,2457.6113936901093
142650,1.3684234619140625,2457.8085238933563
142660,1.368438720703125,2457.951133966446
142670,1.3684539794921875,2458.1188039779663
142680,1.36846923828125,2458.250995874405
142690,1.36846923828125,2458.4123866558075
142700,1.3684844970703125,2458.57648897171
142710,1.3684844970703125,2458.730581998825
142720,1.3685150146484375,2458.8795766830444
142730,1.3685302734375,2459.016650915146
142740,1.3685302734375,2459.148819923401
142750,1.3685455322265625,2459.2785518169403
142760,1.3685760498046875,2459.441816806793
142770,1.3685760498046875,2459.659794807434
142780,1.3685760498046875,2459.799545764923
142790,1.36859130859375,2459.955224752426
142800,1.3686065673828125,2460.10054564476
142810,1.368621826171875,2460.2799298763275
142820,1.368621826171875,2460.4471628665924
142830,1.36865234375,2460.5900826454163
142840,1.3686981201171875,2460.766791820526
142850,1.3686981201171875,2460.9609768390656
142860,1.36871337890625,2461.157164812088
142870,1.3687286376953125,2461.34477186203
142880,1.368743896484375,2461.53284573555
142890,1.3687744140625,2461.7970995903015
142900,1.3687744140625,2461.9872477054596
142910,1.3687744140625,2462.1193096637726
142920,1.368804931640625,2462.355331659317
142930,1.3688201904296875,2462.6166956424713
142940,1.3688201904296875,2462.7695858478546
142950,1.36883544921875,2462.9454987049103
142960,1.368865966796875,2463.106258869171
142970,1.3688812255859375,2463.245053768158
142980,1.368896484375,2463.453033924103
142990,1.368896484375,2463.5979709625244
143000,1.3689117431640625,2463.7417080402374
143010,1.3689422607421875,2463.9858586788177
143020,1.3689422607421875,2464.1660208702087
143030,1.3689422607421875,2464.339459657669
143040,1.3689727783203125,2464.508069753647
143050,1.3690032958984375,2464.672666788101
143060,1.3690032958984375,2464.7982819080353
143070,1.3690185546875,2464.9655487537384
143080,1.3690338134765625,2465.104631662369
143090,1.369049072265625,2465.2398557662964
143100,1.36907958984375,2465.4759349823
143110,1.36907958984375,2465.625736951828
143120,1.36907958984375,2465.825423717499
143130,1.3691253662109375,2465.986739873886
143140,1.3691253662109375,2466.1336069107056
143150,1.3691253662109375,2466.2874808311462
143160,1.3691558837890625,2466.4616298675537
143170,1.3691558837890625,2466.606887817383
143180,1.369171142578125,2466.7685787677765
143190,1.3691864013671875,2466.9684159755707
143200,1.3691864013671875,2467.1276206970215
143210,1.36920166015625,2467.3341307640076
143220,1.369232177734375,2467.48873090744
143230,1.369232177734375,2467.645593881607
143240,1.369232177734375,2467.7995529174805
143250,1.3692779541015625,2467.9701318740845
143260,1.3692779541015625,2468.1247057914734
143270,1.369293212890625,2468.309674978256
143280,1.3693084716796875,2468.4701178073883
143290,1.3693084716796875,2468.6369547843933
143300,1.3693084716796875,2468.7878279685974
143310,1.36932373046875,2468.924421787262
143320,1.3693695068359375,2469.0765607357025
143330,1.369384765625,2469.2218658924103
143340,1.3694000244140625,2469.3719658851624
143350,1.3694305419921875,2469.532071828842
143360,1.36944580078125,2469.6602046489716
143370,1.3694915771484375,2469.8027868270874
143380,1.3694915771484375,2470.0211188793182
143390,1.3695068359375,2470.2178897857666
143400,1.369537353515625,2470.4000577926636
143410,1.369537353515625,2470.5347468852997
143420,1.369537353515625,2470.715751886368
143430,1.36956787109375,2470.8687019348145
143440,1.369598388671875,2471.062839746475
143450,1.369598388671875,2471.2243518829346
143460,1.3696136474609375,2471.3954858779907
143470,1.36962890625,2471.568182706833
143480,1.3954620361328125,2471.9609117507935
143490,1.395477294921875,2472.0782747268677
143500,1.395477294921875,2472.2700197696686
143510,1.3954925537109375,2472.42676281929
143520,1.395538330078125,2472.551595687866
143530,1.395538330078125,2472.720110654831
143540,1.395538330078125,2472.879898786545
143550,1.3955841064453125,2473.066298723221
143560,1.395599365234375,2473.2561976909637
143570,1.3956146240234375,2473.3816199302673
143580,1.3956451416015625,2473.538254737854
143590,1.3956451416015625,2473.750262737274
143600,1.395660400390625,2473.907158613205
143610,1.39569091796875,2474.0836458206177
143620,1.39569091796875,2474.2748568058014
143630,1.3957061767578125,2474.4393599033356
143640,1.3957366943359375,2474.5785059928894
143650,1.3957366943359375,2474.7593648433685
143660,1.395751953125,2474.969610929489
143670,1.395782470703125,2475.1102678775787
143680,1.3957977294921875,2475.2971827983856
143690,1.39581298828125,2475.457529783249
143700,1.3958282470703125,2475.606267929077
143710,1.3958282470703125,2475.7740757465363
143720,1.3958282470703125,2475.945681810379
143730,1.3958282470703125,2476.179818868637
143740,1.3958587646484375,2476.3600227832794
143750,1.3958587646484375,2476.5342090129852
143760,1.3958892822265625,2476.724617958069
143770,1.395904541015625,2476.9269759655
143780,1.3959197998046875,2477.159154891968
143790,1.3959197998046875,2477.356841802597
143800,1.3959503173828125,2477.4865097999573
143810,1.3959503173828125,2477.7383518218994
143820,1.395965576171875,2477.9074256420135
143830,1.3960113525390625,2478.073632955551
143840,1.3960113525390625,2478.2913398742676
143850,1.396026611328125,2478.4616148471832
143860,1.396087646484375,2478.627320766449
143870,1.396087646484375,2478.8744628429413
143880,1.396087646484375,2479.0530066490173
143890,1.3961029052734375,2479.1894047260284
143900,1.3961181640625,2479.337205886841
143910,1.3961334228515625,2479.482753753662
143920,1.396148681640625,2479.604475736618
143930,1.39617919921875,2479.815126657486
143940,1.39617919921875,2480.0110857486725
143950,1.3961944580078125,2480.234282016754
143960,1.396209716796875,2480.5373828411102
143970,1.396209716796875,2480.7253608703613
143980,1.396240234375,2480.861279964447
143990,1.396240234375,2481.0018198490143
144000,1.3962554931640625,2481.178359746933
144010,1.396270751953125,2481.322940826416
144020,1.396270751953125,2481.4879007339478
144030,1.39630126953125,2481.6830546855927
144040,1.3963165283203125,2481.80410861969
144050,1.3963470458984375,2481.941841840744
144060,1.3963470458984375,2482.0909156799316
144070,1.3963775634765625,2482.224697828293
144080,1.3964080810546875,2482.38206076622
144090,1.3964080810546875,2482.5100667476654
144100,1.3964385986328125,2482.6553478240967
144110,1.3964385986328125,2482.8091237545013
144120,1.3964691162109375,2482.9399087429047
144130,1.396484375,2483.074852705002
144140,1.3964996337890625,2483.228145837784
144150,1.396514892578125,2483.3706686496735
144160,1.3965301513671875,2483.508354663849
144170,1.39654541015625,2483.7281217575073
144180,1.39654541015625,2483.912479877472
144190,1.396575927734375,2484.0767738819122
144200,1.3965911865234375,2484.220734834671
144210,1.3965911865234375,2484.370782852173
144220,1.3966064453125,2484.510018825531
144230,1.3966217041015625,2484.782712697983
144240,1.3966217041015625,2485.031523704529
144250,1.3966522216796875,2485.273397922516
144260,1.3966522216796875,2485.4287967681885
144270,1.3966522216796875,2485.5846388339996
144280,1.39666748046875,2485.7713809013367
144290,1.3967132568359375,2485.9362046718597
144300,1.3967132568359375,2486.1083006858826
144310,1.396728515625,2486.2282676696777
144320,1.3967437744140625,2486.393815755844
144330,1.3967437744140625,2486.5478327274323
144340,1.396759033203125,2486.6932327747345
144350,1.39678955078125,2486.8675508499146
144360,1.3968048095703125,2487.0121388435364
144370,1.396820068359375,2487.27875995636
144380,1.396820068359375,2487.4738528728485
144390,1.3968505859375,2487.639821767807
144400,1.3968658447265625,2487.7904896736145
144410,1.396881103515625,2487.9517047405243
144420,1.3968963623046875,2488.142269849777
144430,1.39691162109375,2488.276010990143
144440,1.3969268798828125,2488.440865755081
144450,1.3969268798828125,2488.658125638962
144460,1.396942138671875,2488.848680973053
144470,1.3969573974609375,2489.037189722061
144480,1.39697265625,2489.2229087352753
144490,1.3969879150390625,2489.3907058238983
144500,1.3969879150390625,2489.6028139591217
144510,1.3969879150390625,2489.746914625168
144520,1.39703369140625,2489.9356060028076
144530,1.3970489501953125,2490.0877797603607
144540,1.3970489501953125,2490.27166390419
144550,1.3970947265625,2490.4937517642975
144560,1.397125244140625,2490.6387248039246
144570,1.3971405029296875,2490.769756793976
144580,1.39715576171875,2490.89949965477
144590,1.39715576171875,2491.048087835312
144600,1.3971710205078125,2491.2205147743225
144610,1.397186279296875,2491.3847799301147
144620,1.3972015380859375,2491.5395607948303
144630,1.397216796875,2491.6662468910217
144640,1.3972625732421875,2491.8128638267517
144650,1.3972625732421875,2491.9638946056366
144660,1.39727783203125,2492.117551803589
144670,1.3972930908203125,2492.2829217910767
144680,1.3972930908203125,2492.4345479011536
144690,1.3973236083984375,2492.64741563797
144700,1.3973236083984375,2492.7964396476746
144710,1.3973236083984375,2492.965410709381
144720,1.3973236083984375,2493.1146998405457
144730,1.3973388671875,2493.2716817855835
144740,1.3973541259765625,2493.407641887665
144750,1.3973541259765625,2493.5684678554535
144760,1.397369384765625,2493.7472336292267
144770,1.397369384765625,2493.89697265625
144780,1.3974151611328125,2494.048759698868
144790,1.3974151611328125,2494.177263736725
144800,1.397430419921875,2494.34264087677
144810,1.3976593017578125,2494.5959329605103
144820,1.397674560546875,2494.749299764633
144830,1.3976898193359375,2494.9067215919495
144840,1.3976898193359375,2495.1169197559357
144850,1.397705078125,2495.2403457164764
144860,1.3977508544921875,2495.417373895645
144870,1.3977508544921875,2495.6161568164825
144880,1.3977508544921875,2495.827780723572
144890,1.39776611328125,2496.0110709667206
144900,1.3978118896484375,2496.1793406009674
144910,1.3978118896484375,2496.3394129276276
144920,1.3978271484375,2496.5158410072327
144930,1.397857666015625,2496.6485528945923
144940,1.3978729248046875,2496.8247349262238
144950,1.39788818359375,2496.9695298671722
144960,1.39788818359375,2497.134382724762
144970,1.397918701171875,2497.270533800125
144980,1.3979339599609375,2497.4633038043976
144990,1.3979339599609375,2497.642963886261
145000,1.39794921875,2497.796809911728
145010,1.397979736328125,2497.9391338825226
145020,1.3979949951171875,2498.1036269664764
145030,1.39801025390625,2498.281716823578
145040,1.3980255126953125,2498.4736728668213
145050,1.3980560302734375,2498.679830789566
145060,1.3980712890625,2498.824928998947
145070,1.3980865478515625,2498.9941408634186
145080,1.3980865478515625,2499.167829990387
145090,1.398101806640625,2499.3145337104797
145100,1.3981170654296875,2499.4858968257904
145110,1.39813232421875,2499.6898107528687
145120,1.3981475830078125,2499.834958791733
145130,1.398162841796875,2500.0060799121857
145140,1.3982086181640625,2500.1499247550964
145150,1.398223876953125,2500.3016839027405
145160,1.3982391357421875,2500.438695907593
145170,1.3982391357421875,2500.648380756378
145180,1.3982391357421875,2500.777072906494
145190,1.3982696533203125,2500.921232700348
145200,1.398284912109375,2501.124990940094
145210,1.398284912109375,2501.318949699402
145220,1.398284912109375,2501.4883756637573
145230,1.3983001708984375,2501.6187217235565
145240,1.3983154296875,2501.789747953415
145250,1.3983154296875,2501.9299907684326
145260,1.3983154296875,2502.0841579437256
145270,1.398345947265625,2502.2063398361206
145280,1.3983612060546875,2502.417585849762
145290,1.39837646484375,2502.619627714157
145300,1.39837646484375,2502.7640466690063
145310,1.3983917236328125,2502.9025819301605
145320,1.398406982421875,2503.1320917606354
145330,1.3984222412109375,2503.279628753662
145340,1.3984375,2503.4823417663574
145350,1.398468017578125,2503.67044878006
145360,1.398468017578125,2503.8560428619385
145370,1.3984832763671875,2503.9903898239136
145380,1.39849853515625,2504.153259754181
145390,1.398529052734375,2504.2860617637634
145400,1.3985443115234375,2504.477174758911
145410,1.398590087890625,2504.6415598392487
145420,1.3986053466796875,2504.804531812668
145430,1.398651123046875,2504.9914979934692
145440,1.398651123046875,2505.261487722397
145450,1.398651123046875,2505.4911386966705
145460,1.398681640625,2505.643529891968
145470,1.398681640625,2505.7898240089417
145480,1.398681640625,2505.93759059906
145490,1.3987274169921875,2506.132636785507
145500,1.39874267578125,2506.3369929790497
145510,1.39874267578125,2506.4897389411926
145520,1.3987579345703125,2506.66232585907
145530,1.398773193359375,2506.838829755783
145540,1.398773193359375,2506.9981648921967
145550,1.3988189697265625,2507.168079853058
145560,1.398834228515625,2507.310439825058
145570,1.3988494873046875,2507.4519848823547
145580,1.39886474609375,2507.6216127872467
145590,1.3988800048828125,2507.778013944626
145600,1.398895263671875,2507.933856010437
145610,1.3989105224609375,2508.1155309677124
145620,1.3989105224609375,2508.353643655777
145630,1.3989410400390625,2508.515638589859
145640,1.3989715576171875,2508.772358894348
145650,1.39898681640625,2508.9943087100983
145660,1.39898681640625,2509.1512439250946
145670,1.3990325927734375,2509.29687666893
145680,1.3990325927734375,2509.496882915497
145690,1.3990325927734375,2509.6809158325195
145700,1.3990325927734375,2509.849050760269
145710,1.3990631103515625,2509.992218732834
145720,1.399078369140625,2510.1795778274536
145730,1.399078369140625,2510.31600689888
145740,1.399078369140625,2510.459546804428
145750,1.3991241455078125,2510.6103818416595
145760,1.3991241455078125,2510.799499988556
145770,1.399139404296875,2510.9767248630524
145780,1.399139404296875,2511.1268076896667
145790,1.399169921875,2511.3135707378387
145800,1.3991851806640625,2511.5010697841644
145810,1.3991851806640625,2511.668301820755
145820,1.399200439453125,2511.858511686325
145830,1.39923095703125,2512.0041646957397
145840,1.3992462158203125,2512.167532682419
145850,1.3992767333984375,2512.2895607948303
145860,1.3992919921875,2512.489096879959
145870,1.3993072509765625,2512.680921792984
145880,1.39935302734375,2512.847537755966
145890,1.3993682861328125,2513.034862756729
145900,1.399383544921875,2513.2066926956177
145910,1.3993988037109375,2513.3586707115173
145920,1.3994140625,2513.5258028507233
145930,1.3994293212890625,2513.797117948532
145940,1.3994293212890625,2513.966468811035
145950,1.399444580078125,2514.141495704651
145960,1.399444580078125,2514.2963688373566
145970,1.3994598388671875,2514.452845811844
145980,1.39947509765625,2514.627774953842
145990,1.399505615234375,2514.7707068920135
146000,1.399505615234375,2514.9235236644745
146010,1.3995361328125,2515.0782828330994
146020,1.3995361328125,2515.2311816215515
146030,1.3995513916015625,2515.402189731598
146040,1.399566650390625,2515.5441076755524
146050,1.39959716796875,2515.7072608470917
146060,1.39959716796875,2515.832380771637
146070,1.399627685546875,2516.0178728103638
146080,1.399627685546875,2516.166239976883
146090,1.399627685546875,2516.3411099910736
146100,1.3996734619140625,2516.5163588523865
146110,1.399688720703125,2516.740174770355
146120,1.399688720703125,2516.941854953766
146130,1.399749755859375,2517.1292626857758
146140,1.399749755859375,2517.3205749988556
146150,1.399749755859375,2517.463667869568
146160,1.3997802734375,2517.645728826523
146170,1.3997955322265625,2517.8744819164276
146180,1.399810791015625,2518.0182929039
146190,1.3998260498046875,2518.186621904373
146200,1.3998260498046875,2518.3316276073456
146210,1.39984130859375,2518.5037698745728
146220,1.39984130859375,2518.6521468162537
146230,1.39984130859375,2518.79776096344
146240,1.3998565673828125,2518.968715906143
146250,1.3998870849609375,2519.132792711258
146260,1.3998870849609375,2519.2828516960144
146270,1.3998870849609375,2519.460478782654
146280,1.39990234375,2519.641649723053
146290,1.399932861328125,2519.802528858185
146300,1.399932861328125,2519.961409807205
146310,1.3999481201171875,2520.1151638031006
146320,1.3999481201171875,2520.326979637146
146330,1.3999786376953125,2520.542059659958
146340,1.399993896484375,2520.6937308311462
146350,1.4000091552734375,2520.855706691742
146360,1.4000396728515625,2521.1184220314026
146370,1.400054931640625,2521.293524980545
146380,1.4000701904296875,2521.519945859909
146390,1.4000701904296875,2521.712089776993
146400,1.4001007080078125,2521.874760866165
146410,1.400115966796875,2522.0250928401947
146420,1.400115966796875,2522.1826407909393
146430,1.4001617431640625,2522.315174818039
146440,1.4001617431640625,2522.48774766922
146450,1.4001617431640625,2522.7163667678833
146460,1.400177001953125,2522.874099969864
146470,1.4002227783203125,2523.0131447315216
146480,1.400238037109375,2523.1639127731323
146490,1.4002532958984375,2523.3627169132233
146500,1.4002532958984375,2523.5248918533325
146510,1.4002685546875,2523.720005750656
146520,1.400299072265625,2523.852724790573
146530,1.400299072265625,2524.0037887096405
146540,1.400299072265625,2524.1641290187836
146550,1.4003448486328125,2524.3595898151398
146560,1.400360107421875,2524.5133628845215
146570,1.400360107421875,2524.731692790985
146580,1.4003753662109375,2524.931674718857
146590,1.4003753662109375,2525.0932428836823
146600,1.400390625,2525.2424528598785
146610,1.4004364013671875,2525.410407781601
146620,1.40045166015625,2525.6715059280396
146630,1.40045166015625,2525.837214946747
146640,1.400482177734375,2525.996686697006
146650,1.4004974365234375,2526.12140583992
146660,1.4005126953125,2526.2601306438446
146670,1.4005279541015625,2526.429013967514
146680,1.400543212890625,2526.6408026218414
146690,1.400543212890625,2526.776167869568
146700,1.4005584716796875,2526.9361288547516
146710,1.4005584716796875,2527.1357498168945
146720,1.40057373046875,2527.287573814392
146730,1.4005889892578125,2527.42853474617
146740,1.400604248046875,2527.567270755768
146750,1.400604248046875,2527.7510888576508
146760,1.400604248046875,2527.911780834198
146770,1.400634765625,2528.106888771057
146780,1.4006500244140625,2528.2693498134613
146790,1.4006500244140625,2528.4565448760986
146800,1.4006805419921875,2528.6457500457764
146810,1.4006805419921875,2528.80677986145
146820,1.40069580078125,2528.9549367427826
146830,1.4007110595703125,2529.105405807495
146840,1.400726318359375,2529.2504765987396
146850,1.4007720947265625,2529.413334608078
146860,1.400787353515625,2529.5793919563293
146870,1.4008026123046875,2529.819352865219
146880,1.40081787109375,2529.9994649887085
146890,1.4008331298828125,2530.175061941147
146900,1.4008331298828125,2530.3426139354706
146910,1.400848388671875,2530.4998807907104
146920,1.40087890625,2530.7150797843933
146930,1.40087890625,2530.883036851883
146940,1.40087890625,2531.189487695694
146950,1.400909423828125,2531.373071670532
146960,1.40093994140625,2531.529707670212
146970,1.40093994140625,2531.7176308631897
146980,1.4009552001953125,2531.905383825302
146990,1.4009552001953125,2532.0862426757812
147000,1.4009857177734375,2532.228824853897
147010,1.4010009765625,2532.4156527519226
147020,1.4010009765625,2532.576759815216
147030,1.401031494140625,2532.764987707138
147040,1.4010467529296875,2532.92920589447
147050,1.40106201171875,2533.079618692398
147060,1.401092529296875,2533.200390815735
147070,1.4011077880859375,2533.3597297668457
147080,1.4011077880859375,2533.5233018398285
147090,1.4011383056640625,2533.658255815506
147100,1.4011688232421875,2533.844165802002
147110,1.40118408203125,2534.0111260414124
147120,1.40118408203125,2534.204473733902
147130,1.401214599609375,2534.406005859375
147140,1.4012298583984375,2534.6580386161804
147150,1.4012298583984375,2534.7828669548035
147160,1.4012451171875,2535.0289459228516
147170,1.4012603759765625,2535.2179856300354
147180,1.401275634765625,2535.4022128582
147190,1.40130615234375,2535.5533277988434
147200,1.40130615234375,2535.728287935257
147210,1.4013214111328125,2535.9126279354095
147220,1.4013214111328125,2536.1418669223785
147230,1.401336669921875,2536.2950868606567
147240,1.401336669921875,2536.4211246967316
147250,1.4013519287109375,2536.610953807831
147260,1.4013671875,2536.760913848877
147270,1.4013824462890625,2536.940395593643
147280,1.401397705078125,2537.1533918380737
147290,1.401397705078125,2537.312258720398
147300,1.4014129638671875,2537.5153498649597
147310,1.40142822265625,2537.6762187480927
147320,1.4014434814453125,2537.857161998749
147330,1.4014739990234375,2538.021721839905
147340,1.4014892578125,2538.2773807048798
147350,1.401519775390625,2538.453375816345
147360,1.4015350341796875,2538.611562013626
147370,1.40155029296875,2538.804459810257
147380,1.40155029296875,2538.9549770355225
147390,1.40155029296875,2539.1240577697754
147400,1.4015960693359375,2539.283453941345
147410,1.4015960693359375,2539.440058708191
147420,1.4015960693359375,2539.6064298152924
147430,1.4016265869140625,2539.785990715027
147440,1.4016571044921875,2539.9600298404694
147450,1.40167236328125,2540.1630408763885
147460,1.4017181396484375,2540.365320920944
147470,1.4017181396484375,2540.5187668800354
147480,1.401763916015625,2540.6771829128265
147490,1.4017791748046875,2540.849719762802
147500,1.4017791748046875,2541.0133817195892
147510,1.40179443359375,2541.157068014145
147520,1.401824951171875,2541.2828788757324
147530,1.401824951171875,2541.4041788578033
147540,1.401824951171875,2541.551635980606
147550,1.4018402099609375,2541.730596780777
147560,1.401885986328125,2541.9065659046173
147570,1.4019012451171875,2542.122293949127
147580,1.40191650390625,2542.2986466884613
147590,1.40191650390625,2542.460979938507
147600,1.401947021484375,2542.5831928253174
147610,1.4019622802734375,2542.751833677292
147620,1.4019775390625,2542.9002578258514
147630,1.4019927978515625,2543.065351963043
147640,1.4020233154296875,2543.243387937546
147650,1.4020233154296875,2543.3774988651276
147660,1.4020233154296875,2543.527247905731
147670,1.4020538330078125,2543.6885550022125
147680,1.402069091796875,2543.90775680542
147690,1.402099609375,2544.087120771408
147700,1.402099609375,2544.2334966659546
147710,1.4021148681640625,2544.4314918518066
147720,1.402130126953125,2544.6355838775635
147730,1.402130126953125,2544.768201828003
147740,1.402130126953125,2544.928843975067
147750,1.402130126953125,2545.0817427635193
147760,1.40216064453125,2545.2617406845093
147770,1.402191162109375,2545.418089866638
147780,1.402191162109375,2545.5645129680634
147790,1.4022216796875,2545.751374721527
147800,1.4022369384765625,2545.9205758571625
147810,1.402252197265625,2546.169000864029
147820,1.40228271484375,2546.3300547599792
147830,1.4022979736328125,2546.461192846298
147840,1.4022979736328125,2546.6345357894897
147850,1.402313232421875,2546.7671427726746
147860,1.40234375,2546.9431359767914
147870,1.4023590087890625,2547.119015932083
147880,1.4023590087890625,2547.3546707630157
147890,1.402374267578125,2547.5207188129425
147900,1.402374267578125,2547.701974630356
147910,1.40240478515625,2547.938832759857
147920,1.402435302734375,2548.0789828300476
147930,1.4024505615234375,2548.3025867938995
147940,1.4024658203125,2548.4515147209167
147950,1.4025115966796875,2548.6333849430084
147960,1.4025115966796875,2548.8667538166046
147970,1.4025115966796875,2549.0344529151917
147980,1.40252685546875,2549.2313537597656
147990,1.4025421142578125,2549.3724007606506
148000,1.4025421142578125,2549.577227830887
148010,1.4025726318359375,2549.7230336666107
148020,1.402587890625,2549.874119758606
148030,1.402587890625,2550.0362718105316
148040,1.4026031494140625,2550.2048189640045
148050,1.402618408203125,2550.3560457229614
148060,1.402679443359375,2550.5385818481445
148070,1.4026947021484375,2550.6911578178406
148080,1.4026947021484375,2550.9108159542084
148090,1.4026947021484375,2551.083123922348
148100,1.4027099609375,2551.2936067581177
148110,1.402740478515625,2551.460921764374
148120,1.402740478515625,2551.658218860626
148130,1.4027557373046875,2551.8225169181824
148140,1.40277099609375,2552.025491952896
148150,1.40277099609375,2552.1579189300537
148160,1.402801513671875,2552.298487663269
148170,1.402801513671875,2552.45232796669
148180,1.40283203125,2552.6198909282684
148190,1.4028472900390625,2552.748221874237
148200,1.4028778076171875,2552.8657348155975
148210,1.4029083251953125,2553.0382747650146
148220,1.4029083251953125,2553.181771993637
148230,1.4029083251953125,2553.328289747238
148240,1.4029083251953125,2553.4912519454956
148250,1.4029388427734375,2553.6818449497223
148260,1.4029388427734375,2553.8160886764526
148270,1.4029388427734375,2553.9749097824097
148280,1.4029541015625,2554.1350059509277
148290,1.4029693603515625,2554.3331966400146
148300,1.4029998779296875,2554.5105526447296
148310,1.40301513671875,2554.672367811203
148320,1.40301513671875,2554.835965871811
148330,1.4030303955078125,2554.9830498695374
148340,1.4030609130859375,2555.142580986023
148350,1.403076171875,2555.267187833786
148360,1.403076171875,2555.4256687164307
148370,1.4031219482421875,2555.579218864441
148380,1.40313720703125,2555.810516834259
148390,1.40313720703125,2556.0030348300934
148400,1.4031524658203125,2556.1419179439545
148410,1.4031829833984375,2556.3094248771667
148420,1.4031982421875,2556.470776796341
148430,1.4032135009765625,2556.614763736725
148440,1.4032135009765625,2556.779829978943
148450,1.403228759765625,2557.014746904373
148460,1.4032745361328125,2557.1786258220673
148470,1.4032745361328125,2557.347574710846
148480,1.4032745361328125,2557.48082780838
148490,1.4033050537109375,2557.63285779953
148500,1.4033050537109375,2557.813194990158
148510,1.4033203125,2557.9665179252625
148520,1.4033355712890625,2558.106918811798
148530,1.403350830078125,2558.2503747940063
148540,1.4033660888671875,2558.441500902176
148550,1.403411865234375,2558.644962787628
148560,1.4034271240234375,2558.8210549354553
148570,1.4034423828125,2559.0344638824463
148580,1.4034576416015625,2559.18904876709
148590,1.403472900390625,2559.3197288513184
148600,1.4034881591796875,2559.518718957901
148610,1.40350341796875,2559.760397672653
148620,1.40350341796875,2559.9200167655945
148630,1.40350341796875,2560.15846991539
148640,1.4035491943359375,2560.3229367733
148650,1.4035491943359375,2560.4647176265717
148660,1.4035491943359375,2560.609325647354
148670,1.4036102294921875,2560.7548558712006
148680,1.4036102294921875,2560.9414818286896
148690,1.4036102294921875,2561.1048777103424
148700,1.4036102294921875,2561.2650067806244
148710,1.4036407470703125,2561.459100961685
148720,1.403656005859375,2561.667206764221
148730,1.4036712646484375,2561.8203778266907
148740,1.4036712646484375,2562.1343557834625
148750,1.4037017822265625,2562.292089700699
148760,1.403717041015625,2562.486807823181
148770,1.403717041015625,2562.646627664566
148780,1.403717041015625,2562.820250749588
148790,1.40374755859375,2562.9606018066406
148800,1.403778076171875,2563.1267116069794
148810,1.403778076171875,2563.2836277484894
148820,1.4037933349609375,2563.416834831238
148830,1.40380859375,2563.579417705536
148840,1.40380859375,2563.7581129074097
148850,1.40380859375,2563.8861417770386
148860,1.4038543701171875,2564.047952890396
148870,1.4038543701171875,2564.2065699100494
148880,1.4038543701171875,2564.3593158721924
148890,1.4038848876953125,2564.488476753235
148900,1.4038848876953125,2564.6464109420776
148910,1.4039154052734375,2564.772477865219
148920,1.4039459228515625,2564.9459278583527
148930,1.4039459228515625,2565.1766078472137
148940,1.403961181640625,2565.3204107284546
148950,1.40399169921875,2565.438822746277
148960,1.4040069580078125,2565.640095949173
148970,1.404022216796875,2565.7848958969116
148980,1.4040374755859375,2565.9463579654694
148990,1.404052734375,2566.1212117671967
149000,1.404052734375,2566.322563648224
149010,1.4040679931640625,2566.5367867946625
149020,1.404083251953125,2566.769812822342
149030,1.40411376953125,2566.953118801117
149040,1.4041290283203125,2567.1487579345703
149050,1.4041290283203125,2567.3004698753357
149060,1.404144287109375,2567.5156569480896
149070,1.4041900634765625,2567.6794278621674
149080,1.4041900634765625,2567.863508939743
149090,1.4041900634765625,2568.0558938980103
149100,1.404205322265625,2568.2605876922607
149110,1.4042205810546875,2568.418452978134
149120,1.40423583984375,2568.587205886841
149130,1.4042510986328125,2568.730580806732
149140,1.404266357421875,2568.955528974533
149150,1.4042816162109375,2569.133225917816
149160,1.404296875,2569.320154905319
149170,1.4043121337890625,2569.501312017441
149180,1.404327392578125,2569.7271869182587
149190,1.4043426513671875,2569.880588054657
149200,1.40435791015625,2570.0548617839813
149210,1.40435791015625,2570.1842896938324
149220,1.4043731689453125,2570.3367998600006
149230,1.4044036865234375,2570.485907793045
149240,1.4044036865234375,2570.606663942337
149250,1.4044189453125,2570.7715499401093
149260,1.4044342041015625,2570.9152398109436
149270,1.404449462890625,2571.047819852829
149280,1.40447998046875,2571.219203710556
149290,1.40447998046875,2571.34606385231
149300,1.4044952392578125,2571.5019257068634
149310,1.4045257568359375,2571.6721317768097
149320,1.404541015625,2571.8404307365417
149330,1.4045562744140625,2572.0186128616333
149340,1.404571533203125,2572.1876878738403
149350,1.404571533203125,2572.3550078868866
149360,1.4045867919921875,2572.498864889145
149370,1.4046173095703125,2572.726770877838
149380,1.4046173095703125,2572.924071788788
149390,1.404632568359375,2573.103103876114
149400,1.4046478271484375,2573.2578439712524
149410,1.404693603515625,2573.4379358291626
149420,1.404693603515625,2573.588846683502
149430,1.4047088623046875,2573.732816696167
149440,1.4047088623046875,2573.8524956703186
149450,1.4047393798828125,2574.028024673462
149460,1.404754638671875,2574.169754743576
149470,1.4047698974609375,2574.3382337093353
149480,1.40478515625,2574.481778860092
149490,1.404815673828125,2574.6176719665527
149500,1.404815673828125,2574.7601568698883
149510,1.4048614501953125,2574.9008786678314
149520,1.404876708984375,2575.069032907486
149530,1.4048919677734375,2575.199462890625
149540,1.4049072265625,2575.361026763916
149550,1.4049224853515625,2575.5201966762543
149560,1.4049530029296875,2575.688836812973
149570,1.4049530029296875,2575.946128845215
149580,1.40496826171875,2576.1513957977295
149590,1.404998779296875,2576.370433807373
149600,1.4050140380859375,2576.5120058059692
149610,1.405029296875,2576.683265686035
149620,1.4050445556640625,2576.8400847911835
149630,1.4050445556640625,2577.0027618408203
149640,1.4050750732421875,2577.1592497825623
149650,1.40509033203125,2577.355405807495
149660,1.405120849609375,2577.497316837311
149670,1.4051361083984375,2577.6687376499176
149680,1.4051361083984375,2577.8481137752533
149690,1.4051513671875,2578.0215187072754
149700,1.405181884765625,2578.2800707817078
149710,1.405181884765625,2578.4139409065247
149720,1.405181884765625,2578.6203956604004
149730,1.40521240234375,2578.8075289726257
149740,1.40521240234375,2579.008049726486
149750,1.4052276611328125,2579.2057428359985
149760,1.4052581787109375,2579.424613714218
149770,1.4052581787109375,2579.584780693054
149780,1.4052581787109375,2579.765720844269
149790,1.405303955078125,2579.9440519809723
149800,1.405303955078125,2580.1266238689423
149810,1.405303955078125,2580.326980829239
149820,1.40533447265625,2580.5124638080597
149830,1.405364990234375,2580.6886899471283
149840,1.405364990234375,2580.811619758606
149850,1.4053802490234375,2580.968654870987
149860,1.4053955078125,2581.166438817978
149870,1.405426025390625,2581.3113689422607
149880,1.4054412841796875,2581.5024456977844
149890,1.40545654296875,2581.661589860916
149900,1.40545654296875,2581.851723909378
149910,1.4054718017578125,2582.1123797893524
149920,1.4055023193359375,2582.2720828056335
149930,1.4055023193359375,2582.464750766754
149940,1.405517578125,2582.679254770279
149950,1.405548095703125,2582.837605714798
149960,1.4055633544921875,2582.9958016872406
149970,1.40557861328125,2583.1324837207794
149980,1.405609130859375,2583.2940826416016
149990,1.4056243896484375,2583.4978947639465
150000,1.4056396484375,2583.625644683838
150010,1.405670166015625,2583.776585817337
150020,1.4056854248046875,2583.910693883896
150030,1.4056854248046875,2584.1261978149414
150040,1.40570068359375,2584.298145055771
150050,1.4057159423828125,2584.444184780121
150060,1.405731201171875,2584.600246667862
150070,1.4057769775390625,2584.735823869705
150080,1.4057769775390625,2584.9050056934357
150090,1.4057769775390625,2585.047374725342
150100,1.4058074951171875,2585.18820476532
150110,1.40582275390625,2585.354766845703
150120,1.4058380126953125,2585.5569846630096
150130,1.405853271484375,2585.781453847885
150140,1.4058685302734375,2585.9595017433167
150150,1.4058685302734375,2586.105355978012
150160,1.4058837890625,2586.319490671158
150170,1.405914306640625,2586.4729228019714
150180,1.4059295654296875,2586.646342754364
150190,1.40594482421875,2586.862402677536
150200,1.40594482421875,2587.028941631317
150210,1.40594482421875,2587.2566998004913
150220,1.4059600830078125,2587.4002737998962
150230,1.405975341796875,2587.579653739929
150240,1.4059906005859375,2587.758244752884
150250,1.4060211181640625,2587.918614625931
150260,1.406036376953125,2588.0368587970734
150270,1.406036376953125,2588.192641735077
150280,1.40606689453125,2588.3612937927246
150290,1.40606689453125,2588.49697470665
150300,1.40606689453125,2588.713132619858
150310,1.406097412109375,2588.897211790085
150320,1.406097412109375,2589.043198823929
150330,1.4061126708984375,2589.2083048820496
150340,1.4061279296875,2589.350238800049
150350,1.406158447265625,2589.5500898361206
150360,1.40618896484375,2589.694084882736
150370,1.4062042236328125,2589.909585952759
150380,1.4062042236328125,2590.08548784256
150390,1.406219482421875,2590.2430517673492
150400,1.40625,2590.4065499305725
150410,1.40625,2590.566828727722
150420,1.40625,2590.7196538448334
150430,1.406280517578125,2590.876033782959
150440,1.4062957763671875,2591.0605828762054
150450,1.40631103515625,2591.219544649124
150460,1.4063262939453125,2591.3660168647766
150470,1.4063262939453125,2591.5566008090973
150480,1.406341552734375,2591.692981004715
150490,1.4063873291015625,2591.9003508090973
150500,1.406402587890625,2592.132959842682
150510,1.406402587890625,2592.4185767173767
150520,1.40643310546875,2592.5421068668365
150530,1.40643310546875,2592.6979179382324
150540,1.4064483642578125,2592.830890893936
150550,1.4064788818359375,2592.986572742462
150560,1.406494140625,2593.13795876503
150570,1.406494140625,2593.298677921295
150580,1.406524658203125,2593.452757835388
150590,1.406524658203125,2593.6366357803345
150600,1.406524658203125,2593.834371805191
150610,1.4065704345703125,2594.0678939819336
150620,1.406585693359375,2594.2036049365997
150630,1.4066009521484375,2594.358086824417
150640,1.4066162109375,2594.5244538784027
150650,1.4066314697265625,2594.6805880069733
150660,1.4066314697265625,2594.862977743149
150670,1.4066619873046875,2595.0404217243195
150680,1.40667724609375,2595.1867756843567
150690,1.40667724609375,2595.3479738235474
150700,1.4066925048828125,2595.5457599163055
150710,1.4066925048828125,2595.6698145866394
150720,1.4066925048828125,2595.854510784149
150730,1.406707763671875,2596.026256799698
150740,1.4067230224609375,2596.2018008232117
150750,1.40673828125,2596.3875210285187
150760,1.406768798828125,2596.54536986351
150770,1.4067840576171875,2596.6950068473816
150780,1.4067840576171875,2596.8587007522583
150790,1.40679931640625,2597.002252817154
150800,1.4068145751953125,2597.1994738578796
150810,1.406829833984375,2597.4875078201294
150820,1.406829833984375,2597.6541838645935
150830,1.4068603515625,2597.8082597255707
150840,1.4068603515625,2598.0370428562164
150850,1.406890869140625,2598.2088136672974
150860,1.40692138671875,2598.3645708560944
150870,1.4069366455078125,2598.5784628391266
150880,1.406951904296875,2598.7905106544495
150890,1.4069671630859375,2598.953795671463
150900,1.4069671630859375,2599.0927307605743
150910,1.406982421875,2599.2355937957764
150920,1.4069976806640625,2599.378615617752
150930,1.4069976806640625,2599.524377822876
150940,1.4070281982421875,2599.7221307754517
150950,1.4070587158203125,2599.854672908783
150960,1.4070587158203125,2600.1634118556976
150970,1.407073974609375,2600.3110117912292
150980,1.4071044921875,2600.4594287872314
150990,1.4071197509765625,2600.612376689911
151000,1.407135009765625,2600.7988538742065
151010,1.40716552734375,2600.9478006362915
151020,1.4071807861328125,2601.1466097831726
151030,1.4071807861328125,2601.2949798107147
151040,1.407196044921875,2601.483311891556
151050,1.407196044921875,2601.609342813492
151060,1.4072418212890625,2601.785442829132
151070,1.407257080078125,2602.0224947929382
151080,1.407257080078125,2602.3286867141724
151090,1.4072723388671875,2602.5217337608337
151100,1.4073028564453125,2602.700897693634
151110,1.407318115234375,2602.890406847
151120,1.4073333740234375,2603.0364649295807
151130,1.4073486328125,2603.1919028759003
151140,1.4073638916015625,2603.406332731247
151150,1.407379150390625,2603.5368609428406
151160,1.4073944091796875,2603.749392747879
151170,1.4073944091796875,2603.9257168769836
151180,1.40740966796875,2604.120599746704
151190,1.4074249267578125,2604.2615807056427
151200,1.407440185546875,2604.4371399879456
151210,1.407440185546875,2604.702554702759
151220,1.4074554443359375,2604.8705048561096
151230,1.4074554443359375,2605.0031309127808
151240,1.407470703125,2605.229559659958
151250,1.407501220703125,2605.391838788986
151260,1.4075164794921875,2605.561087846756
151270,1.4075164794921875,2605.760193824768
151280,1.4075469970703125,2605.8987877368927
151290,1.407562255859375,2606.025414943695
151300,1.407562255859375,2606.187055826187
151310,1.4075775146484375,2606.3301718235016
151320,1.4075775146484375,2606.496002674103
151330,1.407623291015625,2606.680256843567
151340,1.4076385498046875,2606.8982808589935
151350,1.4076385498046875,2607.097677707672
151360,1.40765380859375,2607.2799439430237
151370,1.4076995849609375,2607.4535899162292
151380,1.4076995849609375,2607.632440805435
151390,1.4076995849609375,2607.8105058670044
151400,1.40771484375,2607.9744617938995
151410,1.407745361328125,2608.1364600658417
151420,1.407745361328125,2608.3656837940216
151430,1.4077606201171875,2608.5278418064117
151440,1.4077606201171875,2608.716232776642
151450,1.4077911376953125,2608.88933300972
151460,1.4078216552734375,2609.016623735428
151470,1.4078216552734375,2609.2510199546814
151480,1.4078216552734375,2609.3993628025055
151490,1.407867431640625,2609.5331666469574
151500,1.407867431640625,2609.684022665024
151510,1.40789794921875,2609.9923746585846
151520,1.407928466796875,2610.1673007011414
151530,1.407928466796875,2610.351158618927
151540,1.407928466796875,2610.503279685974
151550,1.4079742431640625,2610.628258705139
151560,1.40802001953125,2610.796320915222
151570,1.40802001953125,2610.943230867386
151580,1.4080657958984375,2611.16819190979
151590,1.4080657958984375,2611.409113883972
151600,1.4080810546875,2611.564056634903
151610,1.4080963134765625,2611.8116507530212
151620,1.4080963134765625,2611.9995288848877
151630,1.408111572265625,2612.201576948166
151640,1.40814208984375,2612.369563817978
151650,1.40814208984375,2612.5323209762573
151660,1.40814208984375,2612.713339805603
151670,1.408172607421875,2612.8943836688995
151680,1.4081878662109375,2613.038388967514
151690,1.4081878662109375,2613.190325975418
151700,1.4082183837890625,2613.4379739761353
151710,1.4082489013671875,2613.609835624695
151720,1.40826416015625,2613.865469932556
151730,1.40826416015625,2614.1138486862183
151740,1.40826416015625,2614.2625517845154
151750,1.40826416015625,2614.4417819976807
151760,1.408294677734375,2614.6222536563873
151770,1.4083099365234375,2614.7769536972046
151780,1.4083099365234375,2614.9260857105255
151790,1.4083404541015625,2615.057417869568
151800,1.408355712890625,2615.2662768363953
151810,1.408355712890625,2615.4458298683167
151820,1.4084014892578125,2615.6169526576996
151830,1.4084014892578125,2615.760673761368
151840,1.4084320068359375,2615.8928468227386
151850,1.408447265625,2616.1009306907654
151860,1.4084625244140625,2616.3014307022095
151870,1.408477783203125,2616.4926388263702
151880,1.4085235595703125,2616.6354129314423
151890,1.4085235595703125,2616.8120687007904
151900,1.4085235595703125,2616.991879940033
151910,1.408538818359375,2617.1807889938354
151920,1.4085540771484375,2617.446703672409
151930,1.4085845947265625,2617.5970549583435
151940,1.4086151123046875,2617.7600576877594
151950,1.40863037109375,2617.927576780319
151960,1.40863037109375,2618.141518831253
151970,1.408660888671875,2618.3322417736053
151980,1.408660888671875,2618.475765943527
151990,1.4086761474609375,2618.6793417930603
152000,1.40869140625,2618.8929488658905
152010,1.4087066650390625,2619.0582518577576
152020,1.4087371826171875,2619.2314088344574
152030,1.40875244140625,2619.4027688503265
152040,1.4087677001953125,2619.5504529476166
152050,1.408782958984375,2619.699219942093
152060,1.4088287353515625,2619.9133417606354
152070,1.4088287353515625,2620.092939853668
152080,1.408843994140625,2620.232848882675
152090,1.4088592529296875,2620.36688375473
152100,1.40887451171875,2620.5408878326416
152110,1.4088897705078125,2620.7268669605255
152120,1.408905029296875,2620.9079937934875
152130,1.4089202880859375,2621.0623157024384
152140,1.4089202880859375,2621.231032848358
152150,1.4089202880859375,2621.3792436122894
152160,1.408966064453125,2621.517651796341
152170,1.408966064453125,2621.6558167934418
152180,1.40899658203125,2621.8261868953705
152190,1.409027099609375,2622.0304539203644
152200,1.4090423583984375,2622.223487854004
152210,1.4090423583984375,2622.370415687561
152220,1.4090423583984375,2622.597196817398
152230,1.4090423583984375,2622.7872257232666
152240,1.4090576171875,2622.9484539031982
152250,1.4090728759765625,2623.0867137908936
152260,1.409088134765625,2623.23783659935
152270,1.4091033935546875,2623.3899178504944
152280,1.40911865234375,2623.549782037735
152290,1.409149169921875,2623.6863276958466
152300,1.4091644287109375,2623.847039937973
152310,1.4091796875,2623.98694396019
152320,1.4091949462890625,2624.190011739731
152330,1.4091949462890625,2624.3933408260345
152340,1.4092254638671875,2624.5350699424744
152350,1.40924072265625,2624.673820734024
152360,1.4092559814453125,2624.824162721634
152370,1.409271240234375,2624.9549598693848
152380,1.4093017578125,2625.2269229888916
152390,1.4093017578125,2625.378071784973
152400,1.4093017578125,2625.5280487537384
152410,1.409332275390625,2625.675453901291
152420,1.409332275390625,2625.8193368911743
152430,1.40936279296875,2625.950450897217
152440,1.4093780517578125,2626.118942975998
152450,1.409393310546875,2626.280970811844
152460,1.4094085693359375,2626.445170879364
152470,1.409423828125,2626.5919427871704
152480,1.4094390869140625,2626.818511724472
152490,1.409454345703125,2626.981142759323
152500,1.4094696044921875,2627.137704849243
152510,1.4094696044921875,2627.302619934082
152520,1.40948486328125,2627.4557859897614
152530,1.4095306396484375,2627.632460832596
152540,1.4095306396484375,2627.7940707206726
152550,1.4095611572265625,2627.9926178455353
152560,1.409576416015625,2628.127849817276
152570,1.40960693359375,2628.2996599674225
152580,1.40960693359375,2628.4543087482452
152590,1.409637451171875,2628.6469769477844
152600,1.409637451171875,2628.793919801712
152610,1.40966796875,2629.007549762726
152620,1.40966796875,2629.1225600242615
152630,1.4096832275390625,2629.2954506874084
152640,1.409698486328125,2629.508735895157
152650,1.409698486328125,2629.6826796531677
152660,1.4097137451171875,2629.823979616165
152670,1.4097442626953125,2629.98331284523
152680,1.409759521484375,2630.1482558250427
152690,1.409759521484375,2630.3019967079163
152700,1.4097747802734375,2630.486368894577
152710,1.4098052978515625,2630.647515773773
152720,1.4098052978515625,2630.8262917995453
152730,1.409820556640625,2631.017174720764
152740,1.409820556640625,2631.150315761566
152750,1.40985107421875,2631.3553378582
152760,1.40985107421875,2631.542708873749
152770,1.40985107421875,2631.725044965744
152780,1.40985107421875,2631.8793139457703
152790,1.4098968505859375,2632.0639157295227
152800,1.4099273681640625,2632.236359834671
152810,1.4099273681640625,2632.425811767578
152820,1.4099273681640625,2632.6202437877655
152830,1.4099578857421875,2632.7928738594055
152840,1.40997314453125,2632.9554708004
152850,1.40997314453125,2633.164153814316
152860,1.4100189208984375,2633.295966863632
152870,1.4100189208984375,2633.449194908142
152880,1.4100189208984375,2633.6829028129578
152890,1.4100494384765625,2633.82847571373
152900,1.410064697265625,2633.9995188713074
152910,1.4100799560546875,2634.1506798267365
152920,1.41009521484375,2634.371394634247
152930,1.4101104736328125,2634.661969900131
152940,1.4101409912109375,2634.83064866066
152950,1.41015625,2635.0202157497406
152960,1.41015625,2635.248726606369
152970,1.41015625,2635.4121029376984
152980,1.4102020263671875,2635.546071767807
152990,1.41021728515625,2635.6632418632507
153000,1.41021728515625,2635.829051733017
153010,1.4102325439453125,2636.0683007240295
153020,1.410247802734375,2636.2289736270905
153030,1.4102630615234375,2636.384989976883
153040,1.410308837890625,2636.599984884262
153050,1.410308837890625,2636.8660979270935
153060,1.41033935546875,2637.0846090316772
153070,1.4103546142578125,2637.2414536476135
153080,1.410369873046875,2637.394245862961
153090,1.4103851318359375,2637.546493768692
153100,1.4103851318359375,2637.7231917381287
153110,1.410400390625,2637.8774647712708
153120,1.410430908203125,2638.0438299179077
153130,1.4104461669921875,2638.282446861267
153140,1.4104461669921875,2638.4546868801117
153150,1.4104461669921875,2638.6022787094116
153160,1.4104766845703125,2638.784844636917
153170,1.4105072021484375,2638.9351029396057
153180,1.4105072021484375,2639.1156668663025
153190,1.4105224609375,2639.287892818451
153200,1.4105682373046875,2639.502682685852
153210,1.41058349609375,2639.6514847278595
153220,1.41058349609375,2639.8048367500305
153230,1.4105987548828125,2639.9502708911896
153240,1.410614013671875,2640.116004705429
153250,1.410614013671875,2640.28812789917
153260,1.410614013671875,2640.471469640732
153270,1.410614013671875,2640.6160247325897
153280,1.4106597900390625,2640.750527858734
153290,1.410675048828125,2640.880956888199
153300,1.4106903076171875,2641.047852754593
153310,1.41070556640625,2641.209497690201
153320,1.410736083984375,2641.3832037448883
153330,1.410736083984375,2641.5647888183594
153340,1.410736083984375,2641.7068898677826
153350,1.4107513427734375,2641.8877449035645
153360,1.4107818603515625,2642.0434517860413
153370,1.410797119140625,2642.271360874176
153380,1.4108123779296875,2642.445531845093
153390,1.4108123779296875,2642.5865499973297
153400,1.410858154296875,2642.74178981781
153410,1.4108734130859375,2642.9509727954865
153420,1.4108734130859375,2643.1238527297974
153430,1.410888671875,2643.3338248729706
153440,1.410919189453125,2643.4779210090637
153450,1.410919189453125,2643.6711168289185
153460,1.4109344482421875,2643.827969789505
153470,1.4109649658203125,2643.976084947586
153480,1.4109649658203125,2644.165245771408
153490,1.410980224609375,2644.4235227108
153500,1.4110107421875,2644.6099016666412
153510,1.4110107421875,2644.8239538669586
153520,1.411041259765625,2644.9639978408813
153530,1.41107177734375,2645.100076675415
153540,1.41107177734375,2645.287176847458
153550,1.4110870361328125,2645.445340871811
153560,1.411102294921875,2645.6638357639313
153570,1.4111480712890625,2645.795986890793
153580,1.4111480712890625,2645.9687497615814
153590,1.411163330078125,2646.1335859298706
153600,1.4111785888671875,2646.2847888469696
153610,1.4112091064453125,2646.484189748764
153620,1.4112396240234375,2646.6455438137054
153630,1.4112396240234375,2646.910080909729
153640,1.4112701416015625,2647.046814918518
153650,1.411285400390625,2647.236912727356
153660,1.411285400390625,2647.426734685898
153670,1.4113006591796875,2647.654002904892
153680,1.4113311767578125,2647.9236319065094
153690,1.4113311767578125,2648.0606169700623
153700,1.4113311767578125,2648.244104862213
153710,1.411346435546875,2648.3887119293213
153720,1.411376953125,2648.5569727420807
153730,1.4113922119140625,2648.7203159332275
153740,1.4113922119140625,2648.8920748233795
153750,1.4113922119140625,2649.0531599521637
153760,1.4114227294921875,2649.203309774399
153770,1.41143798828125,2649.3361258506775
153780,1.411468505859375,2649.4900286197662
153790,1.4114837646484375,2649.6939709186554
153800,1.4114990234375,2649.898260831833
153810,1.4115142822265625,2650.0962297916412
153820,1.411529541015625,2650.293434858322
153830,1.4115447998046875,2650.410054922104
153840,1.41156005859375,2650.5772607326508
153850,1.41156005859375,2650.7595546245575
153860,1.411590576171875,2650.958595752716
153870,1.411590576171875,2651.1188600063324
153880,1.4116058349609375,2651.273204803467
153890,1.4116363525390625,2651.4537358283997
153900,1.4116363525390625,2651.614031791687
153910,1.4116668701171875,2651.7830510139465
153920,1.4116973876953125,2651.9635887145996
153930,1.4117279052734375,2652.1171567440033
153940,1.4117279052734375,2652.304939031601
153950,1.4117584228515625,2652.4921708106995
153960,1.411773681640625,2652.6583847999573
153970,1.411773681640625,2652.8686048984528
153980,1.4117889404296875,2653.021671772003
153990,1.4117889404296875,2653.1508779525757
154000,1.411834716796875,2653.4210958480835
154010,1.4118499755859375,2653.565305709839
154020,1.4118499755859375,2653.7018418312073
154030,1.4118499755859375,2653.843659877777
154040,1.411895751953125,2654.002506017685
154050,1.411895751953125,2654.1830418109894
154060,1.4119110107421875,2654.3127539157867
154070,1.4119720458984375,2654.440285921097
154080,1.4119873046875,2654.5778708457947
154090,1.4119873046875,2654.8667829036713
154100,1.4120025634765625,2655.0154297351837
154110,1.412017822265625,2655.1786448955536
154120,1.41204833984375,2655.358809709549
154130,1.4120635986328125,2655.492104768753
154140,1.4120635986328125,2655.6483867168427
154150,1.412078857421875,2655.811249732971
154160,1.412109375,2655.993104696274
154170,1.412109375,2656.16711974144
154180,1.412109375,2656.3321726322174
154190,1.412139892578125,2656.4907348155975
154200,1.4121551513671875,2656.630441904068
154210,1.4121551513671875,2656.7632098197937
154220,1.4121551513671875,2656.951400756836
154230,1.41217041015625,2657.1101639270782
154240,1.41217041015625,2657.237643957138
154250,1.4122161865234375,2657.4014477729797
154260,1.4122314453125,2657.5654106140137
154270,1.4122314453125,2657.7783648967743
154280,1.4122314453125,2657.911098718643
154290,1.4122467041015625,2658.118954896927
154300,1.4122467041015625,2658.335705757141
154310,1.4122772216796875,2658.538821697235
154320,1.41229248046875,2658.7309997081757
154330,1.4123077392578125,2658.886748790741
154340,1.412322998046875,2659.0417490005493
154350,1.412353515625,2659.2307589054108
154360,1.4123687744140625,2659.373872756958
154370,1.4123992919921875,2659.5426716804504
154380,1.4123992919921875,2659.716115951538
154390,1.41241455078125,2659.88197183609
154400,1.4124603271484375,2660.0360147953033
154410,1.4124603271484375,2660.1924798488617
154420,1.4124603271484375,2660.4305288791656
154430,1.4124908447265625,2660.672043800354
154440,1.4124908447265625,2660.832333803177
154450,1.412506103515625,2661.0088896751404
154460,1.4125213623046875,2661.163266658783
154470,1.4125518798828125,2661.3238208293915
154480,1.4125518798828125,2661.494776725769
154490,1.41259765625,2661.6689217090607
154500,1.41259765625,2661.875654935837
154510,1.4126129150390625,2662.042725801468
154520,1.4126434326171875,2662.169485807419
154530,1.4126434326171875,2662.356668949127
154540,1.4126434326171875,2662.52205491066
154550,1.41265869140625,2662.7175936698914
154560,1.4126739501953125,2662.881115913391
154570,1.4127197265625,2663.012722969055
154580,1.4127349853515625,2663.177085876465
154590,1.4127349853515625,2663.348713874817
154600,1.412750244140625,2663.51335978508
154610,1.4127960205078125,2663.706533908844
154620,1.4127960205078125,2663.8595037460327
154630,1.4127960205078125,2664.001256942749
154640,1.4128265380859375,2664.139399766922
154650,1.412841796875,2664.3019988536835
154660,1.412841796875,2664.46257686615
154670,1.412872314453125,2664.7019987106323
154680,1.4128875732421875,2664.917763710022
154690,1.41290283203125,2665.0508296489716
154700,1.41290283203125,2665.180968761444
154710,1.41290283203125,2665.4052369594574
154720,1.412933349609375,2665.5611419677734
154730,1.4129486083984375,2665.755026817322
154740,1.4129486083984375,2665.901926755905
154750,1.4129486083984375,2666.095064640045
154760,1.4129791259765625,2666.2565338611603
154770,1.4129791259765625,2666.409192800522
154780,1.4129791259765625,2666.5299949645996
154790,1.41302490234375,2666.691985845566
154800,1.4130401611328125,2666.8835458755493
154810,1.4130401611328125,2667.0414719581604
154820,1.413055419921875,2667.2347888946533
154830,1.4131011962890625,2667.4392137527466
154840,1.4131011962890625,2667.5888986587524
154850,1.413116455078125,2667.777700662613
154860,1.4131622314453125,2667.9330098629
154870,1.413177490234375,2668.1120388507843
154880,1.4131927490234375,2668.3138349056244
154890,1.4131927490234375,2668.4987597465515
154900,1.4131927490234375,2668.675555706024
154910,1.4132080078125,2668.8546838760376
154920,1.413238525390625,2669.0484187602997
154930,1.413238525390625,2669.2541120052338
154940,1.413238525390625,2669.4740159511566
154950,1.4132537841796875,2669.629467725754
154960,1.4132843017578125,2669.746239900589
154970,1.413299560546875,2669.8753278255463
154980,1.413330078125,2670.039478778839
154990,1.4133453369140625,2670.1797666549683
155000,1.4133453369140625,2670.3287539482117
155010,1.413360595703125,2670.523507833481
155020,1.4133758544921875,2670.7107038497925
155030,1.41339111328125,2671.017682790756
155040,1.4134063720703125,2671.266896724701
155050,1.413421630859375,2671.432598590851
155060,1.4134368896484375,2671.5711748600006
155070,1.4134674072265625,2671.729466676712
155080,1.413482666015625,2671.8987488746643
155090,1.4134979248046875,2672.080014705658
155100,1.413543701171875,2672.2697699069977
155110,1.413543701171875,2672.4343826770782
155120,1.413543701171875,2672.594467639923
155130,1.414337158203125,2672.83634185791
155140,1.414337158203125,2673.007794857025
155150,1.4143524169921875,2673.156963825226
155160,1.41436767578125,2673.333355665207
155170,1.41436767578125,2673.491623878479
155180,1.414398193359375,2673.6301608085632
155190,1.4144134521484375,2673.7887828350067
155200,1.4144134521484375,2674.008864879608
155210,1.4144287109375,2674.148537874222
155220,1.4144439697265625,2674.330117702484
155230,1.4144439697265625,2674.510753631592
155240,1.4144439697265625,2674.9049048423767
155250,1.4144744873046875,2675.038558959961
155260,1.41448974609375,2675.232194662094
155270,1.41448974609375,2675.452258825302
155280,1.4145050048828125,2675.600268602371
155290,1.414520263671875,2675.782168865204
155300,1.414520263671875,2675.9522948265076
155310,1.41455078125,2676.1159386634827
155320,1.4145660400390625,2676.2904329299927
155330,1.4145660400390625,2676.5570549964905
155340,1.41461181640625,2676.7082817554474
155350,1.4146270751953125,2676.836238861084
155360,1.4146575927734375,2676.968658924103
155370,1.4146728515625,2677.1071689128876
155380,1.4146728515625,2677.2726929187775
155390,1.4146881103515625,2677.4474036693573
155400,1.414703369140625,2677.606128692627
155410,1.41473388671875,2677.7791237831116
155420,1.4147491455078125,2677.9293687343597
155430,1.414764404296875,2678.155891895294
155440,1.414764404296875,2678.3357739448547
155450,1.4147796630859375,2678.5143418312073
155460,1.4148101806640625,2678.647800683975
155470,1.414825439453125,2678.9158787727356
155480,1.414825439453125,2679.054750919342
155490,1.4148406982421875,2679.211192846298
155500,1.4148712158203125,2679.347890853882
155510,1.4148712158203125,2679.5284039974213
155520,1.414886474609375,2679.6580286026
155530,1.4149017333984375,2679.8967368602753
155540,1.4149017333984375,2680.084848880768
155550,1.414947509765625,2680.255901813507
155560,1.414947509765625,2680.4429807662964
155570,1.4149627685546875,2680.602902650833
155580,1.4149932861328125,2680.779659986496
155590,1.4150238037109375,2680.945426940918
155600,1.4150390625,2681.1146779060364
155610,1.4150543212890625,2681.2985348701477
155620,1.415069580078125,2681.427388906479
155630,1.415069580078125,2681.6124308109283
155640,1.4150848388671875,2681.7761359214783
155650,1.415130615234375,2681.910127878189
155660,1.4151458740234375,2682.081606864929
155670,1.4151611328125,2682.2741627693176
155680,1.4151611328125,2682.424257040024
155690,1.4151763916015625,2682.5634276866913
155700,1.41522216796875,2682.730964899063
155710,1.41522216796875,2682.93811583519
155720,1.41522216796875,2683.101126909256
155730,1.41522216796875,2683.277262687683
155740,1.4152374267578125,2683.4452316761017
155750,1.415252685546875,2683.60945892334
155760,1.415252685546875,2683.7935359477997
155770,1.4152679443359375,2683.9724237918854
155780,1.415283203125,2684.112464904785
155790,1.415313720703125,2684.2654078006744
155800,1.415313720703125,2684.391318798065
155810,1.41534423828125,2684.558903694153
155820,1.4153594970703125,2684.701234817505
155830,1.4153900146484375,2684.8837168216705
155840,1.4153900146484375,2685.031989812851
155850,1.415435791015625,2685.24089384079
155860,1.4154510498046875,2685.4213688373566
155870,1.4154510498046875,2685.6028027534485
155880,1.4154815673828125,2685.7699048519135
155890,1.415496826171875,2685.9688148498535
155900,1.415496826171875,2686.110272884369
155910,1.4155120849609375,2686.300197839737
155920,1.41552734375,2686.4756639003754
155930,1.4155426025390625,2686.641752719879
155940,1.415557861328125,2686.806216955185
155950,1.41558837890625,2686.973536014557
155960,1.415618896484375,2687.21018075943
155970,1.415618896484375,2687.412117958069
155980,1.4156341552734375,2687.5964438915253
155990,1.4156646728515625,2687.774065732956
156000,1.415679931640625,2687.9712977409363
156010,1.415679931640625,2688.107111930847
156020,1.415679931640625,2688.2979509830475
156030,1.4156951904296875,2688.4581146240234
156040,1.4157257080078125,2688.652554988861
156050,1.4157257080078125,2688.8129007816315
156060,1.415740966796875,2688.960266828537
156070,1.4157867431640625,2689.116759777069
156080,1.415802001953125,2689.2740817070007
156090,1.415802001953125,2689.430526971817
156100,1.41583251953125,2689.646677017212
156110,1.415863037109375,2689.811257839203
156120,1.4158782958984375,2689.949215888977
156130,1.4158935546875,2690.0832467079163
156140,1.4158935546875,2690.2497289180756
156150,1.4159088134765625,2690.4554998874664
156160,1.4159393310546875,2690.6071457862854
156170,1.41595458984375,2690.8144657611847
156180,1.4159698486328125,2690.96617603302
156190,1.4160003662109375,2691.114499807358
156200,1.416015625,2691.317276954651
156210,1.416015625,2691.5710787773132
156220,1.416015625,2691.7504897117615
156230,1.4160308837890625,2691.904134750366
156240,1.416046142578125,2692.0247778892517
156250,1.416046142578125,2692.1529557704926
156260,1.4160614013671875,2692.298195838928
156270,1.4160614013671875,2692.479924917221
156280,1.4160919189453125,2692.6874418258667
156290,1.4160919189453125,2692.849255800247
156300,1.416107177734375,2693.0216069221497
156310,1.4161376953125,2693.2355477809906
156320,1.4161376953125,2693.397673845291
156330,1.4161529541015625,2693.5492177009583
156340,1.4161834716796875,2693.6931388378143
156350,1.4161834716796875,2693.874000787735
156360,1.4162139892578125,2694.009552717209
156370,1.4162445068359375,2694.1560468673706
156380,1.416259765625,2694.3403227329254
156390,1.416259765625,2694.512046813965
156400,1.4162750244140625,2694.6777498722076
156410,1.416290283203125,2694.867308616638
156420,1.4163055419921875,2695.043408870697
156430,1.41632080078125,2695.1975989341736
156440,1.4163360595703125,2695.3504917621613
156450,1.416351318359375,2695.5612919330597
156460,1.4163818359375,2695.7312467098236
156470,1.4163818359375,2695.9796957969666
156480,1.4163970947265625,2696.1286158561707
156490,1.416412353515625,2696.2892956733704
156500,1.416412353515625,2696.4351558685303
156510,1.4164276123046875,2696.6040439605713
156520,1.4164581298828125,2696.7859568595886
156530,1.4164581298828125,2696.963344812393
156540,1.4164581298828125,2697.179322719574
156550,1.4164886474609375,2697.337473630905
156560,1.4165191650390625,2697.4844369888306
156570,1.416534423828125,2697.6247177124023
156580,1.4165496826171875,2697.795061826706
156590,1.41656494140625,2697.9563179016113
156600,1.4165802001953125,2698.294494867325
156610,1.4166107177734375,2698.528874874115
156620,1.4166107177734375,2698.6856546401978
156630,1.4166412353515625,2698.854033946991
156640,1.4166717529296875,2698.9841027259827
156650,1.4166717529296875,2699.2719769477844
156660,1.4166717529296875,2699.4578046798706
156670,1.416717529296875,2699.6354897022247
156680,1.4167327880859375,2699.833204984665
156690,1.4167327880859375,2699.970264673233
156700,1.4167633056640625,2700.156886816025
156710,1.4167633056640625,2700.379231929779
156720,1.4167633056640625,2700.5695066452026
156730,1.416778564453125,2700.7081389427185
156740,1.416778564453125,2700.9238498210907
156750,1.416778564453125,2701.086531639099
156760,1.4167938232421875,2701.2539477348328
156770,1.41680908203125,2701.444657802582
156780,1.41680908203125,2701.658677816391
156790,1.4168243408203125,2701.8107657432556
156800,1.4168548583984375,2702.0051877498627
156810,1.4168701171875,2702.160847902298
156820,1.4168853759765625,2702.4137086868286
156830,1.416900634765625,2702.566319704056
156840,1.4169158935546875,2702.7526438236237
156850,1.41693115234375,2702.9147017002106
156860,1.416961669921875,2703.054476737976
156870,1.4169769287109375,2703.2163457870483
156880,1.4169921875,2703.3521268367767
156890,1.4169921875,2703.5379598140717
156900,1.4170074462890625,2703.705608844757
156910,1.417022705078125,2703.8930497169495
156920,1.4170684814453125,2704.0341556072235
156930,1.4170684814453125,2704.199283838272
156940,1.417083740234375,2704.3725187778473
156950,1.4170989990234375,2704.536009788513
156960,1.4170989990234375,2704.7557299137115
156970,1.4171295166015625,2704.9328079223633
156980,1.4171295166015625,2705.155706882477
156990,1.417144775390625,2705.369862794876
157000,1.4171600341796875,2705.58940577507
157010,1.41717529296875,2705.7633998394012
157020,1.41717529296875,2705.973359823227
157030,1.4171905517578125,2706.157215833664
157040,1.417236328125,2706.343990802765
157050,1.417236328125,2706.4845356941223
157060,1.417266845703125,2706.6378569602966
157070,1.41729736328125,2706.862343788147
157080,1.41729736328125,2706.986019849777
157090,1.4173126220703125,2707.1935148239136
157100,1.417327880859375,2707.331170797348
157110,1.4173431396484375,2707.5269136428833
157120,1.4173736572265625,2707.7492208480835
157130,1.4173736572265625,2707.886016845703
157140,1.4173736572265625,2708.0574247837067
157150,1.4174346923828125,2708.231365919113
157160,1.417449951171875,2708.3878169059753
157170,1.417449951171875,2708.535373687744
157180,1.4174652099609375,2708.687591791153
157190,1.4174957275390625,2708.876686811447
157200,1.4174957275390625,2709.078826904297
157210,1.4174957275390625,2709.260133743286
157220,1.417510986328125,2709.416244983673
157230,1.417510986328125,2709.5582048892975
157240,1.4175262451171875,2709.716101884842
157250,1.41754150390625,2709.938901901245
157260,1.41754150390625,2710.116140604019
157270,1.4175567626953125,2710.2719717025757
157280,1.4176025390625,2710.556240797043
157290,1.4176025390625,2710.702211856842
157300,1.4176177978515625,2710.8767375946045
157310,1.417633056640625,2711.1250529289246
157320,1.4176483154296875,2711.3125166893005
157330,1.4176483154296875,2711.46288895607
157340,1.41766357421875,2711.695686817169
157350,1.4176788330078125,2711.8931217193604
157360,1.417694091796875,2712.0531928539276
157370,1.417724609375,2712.2132029533386
157380,1.4177398681640625,2712.394420862198
157390,1.417755126953125,2712.596982717514
157400,1.3784027099609375,2712.7987127304077
157410,1.3792724609375,2712.962689638138
157420,1.381500244140625,2713.1354596614838
157430,1.3815155029296875,2713.330124616623
157440,1.3815155029296875,2713.495666742325
157450,1.3815460205078125,2713.715176820755
157460,1.381561279296875,2713.866696834564
157470,1.381561279296875,2714.018358707428
157480,1.381561279296875,2714.191099882126
157490,1.381591796875,2714.3896017074585
157500,1.3816070556640625,2714.5915298461914
157510,1.3816070556640625,2714.7398846149445
157520,1.3816375732421875,2714.902993917465
157530,1.38165283203125,2715.1122167110443
157540,1.38165283203125,2715.250913619995
157550,1.3816986083984375,2715.4667630195618
157560,1.3816986083984375,2715.641211748123
157570,1.3817138671875,2715.830045938492
157580,1.3817291259765625,2716.06493473053
157590,1.381744384765625,2716.223429918289
157600,1.3817596435546875,2716.3955628871918
157610,1.38177490234375,2716.566839694977
157620,1.3817901611328125,2716.7072489261627
157630,1.381805419921875,2716.8757648468018
157640,1.3818206787109375,2717.041471004486
157650,1.3818511962890625,2717.267060995102
157660,1.381866455078125,2717.405817747116
157670,1.3818817138671875,2717.5778019428253
157680,1.3818817138671875,2717.731887817383
157690,1.38189697265625,2717.9047718048096
157700,1.3819732666015625,2718.078553676605
157710,1.3819732666015625,2718.2264099121094
157720,1.381988525390625,2718.4805607795715
157730,1.38201904296875,2718.625926733017
157740,1.3820343017578125,2718.8183150291443
157750,1.3820343017578125,2719.0127108097076
157760,1.3820343017578125,2719.163365840912
157770,1.382049560546875,2719.3085267543793
157780,1.3820648193359375,2719.525433778763
157790,1.3820953369140625,2719.6692187786102
157800,1.3820953369140625,2719.804651737213
157810,1.382110595703125,2719.922730922699
157820,1.3821258544921875,2720.0709528923035
157830,1.3821258544921875,2720.228940010071
157840,1.38214111328125,2720.4664986133575
157850,1.382171630859375,2720.638853788376
157860,1.3822021484375,2720.8874588012695
157870,1.3822021484375,2721.0199916362762
157880,1.3822174072265625,2721.1423008441925
157890,1.3822784423828125,2721.2670369148254
157900,1.3822784423828125,2721.4525368213654
157910,1.382293701171875,2721.6479008197784
157920,1.382293701171875,2721.776502609253
157930,1.38232421875,2721.967435836792
157940,1.382354736328125,2722.138777732849
157950,1.382354736328125,2722.317566871643
157960,1.3823699951171875,2722.469267845154
157970,1.38238525390625,2722.608913898468
157980,1.38238525390625,2722.7639470100403
157990,1.3824005126953125,2722.9228417873383
158000,1.3824310302734375,2723.093602657318
158010,1.3824462890625,2723.2619228363037
158020,1.382476806640625,2723.4163677692413
158030,1.3824920654296875,2723.585453748703
158040,1.38250732421875,2723.74010181427
158050,1.38250732421875,2723.8830416202545
158060,1.3825225830078125,2724.0266029834747
158070,1.382568359375,2724.181245803833
158080,1.3825836181640625,2724.349170923233
158090,1.382598876953125,2724.561194896698
158100,1.382598876953125,2724.7100269794464
158110,1.38262939453125,2724.9031579494476
158120,1.3826446533203125,2725.050922870636
158130,1.3826446533203125,2725.2182137966156
158140,1.3826751708984375,2725.4134368896484
158150,1.3827056884765625,2725.5679738521576
158160,1.3827362060546875,2725.7050127983093
158170,1.3827362060546875,2725.8862709999084
158180,1.38275146484375,2726.0287339687347
158190,1.38275146484375,2726.1600017547607
158200,1.382781982421875,2726.322390794754
158210,1.382781982421875,2726.4804348945618
158220,1.382781982421875,2726.746744632721
158230,1.382781982421875,2726.9122598171234
158240,1.3827972412109375,2727.049249649048
158250,1.3827972412109375,2727.212639808655
158260,1.3828277587890625,2727.3988428115845
158270,1.382843017578125,2727.6244349479675
158280,1.38287353515625,2727.7751359939575
158290,1.38287353515625,2727.920445919037
158300,1.3828887939453125,2728.102741956711
158310,1.382904052734375,2728.23673081398
158320,1.3829193115234375,2728.403465986252
158330,1.3829345703125,2728.5883226394653
158340,1.3829498291015625,2728.7742557525635
158350,1.3829498291015625,2728.9124608039856
158360,1.382965087890625,2729.053813934326
158370,1.38299560546875,2729.1996788978577
158380,1.383026123046875,2729.3512918949127
158390,1.383026123046875,2729.5014300346375
158400,1.383056640625,2729.6719007492065
158410,1.3830718994140625,2729.9359958171844
158420,1.383087158203125,2730.080832004547
158430,1.3831024169921875,2730.2264997959137
158440,1.3831024169921875,2730.401981830597
158450,1.3831329345703125,2730.5441098213196
158460,1.383148193359375,2730.7162675857544
158470,1.383148193359375,2730.8898146152496
158480,1.383148193359375,2731.0829739570618
158490,1.3831787109375,2731.2556817531586
158500,1.383209228515625,2731.4096817970276
158510,1.3832244873046875,2731.6026697158813
158520,1.38323974609375,2731.7623176574707
158530,1.3832550048828125,2731.9759197235107
158540,1.383270263671875,2732.1631088256836
158550,1.3832855224609375,2732.282429933548
158560,1.38330078125,2732.481076002121
158570,1.3833160400390625,2732.624564886093
158580,1.3833465576171875,2732.75923871994
158590,1.3833465576171875,2732.920367717743
158600,1.3833465576171875,2733.104560852051
158610,1.3833770751953125,2733.26805973053
158620,1.383392333984375,2733.443681716919
158630,1.3834075927734375,2733.606462955475
158640,1.3834381103515625,2733.776517868042
158650,1.383453369140625,2733.9157869815826
158660,1.383453369140625,2734.0860347747803
158670,1.3834686279296875,2734.2973449230194
158680,1.3834991455078125,2734.4461097717285
158690,1.3834991455078125,2734.616968870163
158700,1.383514404296875,2734.797018766403
158710,1.383514404296875,2735.0057039260864
158720,1.383544921875,2735.144130706787
158730,1.383544921875,2735.3271989822388
158740,1.383544921875,2735.51455783844
158750,1.383544921875,2735.710074901581
158760,1.3835906982421875,2735.8707950115204
158770,1.3835906982421875,2736.0111696720123
158780,1.3835906982421875,2736.159786939621
158790,1.3836212158203125,2736.3109397888184
158800,1.383636474609375,2736.4618928432465
158810,1.383636474609375,2736.64515376091
158820,1.3836669921875,2736.775599718094
158830,1.3836669921875,2736.9633479118347
158840,1.383697509765625,2737.162740945816
158850,1.3837127685546875,2737.3025999069214
158860,1.38372802734375,2737.4502367973328
158870,1.383758544921875,2737.56227183342
158880,1.3837890625,2737.7042009830475
158890,1.3837890625,2737.8335258960724
158900,1.3838043212890625,2738.0118057727814
158910,1.3838348388671875,2738.1788506507874
158920,1.3838348388671875,2738.409115791321
158930,1.38385009765625,2738.6239926815033
158940,1.3838653564453125,2738.7830426692963
158950,1.3838653564453125,2738.984275817871
158960,1.383880615234375,2739.116796731949
158970,1.3839111328125,2739.2531967163086
158980,1.3839111328125,2739.40803194046
158990,1.383941650390625,2739.5618119239807
159000,1.383941650390625,2739.742614030838
159010,1.38397216796875,2739.8850758075714
159020,1.38397216796875,2740.0268528461456
159030,1.3839874267578125,2740.16858792305
159040,1.3840179443359375,2740.3434088230133
159050,1.3840179443359375,2740.49480175972
159060,1.3840179443359375,2740.7209079265594
159070,1.384063720703125,2740.889531850815
159080,1.384063720703125,2741.048737049103
159090,1.3840789794921875,2741.2560126781464
159100,1.38409423828125,2741.426780939102
159110,1.384124755859375,2741.6021268367767
159120,1.3841400146484375,2741.78049993515
159130,1.3841705322265625,2741.916647911072
159140,1.3841705322265625,2742.128668785095
159150,1.3841705322265625,2742.280057668686
159160,1.3842010498046875,2742.429843902588
159170,1.3842315673828125,2742.5824778079987
159180,1.3842315673828125,2742.7158856391907
159190,1.384246826171875,2742.8658108711243
159200,1.3842620849609375,2743.0325887203217
159210,1.38427734375,2743.184151649475
159220,1.38427734375,2743.3314957618713
159230,1.3842926025390625,2743.495442867279
159240,1.384307861328125,2743.6191580295563
159250,1.38433837890625,2743.7841567993164
159260,1.38433837890625,2743.9178926944733
159270,1.38433837890625,2744.1500029563904
159280,1.384368896484375,2744.3224289417267
159290,1.3843841552734375,2744.5018107891083
159300,1.3843841552734375,2744.644821882248
159310,1.3843994140625,2744.775501728058
159320,1.384429931640625,2744.936467885971
159330,1.384429931640625,2745.0945098400116
159340,1.3844451904296875,2745.329517841339
159350,1.38446044921875,2745.50150680542
159360,1.3844757080078125,2745.6698880195618
159370,1.384490966796875,2745.826610803604
159380,1.3845062255859375,2745.9809107780457
159390,1.3845062255859375,2746.1615796089172
159400,1.3845367431640625,2746.3272688388824
159410,1.384552001953125,2746.4651827812195
159420,1.3845672607421875,2746.6390788555145
159430,1.38458251953125,2746.836088657379
159440,1.3845977783203125,2747.111341714859
159450,1.3845977783203125,2747.2494537830353
159460,1.3846282958984375,2747.451068878174
159470,1.3846435546875,2747.6392838954926
159480,1.3846588134765625,2747.8691577911377
159490,1.384674072265625,2748.055559873581
159500,1.3846893310546875,2748.254973888397
159510,1.3846893310546875,2748.408477783203
159520,1.384735107421875,2748.564661026001
159530,1.384735107421875,2748.751399755478
159540,1.384735107421875,2748.939356803894
159550,1.3847503662109375,2749.1019508838654
159560,1.3847808837890625,2749.234705924988
159570,1.384796142578125,2749.407267808914
159580,1.3848114013671875,2749.5651528835297
159590,1.3848419189453125,2749.755573987961
159600,1.384857177734375,2749.974464893341
159610,1.3848724365234375,2750.2123630046844
159620,1.3848724365234375,2750.3433997631073
159630,1.3848876953125,2750.479343891144
159640,1.3849029541015625,2750.657036781311
159650,1.384918212890625,2750.803027868271
159660,1.384918212890625,2750.98837685585
159670,1.3860321044921875,2751.1630008220673
159680,1.3860321044921875,2751.324800014496
159690,1.3860321044921875,2751.478389978409
159700,1.38604736328125,2751.6490366458893
159710,1.3860931396484375,2751.777859687805
159720,1.3860931396484375,2751.93723487854
159730,1.3860931396484375,2752.0917949676514
159740,1.3861236572265625,2752.2656729221344
159750,1.3861541748046875,2752.4493198394775
159760,1.3861846923828125,2752.5942068099976
159770,1.3862152099609375,2752.8465027809143
159780,1.38623046875,2753.037791967392
159790,1.3862457275390625,2753.221515893936
159800,1.3862457275390625,2753.366465806961
159810,1.3862762451171875,2753.545526742935
159820,1.38629150390625,2753.746157646179
159830,1.3863067626953125,2753.999935865402
159840,1.3863067626953125,2754.153243780136
159850,1.386322021484375,2754.319931745529
159860,1.3863525390625,2754.5147919654846
159870,1.3863525390625,2754.6639697551727
159880,1.3863525390625,2754.8034207820892
159890,1.386383056640625,2754.977710723877
159900,1.38641357421875,2755.154168844223
159910,1.38641357421875,2755.3348557949066
159920,1.3864288330078125,2755.4727318286896
159930,1.3864593505859375,2755.735110759735
159940,1.386474609375,2755.905901670456
159950,1.386505126953125,2756.1069869995117
159960,1.386505126953125,2756.340594768524
159970,1.3865203857421875,2756.4873390197754
159980,1.3865509033203125,2756.6872429847717
159990,1.3865509033203125,2756.864726781845
160000,1.3865509033203125,2757.0440299510956
160010,1.3865966796875,2757.1873648166656
160020,1.3865966796875,2757.3941309452057
160030,1.3865966796875,2757.5608959198
160040,1.3866119384765625,2757.729368686676
160050,1.386627197265625,2757.9998829364777
160060,1.38665771484375,2758.1533176898956
160070,1.386688232421875,2758.402701854706
160080,1.38671875,2758.5374116897583
160090,1.38671875,2758.739376783371
160100,1.386749267578125,2758.921731710434
160110,1.386749267578125,2759.082633972168
160120,1.386749267578125,2759.261929988861
160130,1.38677978515625,2759.4437198638916
160140,1.38677978515625,2759.6541538238525
160150,1.386810302734375,2759.822390794754
160160,1.3868255615234375,2759.99089384079
160170,1.3868255615234375,2760.1821386814117
160180,1.3868560791015625,2760.3227977752686
160190,1.386871337890625,2760.480465888977
160200,1.38690185546875,2760.631008863449
160210,1.3869171142578125,2760.856043577194
160220,1.386932373046875,2761.089831829071
160230,1.386932373046875,2761.3195447921753
160240,1.3869476318359375,2761.510824918747
160250,1.3869476318359375,2761.6533648967743
160260,1.3869476318359375,2761.806970834732
160270,1.3869781494140625,2761.9546678066254
160280,1.3870086669921875,2762.1116988658905
160290,1.3870086669921875,2762.250650882721
160300,1.3870086669921875,2762.449892759323
160310,1.3870391845703125,2762.719691991806
160320,1.387054443359375,2762.8611397743225
160330,1.3870697021484375,2763.0332379341125
160340,1.3870849609375,2763.1998138427734
160350,1.3871002197265625,2763.377128839493
160360,1.387115478515625,2763.5594186782837
160370,1.38714599609375,2763.70330786705
160380,1.38714599609375,2763.9136838912964
160390,1.38714599609375,2764.1053760051727
160400,1.387176513671875,2764.2788059711456
160410,1.3871917724609375,2764.4510548114777
160420,1.3871917724609375,2764.645617723465
160430,1.38720703125,2764.831451892853
160440,1.3872528076171875,2765.024261713028
160450,1.38726806640625,2765.1701996326447
160460,1.3872833251953125,2765.3141207695007
160470,1.3872833251953125,2765.49013876915
160480,1.387298583984375,2765.6860468387604
160490,1.3873138427734375,2765.9211468696594
160500,1.3873443603515625,2766.0874769687653
160510,1.3873443603515625,2766.244289636612
160520,1.3873748779296875,2766.4262137413025
160530,1.3873748779296875,2766.6278648376465
160540,1.38739013671875,2766.761318922043
160550,1.3874053955078125,2766.9140977859497
160560,1.387420654296875,2767.1161506175995
160570,1.387451171875,2767.2629528045654
160580,1.387481689453125,2767.457028865814
160590,1.387481689453125,2767.687402009964
160600,1.387481689453125,2767.819408893585
160610,1.3874969482421875,2768.047149658203
160620,1.387542724609375,2768.207268714905
160630,1.387542724609375,2768.3642897605896
160640,1.3875579833984375,2768.5250890254974
160650,1.3875579833984375,2768.688968896866
160660,1.3875732421875,2768.845491886139
160670,1.387603759765625,2768.9970757961273
160680,1.3876190185546875,2769.1399579048157
160690,1.3876495361328125,2769.3092999458313
160700,1.3878326416015625,2769.5283567905426
160710,1.387847900390625,2769.6761858463287
160720,1.3878631591796875,2769.873745918274
160730,1.38787841796875,2770.0237135887146
160740,1.3878936767578125,2770.24258184433
160750,1.3878936767578125,2770.429276943207
160760,1.387908935546875,2770.6148948669434
160770,1.3879241943359375,2770.7585978507996
160780,1.387939453125,2770.882556915283
160790,1.3879547119140625,2771.1398808956146
160800,1.387969970703125,2771.3257699012756
160810,1.3879852294921875,2771.502758741379
160820,1.38800048828125,2771.7011098861694
160830,1.3880157470703125,2771.835073709488
160840,1.388031005859375,2771.956161737442
160850,1.3880462646484375,2772.186698913574
160860,1.3880615234375,2772.3018696308136
160870,1.3880615234375,2772.486021757126
160880,1.3880615234375,2772.649812936783
160890,1.388092041015625,2772.834926843643
160900,1.3881072998046875,2773.004067659378
160910,1.3881072998046875,2773.182516813278
160920,1.3881378173828125,2773.357846736908
160930,1.388153076171875,2773.518384695053
160940,1.388153076171875,2773.6863038539886
160950,1.3881988525390625,2773.8497989177704
160960,1.3881988525390625,2774.0035479068756
160970,1.388214111328125,2774.1870079040527
160980,1.3882293701171875,2774.349014043808
160990,1.3882293701171875,2774.5223836898804
161000,1.3882598876953125,2774.7122938632965
161010,1.388275146484375,2774.8166778087616
161020,1.388275146484375,2775.0327517986298
161030,1.3882904052734375,2775.1829566955566
161040,1.388336181640625,2775.3969259262085
161050,1.38836669921875,2775.6403529644012
161060,1.38836669921875,2775.8055806159973
161070,1.3884124755859375,2775.9529588222504
161080,1.3884124755859375,2776.1180617809296
161090,1.3884124755859375,2776.2872908115387
161100,1.3884429931640625,2776.455195903778
161110,1.3884429931640625,2776.594374895096
161120,1.3884429931640625,2776.803253889084
161130,1.3884735107421875,2776.9652557373047
161140,1.38848876953125,2777.14080786705
161150,1.38848876953125,2777.3433978557587
161160,1.388519287109375,2777.510176897049
161170,1.3885498046875,2777.6407339572906
161180,1.3885498046875,2777.776551961899
161190,1.388580322265625,2777.9188668727875
161200,1.3885955810546875,2778.1154277324677
161210,1.38861083984375,2778.265327692032
161220,1.3886260986328125,2778.403041601181
161230,1.3886260986328125,2778.6161308288574
161240,1.388641357421875,2778.8025929927826
161250,1.3886566162109375,2779.025569677353
161260,1.3886566162109375,2779.1970098018646
161270,1.3886566162109375,2779.3413338661194
161280,1.3886871337890625,2779.4803369045258
161290,1.3887176513671875,2779.691746711731
161300,1.3887176513671875,2779.9417119026184
161310,1.3887481689453125,2780.1289608478546
161320,1.388763427734375,2780.281086921692
161330,1.388763427734375,2780.3953297138214
161340,1.3887786865234375,2780.5333666801453
161350,1.3887939453125,2780.7400608062744
161360,1.3888092041015625,2780.8776547908783
161370,1.388824462890625,2781.0370450019836
161380,1.388824462890625,2781.218039751053
161390,1.3888397216796875,2781.439528942108
161400,1.3888702392578125,2781.601537704468
161410,1.388885498046875,2781.7723758220673
161420,1.3889007568359375,2781.905971765518
161430,1.3889312744140625,2782.083834886551
161440,1.3889312744140625,2782.253536939621
161450,1.388946533203125,2782.4312839508057
161460,1.38897705078125,2782.568295955658
161470,1.38897705078125,2782.7233579158783
161480,1.389007568359375,2782.895920753479
161490,1.3890228271484375,2783.050500869751
161500,1.3890228271484375,2783.203570842743
161510,1.3890228271484375,2783.428944826126
161520,1.3890380859375,2783.5891258716583
161530,1.3890838623046875,2783.745085954666
161540,1.3890838623046875,2783.939957857132
161550,1.38909912109375,2784.092904806137
161560,1.38909912109375,2784.241884946823
161570,1.3891448974609375,2784.4229638576508
161580,1.3891754150390625,2784.5530548095703
161590,1.3891754150390625,2784.7034418582916
161600,1.3891754150390625,2784.918593645096
161610,1.3892059326171875,2785.031105041504
161620,1.38922119140625,2785.2204596996307
161630,1.38922119140625,2785.392353773117
161640,1.3892364501953125,2785.526683807373
161650,1.3892669677734375,2785.6805276870728
161660,1.3892822265625,2785.8385038375854
161670,1.3892974853515625,2785.9859006404877
161680,1.3892974853515625,2786.116115808487
161690,1.389312744140625,2786.2792117595673
161700,1.38934326171875,2786.428385734558
161710,1.3893585205078125,2786.619253873825
161720,1.3893585205078125,2786.739902973175
161730,1.3893585205078125,2786.92938375473
161740,1.3893890380859375,2787.0830228328705
161750,1.3893890380859375,2787.266210794449
161760,1.389404296875,2787.429369688034
161770,1.3894195556640625,2787.611503839493
161780,1.389434814453125,2787.7896089553833
161790,1.389434814453125,2788.019650697708
161800,1.389495849609375,2788.1432750225067
161810,1.389495849609375,2788.328733921051
161820,1.3895111083984375,2788.479211807251
161830,1.3895111083984375,2788.623550891876
161840,1.3895416259765625,2788.770432949066
161850,1.389556884765625,2788.9416258335114
161860,1.389556884765625,2789.1019127368927
161870,1.38958740234375,2789.257750749588
161880,1.3896026611328125,2789.3992598056793
161890,1.3896026611328125,2789.5474429130554
161900,1.3896484375,2789.735766649246
161910,1.3896636962890625,2789.877427816391
161920,1.3896636962890625,2790.071064710617
161930,1.389678955078125,2790.226632833481
161940,1.38970947265625,2790.4285559654236
161950,1.3897247314453125,2790.5565118789673
161960,1.3897247314453125,2790.7332606315613
161970,1.3897552490234375,2790.8649837970734
161980,1.3897705078125,2790.9985086917877
161990,1.3897705078125,2791.232046842575
162000,1.3897857666015625,2791.4984357357025
162010,1.3898162841796875,2791.675001859665
162020,1.38983154296875,2791.8961017131805
162030,1.3898468017578125,2792.0579488277435
162040,1.389862060546875,2792.2802228927612
162050,1.3898773193359375,2792.5238897800446
162060,1.3898773193359375,2792.7223370075226
162070,1.389923095703125,2792.880530834198
162080,1.389923095703125,2793.0227007865906
162090,1.3899383544921875,2793.20290184021
162100,1.3899688720703125,2793.451942920685
162110,1.3899993896484375,2793.6172800064087
162120,1.3899993896484375,2793.777190923691
162130,1.3900299072265625,2793.936428785324
162140,1.390045166015625,2794.1117639541626
162150,1.3900604248046875,2794.269638776779
162160,1.39007568359375,2794.4143238067627
162170,1.3900909423828125,2794.583561897278
162180,1.3900909423828125,2794.7482328414917
162190,1.3901214599609375,2794.8974277973175
162200,1.3901214599609375,2795.2017328739166
162210,1.3901214599609375,2795.40479183197
162220,1.390167236328125,2795.5640115737915
162230,1.3901824951171875,2795.7055218219757
162240,1.3901824951171875,2795.8895869255066
162250,1.3901824951171875,2796.0765450000763
162260,1.3902130126953125,2796.1935958862305
162270,1.390228271484375,2796.347396850586
162280,1.3902435302734375,2796.526359796524
162290,1.3902587890625,2796.7253777980804
162300,1.3902740478515625,2796.883116722107
162310,1.390289306640625,2797.0267848968506
162320,1.390289306640625,2797.174424648285
162330,1.390289306640625,2797.313890695572
162340,1.3903350830078125,2797.4964888095856
162350,1.390350341796875,2797.661383867264
162360,1.390350341796875,2797.912659883499
162370,1.390380859375,2798.085131883621
162380,1.390411376953125,2798.2559978961945
162390,1.39044189453125,2798.436415910721
162400,1.3904571533203125,2798.6116507053375
162410,1.3904571533203125,2798.8290996551514
162420,1.390472412109375,2798.960373878479
162430,1.3905029296875,2799.1768476963043
162440,1.3905181884765625,2799.3349318504333
162450,1.3905181884765625,2799.4743690490723
162460,1.3905487060546875,2799.621868610382
162470,1.39056396484375,2799.765564918518
162480,1.3905792236328125,2799.9589660167694
162490,1.390594482421875,2800.1098186969757
162500,1.390594482421875,2800.337584733963
162510,1.3906402587890625,2800.491933822632
162520,1.390655517578125,2800.657096862793
162530,1.390655517578125,2800.8092448711395
162540,1.390655517578125,2800.9619069099426
162550,1.3907012939453125,2801.113144636154
162560,1.3907012939453125,2801.263504743576
162570,1.390716552734375,2801.3957357406616
162580,1.3907470703125,2801.5668799877167
162590,1.3907623291015625,2801.7330198287964
162600,1.3907623291015625,2802.0003106594086
162610,1.390777587890625,2802.1497297286987
162620,1.3907928466796875,2802.357368707657
162630,1.39080810546875,2802.558668613434
162640,1.3908233642578125,2802.77752494812
162650,1.390838623046875,2803.008484840393
162660,1.3908538818359375,2803.1888518333435
162670,1.390869140625,2803.3687148094177
162680,1.390869140625,2803.5513536930084
162690,1.3908843994140625,2803.7274277210236
162700,1.3909149169921875,2803.914622783661
162710,1.3909149169921875,2804.053808927536
162720,1.3909149169921875,2804.2244067192078
162730,1.3909454345703125,2804.3781309127808
162740,1.390960693359375,2804.5644669532776
162750,1.390960693359375,2804.706624984741
162760,1.3909759521484375,2804.8774518966675
162770,1.3909912109375,2805.012331008911
162780,1.3910064697265625,2805.2054777145386
162790,1.391021728515625,2805.3652098178864
162800,1.3910369873046875,2805.5684049129486
162810,1.39105224609375,2805.7091267108917
162820,1.3910675048828125,2806.0118956565857
162830,1.391082763671875,2806.1627209186554
162840,1.391082763671875,2806.3068227767944
162850,1.39111328125,2806.4413118362427
162860,1.3911285400390625,2806.6211636066437
162870,1.3911590576171875,2806.8133108615875
162880,1.39117431640625,2807.009605884552
162890,1.3911895751953125,2807.2236847877502
162900,1.391204833984375,2807.4359040260315
162910,1.3912200927734375,2807.619298696518
162920,1.3912200927734375,2807.791459798813
162930,1.3912353515625,2807.9732060432434
162940,1.391265869140625,2808.141849756241
162950,1.391265869140625,2808.3416368961334
162960,1.391265869140625,2808.5424959659576
162970,1.39129638671875,2808.6874487400055
162980,1.3913116455078125,2808.8850769996643
162990,1.3913421630859375,2809.142595767975
163000,1.391357421875,2809.3650019168854
163010,1.391357421875,2809.530707836151
163020,1.391387939453125,2809.678372859955
163030,1.3914031982421875,2809.9398317337036
163040,1.3914031982421875,2810.1018068790436
163050,1.3914031982421875,2810.2564029693604
163060,1.391448974609375,2810.432000875473
163070,1.391448974609375,2810.6744859218597
163080,1.3914642333984375,2810.813222885132
163090,1.3914947509765625,2810.9890806674957
163100,1.3914947509765625,2811.1766169071198
163110,1.3914947509765625,2811.338799715042
163120,1.39154052734375,2811.487862586975
163130,1.3915557861328125,2811.6946787834167
163140,1.3915557861328125,2811.9277267456055
163150,1.391571044921875,2812.1296529769897
163160,1.3915863037109375,2812.287746667862
163170,1.3916015625,2812.4367690086365
163180,1.3916473388671875,2812.6289887428284
163190,1.3916473388671875,2812.7939257621765
163200,1.3916473388671875,2813.019464969635
163210,1.39166259765625,2813.2157559394836
163220,1.391693115234375,2813.362070798874
163230,1.391693115234375,2813.5317707061768
163240,1.3917083740234375,2813.7305500507355
163250,1.3917236328125,2813.910470724106
163260,1.391754150390625,2814.1010019779205
163270,1.391754150390625,2814.291012763977
163280,1.3917694091796875,2814.49352478981
163290,1.3917694091796875,2814.7672069072723
163300,1.3917999267578125,2814.948438644409
163310,1.391815185546875,2815.0795199871063
163320,1.391815185546875,2815.2371299266815
163330,1.3918304443359375,2815.404543876648
163340,1.3918609619140625,2815.5360538959503
163350,1.391876220703125,2815.7242918014526
163360,1.391876220703125,2815.8799319267273
163370,1.39190673828125,2816.114557981491
163380,1.39190673828125,2816.2777836322784
163390,1.3919219970703125,2816.426262617111
163400,1.391937255859375,2816.601218700409
163410,1.3919525146484375,2816.7380998134613
163420,1.3919525146484375,2816.8964228630066
163430,1.391998291015625,2817.0733098983765
163440,1.391998291015625,2817.205643892288
163450,1.391998291015625,2817.354137659073
163460,1.3920440673828125,2817.5268869400024
163470,1.392059326171875,2817.663749694824
163480,1.392059326171875,2817.817604780197
163490,1.3920745849609375,2817.972277879715
163500,1.3921051025390625,2818.147116661072
163510,1.392120361328125,2818.3307399749756
163520,1.39215087890625,2818.6151907444
163530,1.39215087890625,2818.7976336479187
163540,1.3921661376953125,2818.9409008026123
163550,1.392181396484375,2819.096992969513
163560,1.3921966552734375,2819.2808656692505
163570,1.3922119140625,2819.443681001663
163580,1.3922271728515625,2819.5805637836456
163590,1.392242431640625,2819.756642818451
163600,1.39227294921875,2819.960163831711
163610,1.392303466796875,2820.1324269771576
163620,1.392303466796875,2820.3427028656006
163630,1.392303466796875,2820.502823829651
163640,1.172515869140625,2820.713914871216
163650,1.1964874267578125,2821.0262048244476
163660,1.2212982177734375,2821.2033298015594
163670,1.2213287353515625,2821.340172767639
163680,1.20391845703125,2821.519491672516
163690,1.204254150390625,2821.689825773239
163700,1.20428466796875,2821.829850912094
163710,1.20428466796875,2821.989082813263
163720,1.20465087890625,2822.1798899173737
163730,1.2100982666015625,2822.32204079628
163740,1.279266357421875,2822.599165916443
163750,1.269683837890625,2822.7997357845306
163760,1.26971435546875,2822.9526720046997
163770,1.2697296142578125,2823.196843624115
163780,1.2697296142578125,2823.370091676712
163790,1.269744873046875,2823.545253753662
163800,1.2459716796875,2823.741662979126
163810,1.246856689453125,2823.9087767601013
163820,1.24688720703125,2824.0797476768494
163830,1.24688720703125,2824.2249279022217
163840,1.246917724609375,2824.381135702133
163850,1.246978759765625,2824.5657029151917
163860,1.2469940185546875,2824.717363834381
163870,1.24700927734375,2824.8910887241364
163880,1.2516021728515625,2825.077389717102
163890,1.2768707275390625,2825.30783367157
163900,1.2768707275390625,2825.529572725296
163910,1.236328125,2825.7357597351074
163920,1.236358642578125,2825.8894188404083
163930,1.236358642578125,2826.034550666809
163940,1.2363739013671875,2826.1791348457336
163950,1.23895263671875,2826.338875770569
163960,1.2389678955078125,2826.5038526058197
163970,1.251739501953125,2826.6790709495544
163980,1.2517547607421875,2826.8347878456116
163990,1.2517852783203125,2827.0521569252014
164000,1.2566070556640625,2827.2863659858704
164010,1.248382568359375,2827.488089799881
164020,1.248382568359375,2827.6348176002502
164030,1.197174072265625,2827.779978990555
164040,1.197174072265625,2827.9408168792725
164050,1.169281005859375,2828.1043298244476
164060,1.1072540283203125,2828.259153842926
164070,1.1072540283203125,2828.42391872406
164080,1.0950469970703125,2828.6429057121277
164090,1.05718994140625,2828.868689775467
164100,1.0572052001953125,2829.0340809822083
164110,1.0572052001953125,2829.195318698883
164120,1.057220458984375,2829.3545999526978
164130,1.0572357177734375,2829.5158047676086
164140,1.0572357177734375,2829.6503007411957
164150,1.0572662353515625,2829.8217318058014
164160,1.0593109130859375,2830.042380809784
164170,1.0593414306640625,2830.1907987594604
164180,1.059356689453125,2830.3862998485565
164190,1.06304931640625,2830.593565940857
164200,1.144256591796875,2830.9413318634033
164210,1.144287109375,2831.1177368164062
164220,1.1443023681640625,2831.299671649933
164230,1.1443023681640625,2831.5087258815765
164240,1.1204833984375,2831.677528858185
164250,1.1204986572265625,2831.806530714035
164260,1.120513916015625,2831.965964794159
164270,1.1205291748046875,2832.1592457294464
164280,1.12054443359375,2832.3130388259888
164290,1.12054443359375,2832.4802317619324
164300,1.120574951171875,2832.657607793808
164310,1.1205902099609375,2832.843202829361
164320,1.137542724609375,2833.060329914093
164330,1.1375732421875,2833.24067568779
164340,1.1381988525390625,2833.447434902191
164350,1.1381988525390625,2833.576827764511
164360,1.131683349609375,2833.7797288894653
164370,1.1334075927734375,2833.9382467269897
164380,1.1334381103515625,2834.1099157333374
164390,1.133453369140625,2834.2832577228546
164400,1.133453369140625,2834.4375088214874
164410,1.146881103515625,2834.743330717087
164420,1.1469268798828125,2834.8970947265625
164430,1.1469268798828125,2835.064526796341
164440,1.1469268798828125,2835.2014899253845
164450,1.1490631103515625,2835.4006888866425
164460,1.1490631103515625,2835.6133949756622
164470,1.1490631103515625,2835.7900767326355
164480,1.14910888671875,2835.9938995838165
164490,1.14910888671875,2836.1600539684296
164500,1.14910888671875,2836.343804836273
164510,1.150115966796875,2836.528918027878
164520,1.150146484375,2836.6934068202972
164530,1.150146484375,2836.891223669052
164540,1.1501617431640625,2837.052280664444
164550,1.150177001953125,2837.257889032364
164560,1.150177001953125,2837.432350873947
164570,1.1502227783203125,2837.554347038269
164580,1.150238037109375,2837.7342789173126
164590,1.1502532958984375,2837.8800399303436
164600,1.150299072265625,2838.040586948395
164610,1.150390625,2838.242338657379
164620,1.150390625,2838.4108657836914
164630,1.152496337890625,2838.590768814087
164640,1.1525115966796875,2838.744683742523
164650,1.1525115966796875,2838.91383767128
164660,1.15252685546875,2839.0643718242645
164670,1.1525421142578125,2839.198446750641
164680,1.1451263427734375,2839.365327835083
164690,1.14410400390625,2839.561475753784
164700,1.1203460693359375,2839.8022167682648
164710,1.1212158203125,2840.01504778862
164720,1.1212615966796875,2840.2367837429047
164730,1.1212615966796875,2840.380445957184
164740,1.1212615966796875,2840.5537819862366
164750,1.12481689453125,2840.7917137145996
164760,1.1248321533203125,2840.999231815338
164770,1.124847412109375,2841.1377127170563
164780,1.1248779296875,2841.324419736862
164790,1.12493896484375,2841.589463710785
164800,1.12493896484375,2841.731469631195
164810,1.1249847412109375,2841.9138927459717
164820,1.1249847412109375,2842.116834640503
164830,1.125,2842.2700669765472
164840,1.1250152587890625,2842.4264628887177
164850,1.125030517578125,2842.589866876602
164860,1.1255950927734375,2842.74423289299
164870,1.1255950927734375,2842.873352766037
164880,1.1256103515625,2843.0225348472595
164890,1.125640869140625,2843.193861722946
164900,1.1256561279296875,2843.347035884857
164910,1.12982177734375,2843.5649626255035
164920,1.12982177734375,2843.7324278354645
164930,1.12982177734375,2843.9016547203064
164940,1.129852294921875,2844.082258939743
164950,1.1298675537109375,2844.213865995407
164960,1.1298675537109375,2844.4074397087097
164970,1.1298980712890625,2844.576098680496
164980,1.11468505859375,2844.8065316677094
164990,1.1147003173828125,2844.9906458854675
165000,1.114715576171875,2845.1566128730774
165010,1.1147308349609375,2845.321427822113
165020,1.1147308349609375,2845.448890686035
165030,1.114776611328125,2845.5994238853455
165040,1.1003570556640625,2845.811688899994
165050,1.1003875732421875,2845.978840827942
165060,1.1004180908203125,2846.124993801117
165070,1.1004180908203125,2846.3330907821655
165080,1.100433349609375,2846.4979479312897
165090,1.092437744140625,2846.6916506290436
165100,1.053680419921875,2846.8740627765656
165110,1.0536956787109375,2847.0370507240295
165120,1.0537261962890625,2847.177577972412
165130,1.0537261962890625,2847.398372888565
165140,1.053741455078125,2847.628513813019
165150,1.0537567138671875,2847.7940757274628
165160,1.0537872314453125,2847.9301488399506
165170,1.053802490234375,2848.1546239852905
165180,1.0538330078125,2848.294816970825
165190,1.0538330078125,2848.442732810974
165200,1.0538482666015625,2848.6922359466553
165210,1.0546875,2848.9451546669006
165220,1.0546875,2849.103521823883
165230,1.0547027587890625,2849.227361679077
165240,1.054718017578125,2849.3826298713684
165250,1.054718017578125,2849.557933807373
165260,1.054718017578125,2849.7572107315063
165270,1.054718017578125,2849.9008238315582
165280,1.05474853515625,2850.111454963684
165290,1.0547637939453125,2850.3052248954773
165300,1.0547943115234375,2850.5168788433075
165310,1.0547943115234375,2850.7015419006348
165320,1.071258544921875,2851.0134818553925
165330,1.0712738037109375,2851.197424888611
165340,1.0712890625,2851.333941936493
165350,1.0712890625,2851.499311685562
165360,1.071319580078125,2851.639991760254
165370,1.0713348388671875,2851.7831947803497
165380,1.07135009765625,2852.0112676620483
165390,1.0713653564453125,2852.204111814499
165400,1.071380615234375,2852.462399959564
165410,1.071380615234375,2852.6516449451447
165420,1.0714111328125,2852.8183386325836
165430,1.0714111328125,2853.0373759269714
165440,1.071441650390625,2853.25528883934
165450,1.0714569091796875,2853.5179047584534
165460,1.005706787109375,2853.674682855606
165470,0.9945526123046875,2853.833297729492
165480,0.99462890625,2853.999012708664
165490,0.999755859375,2854.1879408359528
165500,0.997711181640625,2854.3594658374786
165510,0.992034912109375,2854.549569606781
165520,0.9372100830078125,2854.7941267490387
165530,0.9372100830078125,2854.966682910919
165540,0.937286376953125,2855.153889656067
165550,0.938751220703125,2855.318860769272
165560,0.938751220703125,2855.468018770218
165570,0.9387664794921875,2855.61998796463
165580,0.9387969970703125,2855.7831637859344
165590,0.938812255859375,2855.930789709091
165600,0.9388427734375,2856.082773923874
165610,0.943115234375,2856.2787098884583
165620,0.943115234375,2856.43963599205
165630,0.9431304931640625,2856.585322856903
165640,0.943145751953125,2856.7636017799377
165650,0.9431610107421875,2856.9558317661285
165660,0.9431915283203125,2857.1562337875366
165670,0.943206787109375,2857.3843319416046
165680,0.943206787109375,2857.524048805237
165690,0.9460296630859375,2857.6924588680267
165700,0.94671630859375,2857.8660469055176
165710,0.9499664306640625,2858.1204957962036
165720,0.9504852294921875,2858.311533689499
165730,0.9504852294921875,2858.4875497817993
165740,0.95050048828125,2858.6422498226166
165750,0.9505157470703125,2858.797064781189
165760,0.950531005859375,2858.9376678466797
165770,0.950531005859375,2859.0832335948944
165780,0.9505615234375,2859.256498813629
165790,0.950592041015625,2859.4154686927795
165800,0.9506072998046875,2859.571414709091
165810,0.9508514404296875,2859.791233778
165820,0.9508514404296875,2859.964597940445
165830,0.95086669921875,2860.1242938041687
165840,0.950897216796875,2860.242334842682
165850,0.950897216796875,2860.3841400146484
165860,0.950897216796875,2860.5553567409515
165870,0.950927734375,2860.700989961624
165880,0.9509429931640625,2860.8657369613647
165890,0.95098876953125,2861.024674654007
165900,0.9510040283203125,2861.191704750061
165910,0.9510345458984375,2861.3666577339172
165920,0.9510345458984375,2861.5339856147766
165930,0.9510650634765625,2861.703139781952
165940,0.9510955810546875,2861.9029128551483
165950,0.9514617919921875,2862.054907798767
165960,0.95147705078125,2862.239982843399
165970,0.95147705078125,2862.4423129558563
165980,0.95147705078125,2862.6061868667603
165990,0.9515228271484375,2862.801569700241
166000,0.9515228271484375,2862.993752717972
166010,0.9515228271484375,2863.1414997577667
166020,0.951507568359375,2863.3146739006042
166030,0.9515228271484375,2863.4570388793945
166040,0.9515533447265625,2863.6079008579254
166050,0.95159912109375,2863.7434878349304
166060,0.988677978515625,2863.9693887233734
166070,0.988677978515625,2864.1941618919373
166080,0.9887237548828125,2864.4172999858856
166090,0.988739013671875,2864.535053730011
166100,0.988739013671875,2864.6826808452606
166110,0.9887542724609375,2864.8511397838593
166120,0.98876953125,2864.9743099212646
166130,0.988800048828125,2865.147671699524
166140,0.9888153076171875,2865.3419246673584
166150,0.98883056640625,2865.5639288425446
166160,0.9888458251953125,2865.732428789139
166170,0.9888763427734375,2865.9819707870483
166180,0.9888763427734375,2866.1317937374115
166190,0.9888916015625,2866.2941839694977
166200,0.9889373779296875,2866.4462118148804
166210,0.9889373779296875,2866.656805753708
166220,0.98895263671875,2866.809501886368
166230,0.98895263671875,2866.9837398529053
166240,0.98895263671875,2867.141459941864
166250,0.98895263671875,2867.30610203743
166260,0.9889678955078125,2867.48921585083
166270,1.0524749755859375,2867.7447917461395
166280,1.0524749755859375,2868.0013377666473
166290,1.0524749755859375,2868.1433279514313
166300,1.052520751953125,2868.329895734787
166310,1.05255126953125,2868.491532802582
166320,1.05255126953125,2868.7203357219696
166330,1.0525665283203125,2868.906248807907
166340,1.0525665283203125,2869.037624835968
166350,1.0525970458984375,2869.1717739105225
166360,1.052642822265625,2869.3198347091675
166370,1.0526580810546875,2869.4776697158813
166380,1.055328369140625,2869.7261247634888
166390,1.0553741455078125,2869.897169828415
166400,1.0553741455078125,2870.076606988907
166410,1.06585693359375,2870.4121057987213
166420,1.0658721923828125,2870.5842759609222
166430,1.0658721923828125,2870.732792854309
166440,1.065887451171875,2870.9086096286774
166450,1.0659027099609375,2871.1062257289886
166460,1.0659027099609375,2871.3127517700195
166470,1.0659027099609375,2871.50190281868
166480,1.0659332275390625,2871.676951646805
166490,1.065948486328125,2871.8623838424683
166500,1.06597900390625,2872.0636217594147
166510,1.066009521484375,2872.225933790207
166520,1.066009521484375,2872.378096818924
166530,1.066009521484375,2872.5292208194733
166540,1.0660247802734375,2872.7386298179626
166550,1.0660400390625,2873.05646777153
166560,1.066070556640625,2873.2407579421997
166570,1.0660858154296875,2873.419925928116
166580,1.06610107421875,2873.5768337249756
166590,1.06610107421875,2873.7437319755554
166600,1.0661468505859375,2873.9117608070374
166610,1.066162109375,2874.145299911499
166620,1.066162109375,2874.324547767639
166630,1.066192626953125,2874.498634815216
166640,1.066192626953125,2874.7799339294434
166650,1.0662078857421875,2874.9354677200317
166660,1.06622314453125,2875.072317838669
166670,1.0662384033203125,2875.2664518356323
166680,1.0662384033203125,2875.4809169769287
166690,1.066253662109375,2875.637937784195
166700,1.0662689208984375,2875.865036010742
166710,1.0662689208984375,2876.1020398139954
166720,1.0662994384765625,2876.25869679451
166730,1.0662994384765625,2876.44925904274
166740,1.06634521484375,2876.620722770691
166750,1.0663604736328125,2876.81222987175
166760,1.0663604736328125,2877.000378847122
166770,1.066375732421875,2877.1804196834564
166780,1.06640625,2877.379868745804
166790,1.0664215087890625,2877.546865940094
166800,1.0664215087890625,2877.6931817531586
166810,1.0664520263671875,2877.843965768814
166820,1.0664520263671875,2878.0297746658325
166830,1.0664825439453125,2878.183534860611
166840,1.0672149658203125,2878.378630876541
166850,1.0677337646484375,2878.5361008644104
166860,1.0677337646484375,2878.7106199264526
166870,1.0677642822265625,2878.913766860962
166880,1.06781005859375,2879.135564804077
166890,1.06781005859375,2879.300969839096
166900,1.0678253173828125,2879.504094839096
166910,1.067840576171875,2879.685613632202
166920,1.0678558349609375,2879.8788616657257
166930,1.06787109375,2880.0806498527527
166940,1.06787109375,2880.2248578071594
166950,1.0678863525390625,2880.4387509822845
166960,1.067901611328125,2880.585551738739
166970,1.0679168701171875,2880.7746827602386
166980,1.0679168701171875,2880.9314477443695
166990,1.0679473876953125,2881.0789997577667
167000,1.067962646484375,2881.2387137413025
167010,1.0679779052734375,2881.417619943619
167020,1.0680084228515625,2881.565158843994
167030,1.068023681640625,2881.76011800766
167040,1.0680389404296875,2881.978647708893
167050,1.06805419921875,2882.172486782074
167060,1.06805419921875,2882.410850763321
167070,1.0680694580078125,2882.6005687713623
167080,1.0683135986328125,2882.787291765213
167090,1.0683441162109375,2882.9711706638336
167100,1.0683441162109375,2883.2097537517548
167110,1.068359375,2883.3997898101807
167120,1.0683746337890625,2883.552750825882
167130,1.0711822509765625,2883.7948789596558
167140,1.07122802734375,2883.9541347026825
167150,1.07122802734375,2884.1317796707153
167160,1.07122802734375,2884.294178724289
167170,1.0712432861328125,2884.4783358573914
167180,1.071258544921875,2884.7206587791443
167190,1.0712738037109375,2884.893791913986
167200,1.0713043212890625,2885.0571179389954
167210,1.0713043212890625,2885.2584507465363
167220,1.0713348388671875,2885.437242746353
167230,1.0713348388671875,2885.6133456230164
167240,1.0713348388671875,2885.806310892105
167250,1.07135009765625,2885.990234851837
167260,1.0713653564453125,2886.1407039165497
167270,1.071380615234375,2886.2810719013214
167280,1.071380615234375,2886.44486284256
167290,1.0713958740234375,2886.6039040088654
167300,1.0714111328125,2886.7815759181976
167310,1.0714263916015625,2886.893947839737
167320,1.07147216796875,2887.062143802643
167330,1.07147216796875,2887.2834928035736
167340,1.0714874267578125,2887.4359798431396
167350,1.071502685546875,2887.64005279541
167360,1.071533203125,2887.81236076355
167370,1.0715484619140625,2888.0050349235535
167380,1.071563720703125,2888.1636707782745
167390,1.071563720703125,2888.3405907154083
167400,1.071563720703125,2888.4874618053436
167410,1.0716094970703125,2888.6556379795074
167420,1.0716400146484375,2888.9098508358
167430,1.0716400146484375,2889.110664844513
167440,1.0716552734375,2889.3586916923523
167450,1.0716552734375,2889.5279898643494
167460,1.0716705322265625,2889.732982635498
167470,1.0717010498046875,2889.9078798294067
167480,1.0717010498046875,2890.0463197231293
167490,1.07171630859375,2890.2151408195496
167500,1.0717315673828125,2890.3745868206024
167510,1.0717620849609375,2890.511123895645
167520,1.0717620849609375,2890.6713898181915
167530,1.0717926025390625,2890.887081861496
167540,1.0717926025390625,2891.0521738529205
167550,1.0717926025390625,2891.2190158367157
167560,1.071807861328125,2891.40393781662
167570,1.07183837890625,2891.5986738204956
167580,1.0727996826171875,2891.9278547763824
167590,1.0728302001953125,2892.1389648914337
167600,1.072845458984375,2892.281814813614
167610,1.0728759765625,2892.446002960205
167620,1.0728912353515625,2892.569921016693
167630,1.0728912353515625,2892.8435797691345
167640,1.072906494140625,2893.0381219387054
167650,1.0729217529296875,2893.217419862747
167660,1.0729217529296875,2893.4121267795563
167670,1.07293701171875,2893.586900949478
167680,1.072967529296875,2893.7607867717743
167690,1.072967529296875,2893.9382858276367
167700,1.0729827880859375,2894.2088718414307
167710,1.072998046875,2894.4455568790436
167720,1.0730133056640625,2894.6812767982483
167730,1.073028564453125,2894.874899864197
167740,1.073028564453125,2895.0246698856354
167750,1.073028564453125,2895.2018218040466
167760,1.0815887451171875,2895.383765935898
167770,1.0816192626953125,2895.551463842392
167780,1.0816192626953125,2895.695031642914
167790,1.081634521484375,2895.8665306568146
167800,1.081634521484375,2896.0356040000916
167810,1.0816650390625,2896.2432827949524
167820,1.0816650390625,2896.425764799118
167830,1.0816802978515625,2896.577637910843
167840,1.0817108154296875,2896.719934940338
167850,1.08172607421875,2896.934173822403
167860,1.0817413330078125,2897.0734589099884
167870,1.0817718505859375,2897.247027873993
167880,1.081787109375,2897.397809743881
167890,1.081787109375,2897.5584766864777
167900,1.0818023681640625,2897.714178800583
167910,1.0818328857421875,2897.860939025879
167920,1.0818328857421875,2898.0834889411926
167930,1.08184814453125,2898.22243976593
167940,1.0819091796875,2898.3705179691315
167950,1.0819091796875,2898.535817861557
167960,1.081939697265625,2898.6767308712006
167970,1.0819549560546875,2898.8684108257294
167980,1.08197021484375,2899.024489879608
167990,1.0819854736328125,2899.201000928879
168000,1.0819854736328125,2899.348950624466
168010,1.082000732421875,2899.57350564003
168020,1.08203125,2899.723114967346
168030,1.08203125,2899.8617646694183
168040,1.08203125,2900.108798980713
168050,1.082061767578125,2900.3897087574005
168060,1.0820770263671875,2900.5806999206543
168070,1.0820770263671875,2900.7535128593445
168080,1.0821075439453125,2900.939393758774
168090,1.0821533203125,2901.215397834778
168100,1.0821990966796875,2901.4187757968903
168110,1.08221435546875,2901.6023428440094
168120,1.08221435546875,2901.7704198360443
168130,1.08221435546875,2902.0237057209015
168140,1.082244873046875,2902.182276725769
168150,1.0822601318359375,2902.3448939323425
168160,1.082275390625,2902.540552854538
168170,1.0822906494140625,2902.6982967853546
168180,1.082305908203125,2902.8534207344055
168190,1.082305908203125,2902.974467754364
168200,1.08233642578125,2903.1381907463074
168210,1.0823516845703125,2903.344002723694
168220,1.082366943359375,2903.5417578220367
168230,1.0823822021484375,2903.6933677196503
168240,1.0823822021484375,2903.8419177532196
168250,1.082427978515625,2904.0205676555634
168260,1.0824432373046875,2904.193963766098
168270,1.0824432373046875,2904.3349068164825
168280,1.0824432373046875,2904.4739966392517
168290,1.08245849609375,2904.638960838318
168300,1.08245849609375,2904.820937871933
168310,1.0824737548828125,2905.050078868866
168320,1.082489013671875,2905.237603664398
168330,1.0825347900390625,2905.396249771118
168340,1.082550048828125,2905.588794708252
168350,1.08258056640625,2905.7313590049744
168360,1.08258056640625,2905.9155566692352
168370,1.0825958251953125,2906.1112937927246
168380,1.0826416015625,2906.3988387584686
168390,1.0826416015625,2906.589102745056
168400,1.0826568603515625,2906.7695848941803
168410,1.0826873779296875,2906.926685810089
168420,1.0826873779296875,2907.113484621048
168430,1.0826873779296875,2907.2503497600555
168440,1.0827178955078125,2907.3933157920837
168450,1.082733154296875,2907.518154859543
168460,1.0831146240234375,2907.813812971115
168470,1.0831298828125,2907.9913918972015
168480,1.0831451416015625,2908.1626880168915
168490,1.083160400390625,2908.314787864685
168500,1.0831756591796875,2908.5205566883087
168510,1.0831756591796875,2908.700851917267
168520,1.08319091796875,2908.8444747924805
168530,1.0832061767578125,2909.0421187877655
168540,1.083221435546875,2909.251234769821
168550,1.083221435546875,2909.4546587467194
168560,1.083251953125,2909.6504719257355
168570,1.083251953125,2909.8442256450653
168580,1.083282470703125,2909.9828159809113
168590,1.0840911865234375,2910.2191977500916
168600,1.0841064453125,2910.4251708984375
168610,1.084136962890625,2910.5900688171387
168620,1.0841522216796875,2910.7827179431915
168630,1.0841522216796875,2910.9412117004395
168640,1.08416748046875,2911.1040120124817
168650,1.084197998046875,2911.2805387973785
168660,1.0842132568359375,2911.483764886856
168670,1.084228515625,2911.66530585289
168680,1.0842437744140625,2911.8726947307587
168690,1.0843048095703125,2912.1318049430847
168700,1.0843505859375,2912.3260037899017
168710,1.0843658447265625,2912.461000919342
168720,1.0843658447265625,2912.6192886829376
168730,1.084381103515625,2912.858431816101
168740,1.084381103515625,2913.015315771103
168750,1.084381103515625,2913.142987012863
168760,1.08441162109375,2913.3060159683228
168770,1.08441162109375,2913.423045873642
168780,1.0845794677734375,2913.636693954468
168790,1.0845794677734375,2913.7718307971954
168800,1.0845947265625,2914.0039019584656
168810,1.0845947265625,2914.1507756710052
168820,1.0846405029296875,2914.3407096862793
168830,1.08465576171875,2914.5386669635773
168840,1.08465576171875,2914.6819908618927
168850,1.084686279296875,2914.8351469039917
168860,1.0847015380859375,2915.01815867424
168870,1.0847015380859375,2915.1762969493866
168880,1.0847320556640625,2915.4801857471466
168890,1.0847625732421875,2915.6291189193726
168900,1.0847930908203125,2915.7571098804474
168910,1.0847930908203125,2915.9537506103516
168920,1.084808349609375,2916.14608168602
168930,1.084808349609375,2916.294221639633
168940,1.0848388671875,2916.4862158298492
168950,1.0848541259765625,2916.6547327041626
168960,1.084869384765625,2916.851697921753
168970,1.084869384765625,2917.0285527706146
168980,1.0849151611328125,2917.183781862259
168990,1.0849151611328125,2917.3433978557587
169000,1.0849151611328125,2917.5804908275604
169010,1.0849609375,2917.7620618343353
169020,1.0849609375,2917.9492149353027
169030,1.0849609375,2918.107697725296
169040,1.0849761962890625,2918.300486803055
169050,1.0850067138671875,2918.462334871292
169060,1.08502197265625,2918.613526582718
169070,1.0850372314453125,2918.7830777168274
169080,1.085052490234375,2918.9644508361816
169090,1.0850830078125,2919.1327397823334
169100,1.0850982666015625,2919.285782814026
169110,1.085113525390625,2919.4707520008087
169120,1.0851287841796875,2919.6504797935486
169130,1.0851593017578125,2919.826071739197
169140,1.0851593017578125,2919.9711899757385
169150,1.085174560546875,2920.141546010971
169160,1.085205078125,2920.3197178840637
169170,1.085205078125,2920.470818758011
169180,1.0852203369140625,2920.6019740104675
169190,1.085235595703125,2920.734616756439
169200,1.08526611328125,2920.921085834503
169210,1.08526611328125,2921.112914800644
169220,1.0852813720703125,2921.3000876903534
169230,1.0852813720703125,2921.4498937129974
169240,1.0853118896484375,2921.580854654312
169250,1.0853118896484375,2921.720351934433
169260,1.0853118896484375,2921.879849910736
169270,1.0853118896484375,2922.017234802246
169280,1.0853271484375,2922.1492578983307
169290,1.085357666015625,2922.326029777527
169300,1.0853729248046875,2922.5113689899445
169310,1.0854034423828125,2922.6858339309692
169320,1.0856170654296875,2922.8541026115417
169330,1.0856170654296875,2923.0101997852325
169340,1.0856475830078125,2923.1708810329437
169350,1.085662841796875,2923.304728746414
169360,1.0856781005859375,2923.4847795963287
169370,1.085693359375,2923.6858007907867
169380,1.0857086181640625,2923.889441013336
169390,1.085723876953125,2924.031052827835
169400,1.085723876953125,2924.187191724777
169410,1.0857391357421875,2924.3881447315216
169420,1.0857696533203125,2924.5320208072662
169430,1.085784912109375,2924.6699719429016
169440,1.0858154296875,2924.807060956955
169450,1.0858154296875,2924.9595007896423
169460,1.0861358642578125,2925.176634788513
169470,1.086181640625,2925.3530926704407
169480,1.086181640625,2925.5596837997437
169490,1.086181640625,2925.7284049987793
169500,1.0861968994140625,2925.927968978882
169510,1.0862274169921875,2926.0866067409515
169520,1.0862274169921875,2926.255712032318
169530,1.08624267578125,2926.4023938179016
169540,1.0862579345703125,2926.592558860779
169550,1.0862884521484375,2926.766936779022
169560,1.0863037109375,2926.918608903885
169570,1.0863037109375,2927.0960099697113
169580,1.0863189697265625,2927.2623298168182
169590,1.0863494873046875,2927.4015049934387
169600,1.08636474609375,2927.543041706085
169610,1.08636474609375,2927.707534790039
169620,1.0864105224609375,2927.8818140029907
169630,1.0864105224609375,2928.08437871933
169640,1.08642578125,2928.2633957862854
169650,1.0864410400390625,2928.4436490535736
169660,1.086456298828125,2928.5929956436157
169670,1.0864715576171875,2928.7485539913177
169680,1.0865020751953125,2928.8981759548187
169690,1.086517333984375,2929.072534799576
169700,1.086517333984375,2929.220609664917
169710,1.0865325927734375,2929.3762588500977
169720,1.0865325927734375,2929.550039768219
169730,1.0865325927734375,2929.7615377902985
169740,1.0865631103515625,2929.908434867859
169750,1.0865631103515625,2930.0710656642914
169760,1.0865631103515625,2930.253327846527
169770,1.16278076171875,2930.576089859009
169780,1.16278076171875,2930.7941467761993
169790,1.1627960205078125,2930.9255907535553
169800,1.162811279296875,2931.103572845459
169810,1.162841796875,2931.256773710251
169820,1.162841796875,2931.3955738544464
169830,1.1628570556640625,2931.5889728069305
169840,1.1628570556640625,2931.8001096248627
169850,1.1628875732421875,2931.950045824051
169860,1.16290283203125,2932.1392760276794
169870,1.1629180908203125,2932.354969739914
169880,1.1629486083984375,2932.5065178871155
169890,1.1629791259765625,2932.6896829605103
169900,1.1629791259765625,2932.917233943939
169910,1.162994384765625,2933.0665488243103
169920,1.16302490234375,2933.2505037784576
169930,1.1630401611328125,2933.4098608493805
169940,1.163055419921875,2933.6200618743896
169950,1.1630706787109375,2933.7690827846527
169960,1.1631011962890625,2934.0446248054504
169970,1.1631011962890625,2934.2149698734283
169980,1.1631317138671875,2934.3539707660675
169990,1.1631927490234375,2934.5212738513947
170000,1.1631927490234375,2934.68714761734
170010,1.1632080078125,2934.879083633423
170020,1.1632232666015625,2935.076990842819
170030,1.1632537841796875,2935.223657846451
170040,1.16326904296875,2935.465507745743
170050,1.1632843017578125,2935.644412755966
170060,1.1632843017578125,2935.8307497501373
170070,1.163299560546875,2935.9711129665375
170080,1.1633148193359375,2936.1108198165894
170090,1.1633453369140625,2936.2882947921753
170100,1.163360595703125,2936.499366760254
170110,1.1650848388671875,2936.7013199329376
170120,1.1650848388671875,2936.8762209415436
170130,1.165130615234375,2937.14462685585
170140,1.1651458740234375,2937.3462636470795
170150,1.1651458740234375,2937.5285687446594
170160,1.1651763916015625,2937.683879852295
170170,1.165191650390625,2937.8647968769073
170180,1.1652069091796875,2938.0144617557526
170190,1.16522216796875,2938.162431001663
170200,1.1652374267578125,2938.375697851181
170210,1.165252685546875,2938.5231449604034
170220,1.1652679443359375,2938.693921804428
170230,1.1652679443359375,2938.8887088298798
170240,1.165283203125,2939.112684726715
170250,1.165283203125,2939.2815239429474
170260,1.1652984619140625,2939.4442796707153
170270,1.1652984619140625,2939.5818889141083
170280,1.1653289794921875,2939.771666765213
170290,1.165374755859375,2939.92240691185
170300,1.1653900146484375,2940.075190782547
170310,1.1654205322265625,2940.2428438663483
170320,1.1654205322265625,2940.4230818748474
170330,1.165435791015625,2940.634421825409
170340,1.16546630859375,2940.813961982727
170350,1.16546630859375,2940.9574127197266
170360,1.16546630859375,2941.142387866974
170370,1.1654815673828125,2941.362508058548
170380,1.16552734375,2941.504117012024
170390,1.16552734375,2941.664512872696
170400,1.165557861328125,2941.8139247894287
170410,1.165557861328125,2941.975375890732
170420,1.16558837890625,2942.1922249794006
170430,1.1656036376953125,2942.3908789157867
170440,1.1656036376953125,2942.554566860199
170450,1.165618896484375,2942.6973028182983
170460,1.1656646728515625,2942.8790287971497
170470,1.1656646728515625,2943.0458047389984
170480,1.1656646728515625,2943.1760399341583
170490,1.165679931640625,2943.3443298339844
170500,1.16571044921875,2943.5354046821594
170510,1.16571044921875,2943.749319791794
170520,1.165740966796875,2943.9083988666534
170530,1.165740966796875,2944.0878126621246
170540,1.1657562255859375,2944.251487970352
170550,1.1657867431640625,2944.3897359371185
170560,1.1657867431640625,2944.579694747925
170570,1.1657867431640625,2944.7336478233337
170580,1.1658172607421875,2944.924878835678
170590,1.1658477783203125,2945.119197845459
170600,1.1658477783203125,2945.303150653839
170610,1.165863037109375,2945.464776992798
170620,1.1658935546875,2945.6131818294525
170630,1.1658935546875,2945.776389837265
170640,1.1659393310546875,2945.952560901642
170650,1.16595458984375,2946.1289627552032
170660,1.1659698486328125,2946.301441669464
170670,1.165985107421875,2946.4412908554077
170680,1.165985107421875,2946.655889749527
170690,1.1660003662109375,2946.811192750931
170700,1.1660308837890625,2946.9537148475647
170710,1.1660308837890625,2947.1171519756317
170720,1.1660308837890625,2947.2955317497253
170730,1.166046142578125,2947.479416847229
170740,1.1660614013671875,2947.628078699112
170750,1.1660614013671875,2947.7789368629456
170760,1.1660919189453125,2947.9709107875824
170770,1.1661224365234375,2948.101040840149
170780,1.1661224365234375,2948.315465927124
170790,1.1661224365234375,2948.5336487293243
170800,1.1661376953125,2948.693868637085
170810,1.1661376953125,2948.917116880417
170820,1.1661376953125,2949.0526106357574
170830,1.1661834716796875,2949.2505989074707
170840,1.1661834716796875,2949.4265208244324
170850,1.1661834716796875,2949.601045846939
170860,1.16619873046875,2949.7613368034363
170870,1.166229248046875,2949.922351837158
170880,1.166259765625,2950.0908439159393
170890,1.1663055419921875,2950.260524749756
170900,1.16632080078125,2950.474851846695
170910,1.16632080078125,2950.632694721222
170920,1.1663665771484375,2950.801032781601
170930,1.1663665771484375,2951.005090713501
170940,1.1663665771484375,2951.159960746765
170950,1.1663970947265625,2951.3044917583466
170960,1.166412353515625,2951.4885518550873
170970,1.166412353515625,2951.668200969696
170980,1.1664276123046875,2951.9250707626343
170990,1.1664276123046875,2952.136193752289
171000,1.166473388671875,2952.320374727249
171010,1.1664886474609375,2952.4554467201233
171020,1.1664886474609375,2952.597490787506
171030,1.16650390625,2952.81436085701
171040,1.1665191650390625,2953.0321469306946
171050,1.166534423828125,2953.1970257759094
171060,1.166534423828125,2953.348842859268
171070,1.1665496826171875,2953.4716017246246
171080,1.16656494140625,2953.6662907600403
171090,1.166595458984375,2953.805449962616
171100,1.1666107177734375,2953.961072921753
171110,1.1666259765625,2954.1247470378876
171120,1.1666259765625,2954.306681871414
171130,1.166656494140625,2954.4613687992096
171140,1.166656494140625,2954.641984939575
171150,1.1667022705078125,2954.8176639080048
171160,1.166717529296875,2954.9931948184967
171170,1.166717529296875,2955.192854642868
171180,1.1667633056640625,2955.3777599334717
171190,1.1667633056640625,2955.5212569236755
171200,1.1667633056640625,2955.6933476924896
171210,1.1667633056640625,2955.8473467826843
171220,1.1667938232421875,2955.9873328208923
171230,1.16680908203125,2956.140277862549
171240,1.16680908203125,2956.305879831314
171250,1.1668243408203125,2956.5081079006195
171260,1.1668548583984375,2956.6580097675323
171270,1.1668701171875,2956.848257780075
171280,1.1668853759765625,2957.0236117839813
171290,1.1668853759765625,2957.1752038002014
171300,1.166900634765625,2957.3955929279327
171310,1.16693115234375,2957.552232980728
171320,1.16693115234375,2957.6981456279755
171330,1.16693115234375,2957.8450927734375
171340,1.166961669921875,2958.00004196167
171350,1.1669769287109375,2958.167099714279
171360,1.1669769287109375,2958.326332807541
171370,1.167022705078125,2958.472886800766
171380,1.167022705078125,2958.6367979049683
171390,1.16705322265625,2958.8208808898926
171400,1.167083740234375,2959.019919872284
171410,1.1670989990234375,2959.1934809684753
171420,1.1670989990234375,2959.355218887329
171430,1.1671295166015625,2959.522458791733
171440,1.1671295166015625,2959.686577796936
171450,1.167144775390625,2959.914938688278
171460,1.1671600341796875,2960.075541973114
171470,1.16717529296875,2960.2248888015747
171480,1.16717529296875,2960.408612728119
171490,1.1672210693359375,2960.614018678665
171500,1.1672210693359375,2960.783455848694
171510,1.167236328125,2960.9421167373657
171520,1.1672515869140625,2961.098082780838
171530,1.1672515869140625,2961.281373977661
171540,1.1672821044921875,2961.447965860367
171550,1.16729736328125,2961.6181240081787
171560,1.16729736328125,2961.795745611191
171570,1.16729736328125,2961.961038827896
171580,1.167327880859375,2962.169315814972
171590,1.167388916015625,2962.3553779125214
171600,1.167388916015625,2962.4983208179474
171610,1.16741943359375,2962.6635098457336
171620,1.16741943359375,2962.8182258605957
171630,1.167449951171875,2962.994286775589
171640,1.1674652099609375,2963.181616783142
171650,1.1674652099609375,2963.339409828186
171660,1.167510986328125,2963.483105659485
171670,1.1675262451171875,2963.645383834839
171680,1.1675262451171875,2963.800427675247
171690,1.1675262451171875,2963.93603682518
171700,1.1675567626953125,2964.4243609905243
171710,1.1675567626953125,2964.6291828155518
171720,1.167572021484375,2964.789799928665
171730,1.1676025390625,2964.992765903473
171740,1.1676177978515625,2965.142056941986
171750,1.167633056640625,2965.334614753723
171760,1.167633056640625,2965.5246398448944
171770,1.167633056640625,2965.6848618984222
171780,1.1676483154296875,2965.806437730789
171790,1.1676483154296875,2966.005150794983
171800,1.16766357421875,2966.1684517860413
171810,1.16766357421875,2966.343760728836
171820,1.167694091796875,2966.4895758628845
171830,1.167694091796875,2966.6687707901
171840,1.1677093505859375,2966.82297873497
171850,1.167724609375,2967.0426256656647
171860,1.1677398681640625,2967.276759624481
171870,1.167755126953125,2967.452304840088
171880,1.1677703857421875,2967.6173486709595
171890,1.167816162109375,2967.7447469234467
171900,1.167816162109375,2967.8853788375854
171910,1.1678466796875,2968.059300661087
171920,1.1678619384765625,2968.220221757889
171930,1.167877197265625,2968.368153810501
171940,1.1678924560546875,2968.5569326877594
171950,1.16790771484375,2968.722348690033
171960,1.16790771484375,2968.889459848404
171970,1.1679534912109375,2969.081043958664
171980,1.1679534912109375,2969.261950969696
171990,1.16796875,2969.4209768772125
172000,1.1679840087890625,2969.5623528957367
172010,1.167999267578125,2969.7132618427277
172020,1.167999267578125,2969.8564937114716
172030,1.16802978515625,2969.992083787918
172040,1.1680755615234375,2970.137356042862
172050,1.1680908203125,2970.369861841202
172060,1.1681060791015625,2970.5327837467194
172070,1.168121337890625,2970.6931948661804
172080,1.168121337890625,2970.9199237823486
172090,1.1681365966796875,2971.107310771942
172100,1.168182373046875,2971.24693775177
172110,1.1681976318359375,2971.438328742981
172120,1.1681976318359375,2971.5845007896423
172130,1.168212890625,2971.78644990921
172140,1.1682281494140625,2971.981323003769
172150,1.168243408203125,2972.1417129039764
172160,1.1682586669921875,2972.3480458259583
172170,1.16827392578125,2972.5431196689606
172180,1.1682891845703125,2972.713411808014
172190,1.1683349609375,2972.9228479862213
172200,1.1683349609375,2973.094881772995
172210,1.1683349609375,2973.295935869217
172220,1.1683807373046875,2973.482076883316
172230,1.16839599609375,2973.6571457386017
172240,1.16839599609375,2973.850499868393
172250,1.16839599609375,2974.097043991089
172260,1.16839599609375,2974.2479107379913
172270,1.1684112548828125,2974.4181838035583
172280,1.168426513671875,2974.5820727348328
172290,1.168426513671875,2974.7303018569946
172300,1.1684417724609375,2974.905930995941
172310,1.168487548828125,2975.086012840271
172320,1.168487548828125,2975.221743822098
172330,1.168487548828125,2975.420437812805
172340,1.1685333251953125,2975.6003079414368
172350,1.174774169921875,2975.86860370636
172360,1.174774169921875,2976.0156507492065
172370,1.1748046875,2976.194632768631
172380,1.1748199462890625,2976.364546775818
172390,1.174835205078125,2976.5069587230682
172400,1.1748504638671875,2976.6524946689606
172410,1.17486572265625,2976.8491308689117
172420,1.174896240234375,2976.9649987220764
172430,1.1749267578125,2977.1370058059692
172440,1.1749267578125,2977.285557985306
172450,1.1749420166015625,2977.466254711151
172460,1.174957275390625,2977.6322417259216
172470,1.17498779296875,2977.815681695938
172480,1.17498779296875,2977.9639286994934
172490,1.1750030517578125,2978.11243391037
172500,1.1750335693359375,2978.278077840805
172510,1.1750640869140625,2978.4713888168335
172520,1.175079345703125,2978.623212814331
172530,1.175079345703125,2978.79781293869
172540,1.175079345703125,2978.985476732254
172550,1.1751251220703125,2979.1419336795807
172560,1.1751251220703125,2979.4015238285065
172570,1.1751251220703125,2979.5674319267273
172580,1.1751556396484375,2979.745978832245
172590,1.1751861572265625,2979.9768698215485
172600,1.175201416015625,2980.1392226219177
172610,1.17523193359375,2980.3071899414062
172620,1.17523193359375,2980.4560708999634
172630,1.1752471923828125,2980.691051721573
172640,1.175262451171875,2980.845725774765
172650,1.1752777099609375,2981.0200428962708
172660,1.17529296875,2981.1502487659454
172670,1.1753082275390625,2981.3091518878937
172680,1.175323486328125,2981.507955789566
172690,1.175323486328125,2981.7066078186035
172700,1.1753692626953125,2981.8949687480927
172710,1.175384521484375,2982.0506677627563
172720,1.175384521484375,2982.186173915863
172730,1.1754150390625,2982.3575208187103
172740,1.1754302978515625,2982.530978679657
172750,1.1754302978515625,2982.6631038188934
172760,1.1754302978515625,2982.7981367111206
172770,1.175445556640625,2982.948721885681
172780,1.1754608154296875,2983.19287276268
172790,1.17547607421875,2983.3564269542694
172800,1.1754913330078125,2983.5384776592255
172810,1.1754913330078125,2983.6571028232574
172820,1.1755218505859375,2983.804313659668
172830,1.175537109375,2983.9583156108856
172840,1.1755523681640625,2984.114804983139
172850,1.175567626953125,2984.2525198459625
172860,1.1755828857421875,2984.4139697551727
172870,1.1755828857421875,2984.6509969234467
172880,1.1756134033203125,2984.81503367424
172890,1.1756134033203125,2984.9479088783264
172900,1.175628662109375,2985.096864938736
172910,1.1756439208984375,2985.286093711853
172920,1.1756591796875,2985.4723966121674
172930,1.1756744384765625,2985.6129279136658
172940,1.175689697265625,2985.753306865692
172950,1.1757354736328125,2985.9063477516174
172960,1.1757354736328125,2986.053560733795
172970,1.1757659912109375,2986.286155939102
172980,1.1757659912109375,2986.432024717331
172990,1.17578125,2986.592614889145
173000,1.175811767578125,2986.756225824356
173010,1.175811767578125,2986.8940258026123
173020,1.175811767578125,2987.0340328216553
173030,1.1758270263671875,2987.23575091362
173040,1.1758575439453125,2987.425154685974
173050,1.1758575439453125,2987.5591428279877
173060,1.175872802734375,2987.730568885803
173070,1.1759033203125,2987.9082198143005
173080,1.1759033203125,2988.140374660492
173090,1.1759490966796875,2988.3353457450867
173100,1.1759490966796875,2988.4682779312134
173110,1.17596435546875,2988.675346851349
173120,1.1759796142578125,2988.82799077034
173130,1.175994873046875,2988.9908196926117
173140,1.1760101318359375,2989.168470621109
173150,1.176025390625,2989.354024887085
173160,1.176025390625,2989.5210716724396
173170,1.1760406494140625,2989.737382888794
173180,1.1760711669921875,2989.891690969467
173190,1.1761016845703125,2990.0868768692017
173200,1.1761016845703125,2990.2244160175323
173210,1.1761322021484375,2990.3652758598328
173220,1.1761474609375,2990.5568177700043
173230,1.1761474609375,2990.7652349472046
173240,1.1761474609375,2990.977507829666
173250,1.1761474609375,2991.1417479515076
173260,1.1761627197265625,2991.361572742462
173270,1.176177978515625,2991.5178728103638
173280,1.176177978515625,2991.6850419044495
173290,1.176177978515625,2991.8258459568024
173300,1.176239013671875,2991.974530696869
173310,1.1762542724609375,2992.1366698741913
173320,1.1762542724609375,2992.30801987648
173330,1.176300048828125,2992.4520976543427
173340,1.176300048828125,2992.5843558311462
173350,1.176300048828125,2992.7272787094116
173360,1.1763153076171875,2992.9065589904785
173370,1.17633056640625,2993.068418741226
173380,1.1763458251953125,2993.211359977722
173390,1.1763916015625,2993.3917529582977
173400,1.1763916015625,2993.5499818325043
173410,1.1763916015625,2993.716803789139
173420,1.1764373779296875,2993.872659921646
173430,1.1764373779296875,2994.029295682907
173440,1.1764678955078125,2994.173657655716
173450,1.1764984130859375,2994.359645843506
173460,1.176513671875,2994.493041753769
173470,1.176513671875,2994.6665568351746
173480,1.1765289306640625,2994.8522367477417
173490,1.176544189453125,2995.018661737442
173500,1.176544189453125,2995.160959005356
173510,1.176544189453125,2995.276571750641
173520,1.1765594482421875,2995.4730818271637
173530,1.176605224609375,2995.626984834671
173540,1.176605224609375,2995.865603685379
173550,1.1766204833984375,2996.03973197937
173560,1.1766357421875,2996.2338857650757
173570,1.1766815185546875,2996.4051218032837
173580,1.1766815185546875,2996.625572681427
173590,1.17669677734375,2996.7642097473145
173600,1.176727294921875,2996.957254886627
173610,1.1767425537109375,2997.1116778850555
173620,1.1767425537109375,2997.311688899994
173630,1.1767425537109375,2997.4665536880493
173640,1.1767578125,2997.6235966682434
173650,1.1767730712890625,2997.7904138565063
173660,1.1768035888671875,2997.951319694519
173670,1.1768035888671875,2998.1120178699493
173680,1.17681884765625,2998.3089306354523
173690,1.1768341064453125,2998.4933938980103
173700,1.1768798828125,2998.643409729004
173710,1.1768798828125,2998.8258068561554
173720,1.1768798828125,2998.9603369235992
173730,1.176910400390625,2999.0889909267426
173740,1.176910400390625,2999.288829803467
173750,1.1769256591796875,2999.4475479125977
173760,1.17694091796875,2999.597170829773
173770,1.17694091796875,2999.826689720154
173780,1.17694091796875,2999.950657606125
173790,1.1769866943359375,3000.197983980179
173800,1.177001953125,3000.350419998169
173810,1.177001953125,3000.550704717636
173820,1.1770172119140625,3000.7179198265076
173830,1.1770477294921875,3000.893658876419
173840,1.1770477294921875,3001.063766002655
173850,1.17706298828125,3001.3003368377686
173860,1.17706298828125,3001.468335866928
173870,1.1770782470703125,3001.6379907131195
173880,1.1771087646484375,3001.8336429595947
173890,1.1771240234375,3002.081118822098
173900,1.1771240234375,3002.243132829666
173910,1.1771697998046875,3002.382076740265
173920,1.17718505859375,3002.5652039051056
173930,1.1772003173828125,3002.758422613144
173940,1.1772308349609375,3002.951289653778
173950,1.1772613525390625,3003.1164968013763
173960,1.1772613525390625,3003.3130538463593
173970,1.177276611328125,3003.517950773239
173980,1.177276611328125,3003.6831889152527
173990,1.1772918701171875,3003.847651720047
174000,1.1773223876953125,3004.026754617691
174010,1.1773223876953125,3004.167597770691
174020,1.1773223876953125,3004.3529427051544
174030,1.1773529052734375,3004.5162398815155
174040,1.1773834228515625,3004.6793677806854
174050,1.177459716796875,3004.866199731827
174060,1.1774749755859375,3005.055418729782
174070,1.177490234375,3005.2080478668213
174080,1.1775054931640625,3005.359790802002
174090,1.177581787109375,3005.558270931244
174100,1.177581787109375,3005.7832748889923
174110,1.1775970458984375,3005.9156396389008
174120,1.1776123046875,3006.1432938575745
174130,1.1776275634765625,3006.2686767578125
174140,1.1776275634765625,3006.5062897205353
174150,1.1776580810546875,3006.660163640976
174160,1.1776885986328125,3006.8751788139343
174170,1.1776885986328125,3007.0603268146515
174180,1.177703857421875,3007.2353506088257
174190,1.177703857421875,3007.442134618759
174200,1.177734375,3007.604727745056
174210,1.177764892578125,3007.7556397914886
174220,1.177764892578125,3007.916272878647
174230,1.17779541015625,3008.111471891403
174240,1.1778106689453125,3008.3758947849274
174250,1.177825927734375,3008.5217657089233
174260,1.177825927734375,3008.6583297252655
174270,1.1778411865234375,3008.8579199314117
174280,1.1778564453125,3009.0811488628387
174290,1.1778717041015625,3009.265907764435
174300,1.177886962890625,3009.413985013962
174310,1.1779022216796875,3009.564620733261
174320,1.17791748046875,3009.701915740967
174330,1.1779327392578125,3009.8684339523315
174340,1.177947998046875,3010.019670724869
174350,1.177947998046875,3010.225163936615
174360,1.1779632568359375,3010.4087438583374
174370,1.177978515625,3010.5831229686737
174380,1.178009033203125,3010.7236268520355
174390,1.1780548095703125,3010.922961950302
174400,1.1780548095703125,3011.11416387558
174410,1.1780853271484375,3011.3219928741455
174420,1.1781005859375,3011.491390943527
174430,1.1781158447265625,3011.661324739456
174440,1.1781158447265625,3011.8279078006744
174450,1.1781463623046875,3011.975083589554
174460,1.17816162109375,3012.09574174881
174470,1.1781768798828125,3012.229836702347
174480,1.1782073974609375,3012.4147729873657
174490,1.1782073974609375,3012.6143260002136
174500,1.1782073974609375,3012.746290922165
174510,1.17822265625,3012.947705745697
174520,1.1782684326171875,3013.1872408390045
174530,1.1782684326171875,3013.3780088424683
174540,1.17828369140625,3013.5317566394806
174550,1.1782989501953125,3013.682000875473
174560,1.1782989501953125,3013.841651916504
174570,1.1783294677734375,3014.0088336467743
174580,1.1783447265625,3014.2550518512726
174590,1.1783599853515625,3014.427209854126
174600,1.1783905029296875,3014.575647830963
174610,1.1783905029296875,3014.7271008491516
174620,1.1783905029296875,3014.9306349754333
174630,1.178436279296875,3015.138023853302
174640,1.178436279296875,3015.2868196964264
174650,1.178466796875,3015.518947839737
174660,1.178497314453125,3015.6845338344574
174670,1.178497314453125,3015.859467983246
174680,1.1785125732421875,3016.0065820217133
174690,1.17852783203125,3016.1451728343964
174700,1.17852783203125,3016.2615888118744
174710,1.1785430908203125,3016.443794965744
174720,1.1785888671875,3016.579530954361
174730,1.1785888671875,3016.7171518802643
174740,1.1785888671875,3016.8576707839966
174750,1.1786041259765625,3017.00231385231
174760,1.178619384765625,3017.2161118984222
174770,1.178619384765625,3017.4456408023834
174780,1.1786346435546875,3017.5957968235016
174790,1.17864990234375,3017.7469346523285
174800,1.17864990234375,3017.9179956912994
174810,1.178680419921875,3018.041715860367
174820,1.178680419921875,3018.251971721649
174830,1.1786956787109375,3018.4847338199615
174840,1.1787261962890625,3018.725697040558
174850,1.1787261962890625,3018.8580067157745
174860,1.299560546875,3019.258752822876
174870,1.299591064453125,3019.451384782791
174880,1.299591064453125,3019.622939825058
174890,1.29962158203125,3019.8151137828827
174900,1.2996673583984375,3019.9749858379364
174910,1.2996673583984375,3020.121955871582
174920,1.2996673583984375,3020.316182613373
174930,1.2996978759765625,3020.46737575531
174940,1.2996978759765625,3020.596135854721
174950,1.299713134765625,3020.7625789642334
174960,1.2997283935546875,3020.9183139801025
174970,1.29974365234375,3021.11998796463
174980,1.299774169921875,3021.255407810211
174990,1.2997894287109375,3021.3997859954834
175000,1.2998046875,3021.575118780136
175010,1.2998199462890625,3021.723785877228
175020,1.2998504638671875,3021.9105458259583
175030,1.29986572265625,3022.0520656108856
175040,1.2998809814453125,3022.3005876541138
175050,1.299896240234375,3022.543953895569
175060,1.2999114990234375,3022.717200756073
175070,1.2999267578125,3022.91214799881
175080,1.2999420166015625,3023.062623977661
175090,1.299957275390625,3023.3112976551056
175100,1.2999725341796875,3023.5408837795258
175110,1.29998779296875,3023.751318693161
175120,1.3000030517578125,3023.909040927887
175130,1.3000335693359375,3024.089819908142
175140,1.300048828125,3024.284614801407
175150,1.3000640869140625,3024.4873719215393
175160,1.3000640869140625,3024.697438955307
175170,1.300079345703125,3024.8651950359344
175180,1.3000946044921875,3025.052058696747
175190,1.3000946044921875,3025.213547706604
175200,1.30010986328125,3025.4044098854065
175210,1.300140380859375,3025.5793516635895
175220,1.300140380859375,3025.740577697754
175230,1.3001708984375,3025.9437358379364
175240,1.3001708984375,3026.0944159030914
175250,1.3001861572265625,3026.265003681183
175260,1.300201416015625,3026.4465758800507
175270,1.300201416015625,3026.597264766693
175280,1.3002166748046875,3026.795969724655
175290,1.30023193359375,3026.9718708992004
175300,1.3002471923828125,3027.1228489875793
175310,1.3002471923828125,3027.3076968193054
175320,1.300262451171875,3027.4448018074036
175330,1.3002777099609375,3027.613518714905
175340,1.30029296875,3027.81133890152
175350,1.3003082275390625,3027.9660518169403
175360,1.3003082275390625,3028.1508378982544
175370,1.3003387451171875,3028.353195667267
175380,1.3003692626953125,3028.4874317646027
175390,1.3003997802734375,3028.627852678299
175400,1.3003997802734375,3028.797115802765
175410,1.3004150390625,3028.960577726364
175420,1.300445556640625,3029.0950038433075
175430,1.300445556640625,3029.2523758411407
175440,1.300445556640625,3029.401699781418
175450,1.30047607421875,3029.577296733856
175460,1.30047607421875,3029.7082257270813
175470,1.3004913330078125,3029.8757450580597
175480,1.3005218505859375,3030.020720720291
175490,1.300537109375,3030.2055008411407
175500,1.3005523681640625,3030.3648126125336
175510,1.300567626953125,3030.5729196071625
175520,1.3005828857421875,3030.720005750656
175530,1.30059814453125,3030.8783679008484
175540,1.3006134033203125,3031.078460931778
175550,1.3006134033203125,3031.2731308937073
175560,1.300628662109375,3031.4212889671326
175570,1.3006439208984375,3031.578612804413
175580,1.3006591796875,3031.759188890457
175590,1.3006591796875,3031.9971656799316
175600,1.3007049560546875,3032.204969882965
175610,1.31072998046875,3032.379362821579
175620,1.3107452392578125,3032.5235137939453
175630,1.3107757568359375,3032.6763508319855
175640,1.3107757568359375,3032.8739898204803
175650,1.310791015625,3033.0668177604675
175660,1.310821533203125,3033.2790558338165
175670,1.310821533203125,3033.447552919388
175680,1.310821533203125,3033.6261868476868
175690,1.31085205078125,3033.7480766773224
175700,1.3108673095703125,3033.930595636368
175710,1.3108673095703125,3034.0585458278656
175720,1.310882568359375,3034.2779676914215
175730,1.3108978271484375,3034.4417028427124
175740,1.3109283447265625,3034.5931289196014
175750,1.3109283447265625,3034.743195772171
175760,1.310943603515625,3034.9181237220764
175770,1.310943603515625,3035.053876876831
175780,1.31097412109375,3035.191915035248
175790,1.3109893798828125,3035.3498487472534
175800,1.3109893798828125,3035.5623908042908
175810,1.311004638671875,3035.8051238059998
175820,1.3110198974609375,3036.0467536449432
175830,1.31103515625,3036.228147983551
175840,1.3110504150390625,3036.374604701996
175850,1.3110504150390625,3036.575348854065
175860,1.311065673828125,3036.707560777664
175870,1.31109619140625,3036.850222826004
175880,1.31109619140625,3036.9816517829895
175890,1.311126708984375,3037.1064279079437
175900,1.3111572265625,3037.2473797798157
175910,1.3111572265625,3037.406158685684
175920,1.3111724853515625,3037.587702035904
175930,1.311187744140625,3037.7714376449585
175940,1.3112030029296875,3037.9807076454163
175950,1.3112030029296875,3038.1736028194427
175960,1.311248779296875,3038.337875843048
175970,1.311248779296875,3038.5391068458557
175980,1.311248779296875,3038.7082896232605
175990,1.3113250732421875,3038.908101797104
176000,1.31134033203125,3039.174305677414
176010,1.31134033203125,3039.316186904907
176020,1.311370849609375,3039.495186805725
176030,1.311370849609375,3039.7614090442657
176040,1.311370849609375,3039.939399957657
176050,1.3114013671875,3040.103143930435
176060,1.3114166259765625,3040.3121037483215
176070,1.3114166259765625,3040.5588989257812
176080,1.311431884765625,3040.6955897808075
176090,1.3114471435546875,3040.9165267944336
176100,1.3116607666015625,3041.1115567684174
176110,1.3116912841796875,3041.3603677749634
176120,1.3116912841796875,3041.5026519298553
176130,1.3117523193359375,3041.6835210323334
176140,1.311767578125,3041.83562874794
176150,1.3117828369140625,3041.9709618091583
176160,1.3117828369140625,3042.1501297950745
176170,1.3118133544921875,3042.440046787262
176180,1.3118133544921875,3042.607586622238
176190,1.3118133544921875,3042.7745888233185
176200,1.311859130859375,3042.935038805008
176210,1.311859130859375,3043.1168220043182
176220,1.311859130859375,3043.2906188964844
176230,1.3119049072265625,3043.4146575927734
176240,1.311920166015625,3043.564381837845
176250,1.3119354248046875,3043.718024969101
176260,1.3119354248046875,3043.9078748226166
176270,1.31195068359375,3044.0821628570557
176280,1.3119659423828125,3044.221191883087
176290,1.311981201171875,3044.3588049411774
176300,1.3119964599609375,3044.5820848941803
176310,1.31201171875,3044.793532848358
176320,1.312042236328125,3045.0006489753723
176330,1.312042236328125,3045.1865317821503
176340,1.3120574951171875,3045.453540802002
176350,1.312103271484375,3045.5982489585876
176360,1.312103271484375,3045.8140568733215
176370,1.3121185302734375,3045.9520959854126
176380,1.3121337890625,3046.1228008270264
176390,1.312164306640625,3046.275898694992
176400,1.312164306640625,3046.4671728610992
176410,1.3121795654296875,3046.6356358528137
176420,1.31219482421875,3046.793719768524
176430,1.31219482421875,3046.99747467041
176440,1.3122406005859375,3047.225464820862
176450,1.312255859375,3047.3795478343964
176460,1.312255859375,3047.5958127975464
176470,1.3123016357421875,3047.8114829063416
176480,1.3123016357421875,3047.9578199386597
176490,1.3123016357421875,3048.1408977508545
176500,1.312347412109375,3048.278772830963
176510,1.3123626708984375,3048.46816778183
176520,1.3123626708984375,3048.6396160125732
176530,1.3123779296875,3048.8236269950867
176540,1.3123931884765625,3048.9919826984406
176550,1.312408447265625,3049.1758248806
176560,1.3124237060546875,3049.364141702652
176570,1.3124237060546875,3049.6149027347565
176580,1.31243896484375,3049.7298786640167
176590,1.312469482421875,3049.9393258094788
176600,1.3125152587890625,3050.1429777145386
176610,1.312530517578125,3050.3002066612244
176620,1.3125457763671875,3050.467055797577
176630,1.3125457763671875,3050.59823179245
176640,1.3125457763671875,3050.76895570755
176650,1.312591552734375,3050.908719778061
176660,1.312591552734375,3051.065498828888
176670,1.3126068115234375,3051.2194209098816
176680,1.3126068115234375,3051.3854007720947
176690,1.312652587890625,3051.540466785431
176700,1.312652587890625,3051.679391860962
176710,1.3126678466796875,3051.831033706665
176720,1.3126983642578125,3051.964553833008
176730,1.312713623046875,3052.156482696533
176740,1.312713623046875,3052.3279597759247
176750,1.312713623046875,3052.466549873352
176760,1.312744140625,3052.6407148838043
176770,1.312744140625,3052.855813741684
176780,1.3127593994140625,3053.031702041626
176790,1.3127593994140625,3053.1797058582306
176800,1.3127899169921875,3053.368268728256
176810,1.31280517578125,3053.569557905197
176820,1.31280517578125,3053.7269837856293
176830,1.3128204345703125,3053.877457857132
176840,1.3128509521484375,3054.0316877365112
176850,1.3128509521484375,3054.2495329380035
176860,1.3128662109375,3054.462875843048
176870,1.312896728515625,3054.6545248031616
176880,1.312896728515625,3054.810455799103
176890,1.3129119873046875,3054.9596688747406
176900,1.31292724609375,3055.1236658096313
176910,1.3129730224609375,3055.275729894638
176920,1.31298828125,3055.517633676529
176930,1.31298828125,3055.6785187721252
176940,1.31298828125,3055.9051938056946
176950,1.313018798828125,3056.0793738365173
176960,1.31304931640625,3056.239960670471
176970,1.31304931640625,3056.3993237018585
176980,1.313079833984375,3056.596156835556
176990,1.313079833984375,3056.7444608211517
177000,1.313079833984375,3056.894941806793
177010,1.3131256103515625,3057.0370659828186
177020,1.3131561279296875,3057.1832547187805
177030,1.3131561279296875,3057.3121609687805
177040,1.3131561279296875,3057.490049600601
177050,1.31317138671875,3057.6343438625336
177060,1.313201904296875,3057.874926805496
177070,1.313201904296875,3058.0332148075104
177080,1.313232421875,3058.1826028823853
177090,1.313232421875,3058.3376309871674
177100,1.3132781982421875,3058.4641737937927
177110,1.31329345703125,3058.612378835678
177120,1.31329345703125,3058.779454946518
177130,1.3133087158203125,3058.959793806076
177140,1.3133544921875,3059.1013157367706
177150,1.3133544921875,3059.2439348697662
177160,1.3134765625,3059.421633005142
177170,1.313507080078125,3059.5722167491913
177180,1.313507080078125,3059.748023748398
177190,1.313507080078125,3059.9714748859406
177200,1.3135528564453125,3060.1347739696503
177210,1.3135528564453125,3060.338889837265
177220,1.313568115234375,3060.494918823242
177230,1.3135833740234375,3060.6885619163513
177240,1.3135986328125,3060.8473029136658
177250,1.3135986328125,3061.0117597579956
177260,1.3136138916015625,3061.185972929001
177270,1.313629150390625,3061.36163687706
177280,1.3136444091796875,3061.629593849182
177290,1.31365966796875,3061.792140007019
177300,1.31365966796875,3061.9468066692352
177310,1.31365966796875,3062.177358865738
177320,1.313690185546875,3062.3192567825317
177330,1.3137054443359375,3062.483780860901
177340,1.313720703125,3062.6247668266296
177350,1.3137359619140625,3062.784253835678
177360,1.3137359619140625,3062.8950567245483
177370,1.313751220703125,3063.060627937317
177380,1.31378173828125,3063.208906888962
177390,1.3137969970703125,3063.42734003067
177400,1.313812255859375,3063.5743248462677
177410,1.3138427734375,3063.7773678302765
177420,1.3138427734375,3063.9489636421204
177430,1.3138580322265625,3064.1329579353333
177440,1.3138885498046875,3064.3683807849884
177450,1.3138885498046875,3064.522650718689
177460,1.3139190673828125,3064.7035567760468
177470,1.313934326171875,3064.897917985916
177480,1.313934326171875,3065.0736649036407
177490,1.3139495849609375,3065.238261938095
177500,1.3139801025390625,3065.406797647476
177510,1.3139801025390625,3065.5400247573853
177520,1.313995361328125,3065.697983980179
177530,1.3140411376953125,3065.943822860718
177540,1.3140411376953125,3066.089677810669
177550,1.314056396484375,3066.2423977851868
177560,1.3141021728515625,3066.424854040146
177570,1.3141021728515625,3066.567203760147
177580,1.3141021728515625,3066.7071118354797
177590,1.3141326904296875,3066.9200127124786
177600,1.31414794921875,3067.0604197978973
177610,1.31414794921875,3067.3997168540955
177620,1.3141937255859375,3067.541250705719
177630,1.3141937255859375,3067.7478947639465
177640,1.3141937255859375,3067.945283651352
177650,1.314208984375,3068.1274597644806
177660,1.314208984375,3068.3279328346252
177670,1.314239501953125,3068.494256734848
177680,1.31427001953125,3068.697970867157
177690,1.3142852783203125,3068.9060847759247
177700,1.314300537109375,3069.126651763916
177710,1.3143157958984375,3069.3781278133392
177720,1.3143310546875,3069.5081169605255
177730,1.3143310546875,3069.659828901291
177740,1.3143463134765625,3069.827760696411
177750,1.314361572265625,3070.0334026813507
177760,1.314361572265625,3070.33806681633
177770,1.3143768310546875,3070.488564968109
177780,1.3144073486328125,3070.650375843048
177790,1.3144073486328125,3070.8297369480133
177800,1.3144073486328125,3070.9819388389587
177810,1.3144378662109375,3071.1308908462524
177820,1.3144378662109375,3071.298904657364
177830,1.3144683837890625,3071.4579677581787
177840,1.3144683837890625,3071.6233007907867
177850,1.314483642578125,3071.763599872589
177860,1.31451416015625,3071.9350168704987
177870,1.31451416015625,3072.1136617660522
177880,1.31451416015625,3072.240411758423
177890,1.314544677734375,3072.384920835495
177900,1.3145751953125,3072.52313375473
177910,1.3145751953125,3072.6878147125244
177920,1.3145904541015625,3072.850677013397
177930,1.3146209716796875,3073.006843805313
177940,1.31463623046875,3073.1774468421936
177950,1.3146514892578125,3073.29740691185
177960,1.3146514892578125,3073.438405752182
177970,1.314666748046875,3073.59428191185
177980,1.3146820068359375,3073.7683708667755
177990,1.314697265625,3074.0523619651794
178000,1.314697265625,3074.2162988185883
178010,1.314727783203125,3074.408911705017
178020,1.3147430419921875,3074.580023765564
178030,1.31475830078125,3074.7291357517242
178040,1.314788818359375,3074.9342138767242
178050,1.3148193359375,3075.1018998622894
178060,1.3148193359375,3075.267588853836
178070,1.3148345947265625,3075.5008556842804
178080,1.314849853515625,3075.638145685196
178090,1.3148651123046875,3075.828907728195
178100,1.3148956298828125,3076.0745396614075
178110,1.3148956298828125,3076.3173258304596
178120,1.3148956298828125,3076.4884128570557
178130,1.31494140625,3076.650817632675
178140,1.31494140625,3076.8111696243286
178150,1.31494140625,3076.955607652664
178160,1.314971923828125,3077.100665807724
178170,1.31500244140625,3077.2683520317078
178180,1.3150482177734375,3077.4233708381653
178190,1.3150634765625,3077.6293346881866
178200,1.3150787353515625,3077.8342428207397
178210,1.3150787353515625,3078.001746892929
178220,1.315093994140625,3078.1395976543427
178230,1.31512451171875,3078.2874376773834
178240,1.31512451171875,3078.446490764618
178250,1.3151397705078125,3078.6036705970764
178260,1.3151397705078125,3078.8211798667908
178270,1.3151397705078125,3079.0344729423523
178280,1.315155029296875,3079.253926753998
178290,1.3152008056640625,3079.4467158317566
178300,1.3152008056640625,3079.604561805725
178310,1.3152008056640625,3079.7635729312897
178320,1.3152313232421875,3079.9451377391815
178330,1.3152313232421875,3080.114184856415
178340,1.315277099609375,3080.3194348812103
178350,1.3152923583984375,3080.5219728946686
178360,1.3152923583984375,3080.66450381279
178370,1.3152923583984375,3080.8397817611694
178380,1.3153533935546875,3081.030112028122
178390,1.3153839111328125,3081.1935937404633
178400,1.315399169921875,3081.3586688041687
178410,1.3154449462890625,3081.534304857254
178420,1.315460205078125,3081.716123819351
178430,1.3154754638671875,3081.9031937122345
178440,1.31549072265625,3082.0580518245697
178450,1.3155059814453125,3082.2146468162537
178460,1.315521240234375,3082.4612908363342
178470,1.3155364990234375,3082.622251033783
178480,1.3155364990234375,3082.7930607795715
178490,1.3155517578125,3082.925278902054
178500,1.3155975341796875,3083.0732369422913
178510,1.3179779052734375,3083.275574684143
178520,1.3179779052734375,3083.476582765579
178530,1.3179931640625,3083.6511578559875
178540,1.3180389404296875,3083.782075881958
178550,1.31805419921875,3083.977898836136
178560,1.3180694580078125,3084.193604707718
178570,1.318084716796875,3084.368080854416
178580,1.3180999755859375,3084.579172849655
178590,1.318115234375,3084.7856998443604
178600,1.3181304931640625,3084.9182720184326
178610,1.3181304931640625,3085.082676887512
178620,1.3181610107421875,3085.287342786789
178630,1.31817626953125,3085.464413881302
178640,1.3181915283203125,3085.61256980896
178650,1.3182220458984375,3085.8155148029327
178660,1.3182373046875,3085.9646248817444
178670,1.3182525634765625,3086.1675436496735
178680,1.318267822265625,3086.4015486240387
178690,1.3182830810546875,3086.5627856254578
178700,1.3182830810546875,3086.7133758068085
178710,1.31829833984375,3086.8492608070374
178720,1.318328857421875,3087.030035972595
178730,1.318328857421875,3087.1644957065582
178740,1.3183441162109375,3087.366277694702
178750,1.3183441162109375,3087.5603637695312
178760,1.3183746337890625,3087.7340779304504
178770,1.3203277587890625,3087.9177339076996
178780,1.3203277587890625,3088.1167917251587
178790,1.3203277587890625,3088.2598729133606
178800,1.32037353515625,3088.4109737873077
178810,1.320404052734375,3088.607241868973
178820,1.320404052734375,3088.8200676441193
178830,1.32537841796875,3089.0296547412872
178840,1.32537841796875,3089.229010820389
178850,1.32537841796875,3089.42875790596
178860,1.325408935546875,3089.5882217884064
178870,1.325408935546875,3089.7585937976837
178880,1.3254241943359375,3089.9410257339478
178890,1.325439453125,3090.0836029052734
178900,1.3254852294921875,3090.2241537570953
178910,1.32550048828125,3090.4125328063965
178920,1.3255157470703125,3090.5519828796387
178930,1.3255157470703125,3090.761544942856
178940,1.3255157470703125,3090.9974830150604
178950,1.3255615234375,3091.161689758301
178960,1.3255615234375,3091.2843368053436
178970,1.3255615234375,3091.4282627105713
178980,1.3256072998046875,3091.6265609264374
178990,1.3256072998046875,3091.7947006225586
179000,1.3256072998046875,3091.94873380661
179010,1.3256378173828125,3092.099527835846
179020,1.325653076171875,3092.237985610962
179030,1.3256683349609375,3092.4284138679504
179040,1.32568359375,3092.680354833603
179050,1.325714111328125,3092.8623208999634
179060,1.3257293701171875,3093.0639979839325
179070,1.3257598876953125,3093.3308868408203
179080,1.3257598876953125,3093.4714167118073
179090,1.3257598876953125,3093.636525630951
179100,1.3258209228515625,3093.853601694107
179110,1.3258209228515625,3094.0448808670044
179120,1.3258209228515625,3094.1997718811035
179130,1.3258514404296875,3094.343926668167
179140,1.32586669921875,3094.5044107437134
179150,1.3258819580078125,3094.663827896118
179160,1.325897216796875,3094.9217989444733
179170,1.325897216796875,3095.1195216178894
179180,1.3259124755859375,3095.274935722351
179190,1.325927734375,3095.4205918312073
179200,1.3259429931640625,3095.632116794586
179210,1.325958251953125,3095.7943737506866
179220,1.3259735107421875,3095.9632408618927
179230,1.3259735107421875,3096.1157717704773
179240,1.3260040283203125,3096.3051648139954
179250,1.3260040283203125,3096.468787908554
179260,1.3260040283203125,3096.638264656067
179270,1.3260040283203125,3096.7753558158875
179280,1.3260345458984375,3096.934996843338
179290,1.3260498046875,3097.113516807556
179300,1.3260498046875,3097.3501439094543
179310,1.326080322265625,3097.525333881378
179320,1.32611083984375,3097.7227036952972
179330,1.32611083984375,3097.8603608608246
179340,1.3261260986328125,3098.0391688346863
179350,1.326141357421875,3098.249768972397
179360,1.326141357421875,3098.3999638557434
179370,1.326171875,3098.6185908317566
179380,1.3261871337890625,3098.8114597797394
179390,1.326202392578125,3098.959297657013
179400,1.32623291015625,3099.130526781082
179410,1.3262481689453125,3099.298551797867
179420,1.3262481689453125,3099.476652622223
179430,1.326263427734375,3099.6766316890717
179440,1.3262939453125,3099.8123059272766
179450,1.3262939453125,3099.981296777725
179460,1.3263092041015625,3100.1177818775177
179470,1.3263092041015625,3100.27281999588
179480,1.326324462890625,3100.4432299137115
179490,1.32635498046875,3100.581575870514
179500,1.32635498046875,3100.695175886154
179510,1.3263702392578125,3100.8275668621063
179520,1.326416015625,3100.985618829727
179530,1.326416015625,3101.1709167957306
179540,1.326416015625,3101.4216907024384
179550,1.3264312744140625,3101.5891168117523
179560,1.32647705078125,3101.7594459056854
179570,1.32647705078125,3101.943281888962
179580,1.3264923095703125,3102.100051879883
179590,1.3264923095703125,3102.2450428009033
179600,1.3265533447265625,3102.387125015259
179610,1.3265533447265625,3102.541928768158
179620,1.326568603515625,3102.7925367355347
179630,1.32659912109375,3102.920581817627
179640,1.32659912109375,3103.067641735077
179650,1.326629638671875,3103.208864927292
179660,1.326629638671875,3103.4040088653564
179670,1.3266448974609375,3103.6007418632507
179680,1.32666015625,3103.78036403656
179690,1.3266754150390625,3103.941941022873
179700,1.3266754150390625,3104.087001800537
179710,1.3267059326171875,3104.332597017288
179720,1.32672119140625,3104.4955089092255
179730,1.3267364501953125,3104.709865808487
179740,1.326751708984375,3104.8435850143433
179750,1.326751708984375,3105.0305569171906
179760,1.3267669677734375,3105.185067653656
179770,1.3267822265625,3105.37429189682
179780,1.3267822265625,3105.563231945038
179790,1.3267822265625,3105.7872638702393
179800,1.326812744140625,3105.9566237926483
179810,1.3268280029296875,3106.109496831894
179820,1.32684326171875,3106.273657798767
179830,1.3268585205078125,3106.4015288352966
179840,1.326873779296875,3106.5522468090057
179850,1.3268890380859375,3106.737258911133
179860,1.326904296875,3106.9285638332367
179870,1.326934814453125,3107.085536003113
179880,1.326934814453125,3107.2299687862396
179890,1.3269500732421875,3107.439057826996
179900,1.326995849609375,3107.579107761383
179910,1.326995849609375,3107.7200739383698
179920,1.3270111083984375,3107.888332605362
179930,1.3270111083984375,3108.083028793335
179940,1.3270416259765625,3108.239227771759
179950,1.327056884765625,3108.3824529647827
179960,1.327056884765625,3108.535015821457
179970,1.327056884765625,3108.674340724945
179980,1.3271026611328125,3108.8224036693573
179990,1.327117919921875,3109.021603822708
180000,1.327117919921875,3109.1997776031494
180010,1.3271484375,3109.3416488170624
180020,1.3271636962890625,3109.504025697708
180030,1.3271636962890625,3109.6608996391296
180040,1.327178955078125,3109.8034076690674
180050,1.3271942138671875,3109.967864751816
180060,1.3271942138671875,3110.146875858307
180070,1.327239990234375,3110.2943308353424
180080,1.3272552490234375,3110.551706790924
180090,1.3272705078125,3110.7246737480164
180100,1.3272857666015625,3110.8898496627808
180110,1.3273162841796875,3111.0310368537903
180120,1.32733154296875,3111.219062805176
180130,1.327362060546875,3111.4731006622314
180140,1.327362060546875,3111.6442427635193
180150,1.327392578125,3111.837244749069
180160,1.3274078369140625,3112.0116758346558
180170,1.327423095703125,3112.188807964325
180180,1.327423095703125,3112.3624608516693
180190,1.32745361328125,3112.5074648857117
180200,1.3274688720703125,3112.7421157360077
180210,1.3274688720703125,3112.9312138557434
180220,1.327484130859375,3113.106235742569
180230,1.327545166015625,3113.323716878891
180240,1.32757568359375,3113.473153591156
180250,1.32757568359375,3113.613061904907
180260,1.32757568359375,3113.8069219589233
180270,1.32757568359375,3113.963709831238
180280,1.32757568359375,3114.1598029136658
180290,1.327606201171875,3114.343415737152
180300,1.327606201171875,3114.5332968235016
180310,1.3276214599609375,3114.7454178333282
180320,1.32763671875,3114.913426876068
180330,1.327667236328125,3115.052962779999
180340,1.3276824951171875,3115.2149980068207
180350,1.3276824951171875,3115.3626408576965
180360,1.32769775390625,3115.5356237888336
180370,1.3277435302734375,3115.7118198871613
180380,1.3277587890625,3115.891416788101
180390,1.3277740478515625,3116.0565288066864
180400,1.3278045654296875,3116.2680497169495
180410,1.32781982421875,3116.436049938202
180420,1.32781982421875,3116.5802907943726
180430,1.327850341796875,3116.735361814499
180440,1.3278656005859375,3116.908974647522
180450,1.327880859375,3117.0713868141174
180460,1.3278961181640625,3117.273188829422
180470,1.327911376953125,3117.4629747867584
180480,1.3279266357421875,3117.651576757431
180490,1.3279571533203125,3117.7822568416595
180500,1.327972412109375,3117.9796347618103
180510,1.327972412109375,3118.1644258499146
180520,1.3280029296875,3118.3389456272125
180530,1.3280029296875,3118.47767496109
180540,1.328033447265625,3118.7099719047546
180550,1.32806396484375,3118.8974997997284
180560,1.32806396484375,3119.0344257354736
180570,1.32806396484375,3119.234335899353
180580,1.3281097412109375,3119.4012269973755
180590,1.328125,3119.5698268413544
180600,1.328155517578125,3119.753641843796
180610,1.3281707763671875,3119.94801568985
180620,1.32818603515625,3120.131484746933
180630,1.3282012939453125,3120.2624650001526
180640,1.328216552734375,3120.4086179733276
180650,1.328216552734375,3120.530786752701
180660,1.328216552734375,3120.6848199367523
180670,1.3282623291015625,3120.9058208465576
180680,1.3282623291015625,3121.1593968868256
180690,1.328277587890625,3121.390227794647
180700,1.3282928466796875,3121.5543987751007
180710,1.32830810546875,3121.7352347373962
180720,1.328338623046875,3121.9739537239075
180730,1.3283538818359375,3122.15283203125
180740,1.3283538818359375,3122.3000388145447
180750,1.3283843994140625,3122.498283624649
180760,1.3283843994140625,3122.6603577136993
180770,1.3283843994140625,3122.8277068138123
180780,1.3283843994140625,3122.962746858597
180790,1.3284149169921875,3123.0968058109283
180800,1.32843017578125,3123.2843978405
180810,1.32843017578125,3123.4855439662933
180820,1.328460693359375,3123.6274349689484
180830,1.328460693359375,3123.8050639629364
180840,1.3285064697265625,3123.9336156845093
180850,1.3285369873046875,3124.1102526187897
180860,1.3285369873046875,3124.2710299491882
180870,1.32855224609375,3124.419818878174
180880,1.328582763671875,3124.57852268219
180890,1.328582763671875,3124.7726488113403
180900,1.3285980224609375,3125.0210916996
180910,1.3286285400390625,3125.1950268745422
180920,1.3286285400390625,3125.382604598999
180930,1.328643798828125,3125.542193889618
180940,1.3286590576171875,3125.7000529766083
180950,1.32867431640625,3125.883356809616
180960,1.3286895751953125,3126.026606798172
180970,1.3287200927734375,3126.1717908382416
180980,1.3287200927734375,3126.3376138210297
180990,1.3287353515625,3126.4943277835846
181000,1.3287506103515625,3126.6524238586426
181010,1.328765869140625,3126.8230299949646
181020,1.328765869140625,3127.0553827285767
181030,1.32879638671875,3127.221164703369
181040,1.32879638671875,3127.3859288692474
181050,1.32879638671875,3127.513864994049
181060,1.328826904296875,3127.730528831482
181070,1.3288421630859375,3127.8927249908447
181080,1.328857421875,3128.031784772873
181090,1.328887939453125,3128.2318489551544
181100,1.32891845703125,3128.402238845825
181110,1.328948974609375,3128.573101758957
181120,1.3289642333984375,3128.760325908661
181130,1.3289642333984375,3128.9134907722473
181140,1.3289642333984375,3129.0794398784637
181150,1.329010009765625,3129.262499809265
181160,1.329010009765625,3129.4334268569946
181170,1.329010009765625,3129.6409935951233
181180,1.32904052734375,3129.879003763199
181190,1.32904052734375,3130.1137506961823
181200,1.329071044921875,3130.431668996811
181210,1.3290863037109375,3130.7017936706543
181220,1.3291015625,3130.8743917942047
181230,1.3291015625,3131.0512199401855
181240,1.329132080078125,3131.2095029354095
181250,1.3291473388671875,3131.3877737522125
181260,1.3291473388671875,3131.5572237968445
181270,1.3291473388671875,3131.7264409065247
181280,1.3291473388671875,3131.903831720352
181290,1.32916259765625,3132.049758911133
181300,1.3291778564453125,3132.2182557582855
181310,1.3291778564453125,3132.3925487995148
181320,1.329193115234375,3132.5626497268677
181330,1.329254150390625,3132.833229780197
181340,1.329254150390625,3133.007382631302
181350,1.3292694091796875,3133.1694819927216
181360,1.3292999267578125,3133.343559741974
181370,1.329315185546875,3133.516829967499
181380,1.329315185546875,3133.6705708503723
181390,1.329315185546875,3133.8102939128876
181400,1.3293609619140625,3133.9544088840485
181410,1.3293609619140625,3134.095809698105
181420,1.329376220703125,3134.262989759445
181430,1.3293914794921875,3134.418247938156
181440,1.3294219970703125,3134.5800046920776
181450,1.329437255859375,3134.7368247509003
181460,1.3294525146484375,3134.9799048900604
181470,1.3294677734375,3135.156942844391
181480,1.3294830322265625,3135.3405046463013
181490,1.329498291015625,3135.5158348083496
181500,1.329498291015625,3135.7258348464966
181510,1.3295135498046875,3135.8592047691345
181520,1.32952880859375,3136.038933992386
181530,1.32952880859375,3136.196971654892
181540,1.3295745849609375,3136.4607696533203
181550,1.3295745849609375,3136.582939863205
181560,1.3295745849609375,3136.7403399944305
181570,1.32958984375,3136.919387817383
181580,1.329620361328125,3137.0558516979218
181590,1.3296356201171875,3137.2236688137054
181600,1.32965087890625,3137.385717868805
181610,1.329681396484375,3137.544132709503
181620,1.3296966552734375,3137.7252638339996
181630,1.3297119140625,3137.934305667877
181640,1.3297271728515625,3138.145668745041
181650,1.329742431640625,3138.285477876663
181660,1.3297576904296875,3138.460454940796
181670,1.32977294921875,3138.635829925537
181680,1.32977294921875,3138.7969098091125
181690,1.329803466796875,3138.980213880539
181700,1.3298187255859375,3139.1411488056183
181710,1.3298187255859375,3139.319490671158
181720,1.329833984375,3139.4721536636353
181730,1.329864501953125,3139.649069786072
181740,1.329864501953125,3139.8820259571075
181750,1.3298797607421875,3140.0660588741302
181760,1.32989501953125,3140.2717278003693
181770,1.32989501953125,3140.474119901657
181780,1.3299102783203125,3140.607059955597
181790,1.329925537109375,3140.838668823242
181800,1.3299407958984375,3141.0367889404297
181810,1.3299713134765625,3141.2757449150085
181820,1.329986572265625,3141.450877904892
181830,1.329986572265625,3141.6452808380127
181840,1.33001708984375,3141.793679714203
181850,1.3300323486328125,3142.0037229061127
181860,1.330047607421875,3142.1426696777344
181870,1.3300628662109375,3142.3499867916107
181880,1.3300628662109375,3142.496175765991
181890,1.3300933837890625,3142.6325118541718
181900,1.3300933837890625,3142.7666738033295
181910,1.330108642578125,3142.9102947711945
181920,1.3301239013671875,3143.0897748470306
181930,1.3301544189453125,3143.2350857257843
181940,1.330169677734375,3143.4803907871246
181950,1.330169677734375,3143.7157578468323
181960,1.330169677734375,3143.8832046985626
181970,1.3302154541015625,3144.0235247612
181980,1.3302154541015625,3144.18261885643
181990,1.3302154541015625,3144.343406677246
182000,1.3302459716796875,3144.4955039024353
182010,1.3302459716796875,3144.6704938411713
182020,1.3302459716796875,3144.8131959438324
182030,1.330291748046875,3144.956385612488
182040,1.330291748046875,3145.1108858585358
182050,1.3303070068359375,3145.2932159900665
182060,1.330322265625,3145.5000348091125
182070,1.3303375244140625,3145.670441865921
182080,1.330352783203125,3145.851807832718
182090,1.3303680419921875,3146.114244699478
182100,1.33038330078125,3146.331892967224
182110,1.330413818359375,3146.542580842972
182120,1.3304290771484375,3146.7024607658386
182130,1.3304290771484375,3146.886786699295
182140,1.3304595947265625,3147.0643849372864
182150,1.330474853515625,3147.271030664444
182160,1.330474853515625,3147.4251828193665
182170,1.3305206298828125,3147.630334854126
182180,1.33056640625,3147.7731556892395
182190,1.33056640625,3147.9494998455048
182200,1.33056640625,3148.106908798218
182210,1.330596923828125,3148.2439317703247
182220,1.3306121826171875,3148.4145998954773
182230,1.3306121826171875,3148.5769698619843
182240,1.3306427001953125,3148.72483086586
182250,1.330657958984375,3148.9470887184143
182260,1.330657958984375,3149.113495826721
182270,1.330657958984375,3149.284539937973
182280,1.3307037353515625,3149.434323787689
182290,1.330718994140625,3149.6104366779327
182300,1.3307342529296875,3149.829046726227
182310,1.3307342529296875,3149.96191072464
182320,1.33074951171875,3150.2343378067017
182330,1.3307647705078125,3150.3954968452454
182340,1.330780029296875,3150.608720779419
182350,1.330780029296875,3150.7665688991547
182360,1.330810546875,3150.980372905731
182370,1.3308258056640625,3151.173141002655
182380,1.330841064453125,3151.377607822418
182390,1.33087158203125,3151.612986803055
182400,1.3308868408203125,3151.7389538288116
182410,1.3308868408203125,3151.8848719596863
182420,1.3309173583984375,3152.03657078743
182430,1.330963134765625,3152.211322784424
182440,1.330963134765625,3152.363396883011
182450,1.3309783935546875,3152.5459818840027
182460,1.33099365234375,3152.765614748001
182470,1.3310089111328125,3152.960173845291
182480,1.331024169921875,3153.1186797618866
182490,1.3310394287109375,3153.2774908542633
182500,1.3310394287109375,3153.431329727173
182510,1.3310699462890625,3153.6215007305145
182520,1.3310699462890625,3153.7992289066315
182530,1.331085205078125,3154.000427007675
182540,1.33111572265625,3154.160840988159
182550,1.3311309814453125,3154.3078389167786
182560,1.3311309814453125,3154.4349448680878
182570,1.331146240234375,3154.5965876579285
182580,1.3311614990234375,3154.847275018692
182590,1.3311920166015625,3155.02738571167
182600,1.331207275390625,3155.191377878189
182610,1.3312225341796875,3155.3526446819305
182620,1.331268310546875,3155.55752491951
182630,1.3312835693359375,3155.718124628067
182640,1.331298828125,3155.8428478240967
182650,1.331298828125,3155.974928855896
182660,1.3313446044921875,3156.147593975067
182670,1.3313446044921875,3156.3034036159515
182680,1.3313751220703125,3156.4429047107697
182690,1.331390380859375,3156.5730679035187
182700,1.331390380859375,3156.7414519786835
182710,1.3314056396484375,3156.8926877975464
182720,1.3314208984375,3157.0703806877136
182730,1.3314361572265625,3157.2835767269135
182740,1.331451416015625,3157.4660296440125
182750,1.331451416015625,3157.614676952362
182760,1.3314666748046875,3157.914265871048
182770,1.33148193359375,3158.050925731659
182780,1.3314971923828125,3158.204756975174
182790,1.331512451171875,3158.3379657268524
182800,1.331512451171875,3158.575549840927
182810,1.3315277099609375,3158.7423737049103
182820,1.33154296875,3158.885267972946
182830,1.3315582275390625,3159.0682168006897
182840,1.331573486328125,3159.253884792328
182850,1.3315887451171875,3159.4519658088684
182860,1.33160400390625,3159.602625608444
182870,1.3316192626953125,3159.761480808258
182880,1.3316497802734375,3159.930928707123
182890,1.3316497802734375,3160.123258829117
182900,1.3316802978515625,3160.302903652191
182910,1.3317108154296875,3160.4330847263336
182920,1.33172607421875,3160.5691437721252
182930,1.33172607421875,3160.7585158348083
182940,1.3317413330078125,3160.9855358600616
182950,1.331756591796875,3161.1912178993225
182960,1.3317718505859375,3161.321760892868
182970,1.331787109375,3161.462661743164
182980,1.3318023681640625,3161.5909247398376
182990,1.3318023681640625,3161.7322549819946
183000,1.331817626953125,3161.8675367832184
183010,1.3318328857421875,3162.033746957779
183020,1.33184814453125,3162.2006738185883
183030,1.331878662109375,3162.345635652542
183040,1.3318939208984375,3162.4804458618164
183050,1.3318939208984375,3162.688290834427
183060,1.3319091796875,3162.8532218933105
183070,1.3319244384765625,3163.1252727508545
183080,1.331939697265625,3163.2769577503204
183090,1.3319549560546875,3163.4170429706573
183100,1.3319549560546875,3163.5659699440002
183110,1.3319854736328125,3163.76105594635
183120,1.3320159912109375,3163.9143249988556
183130,1.3320465087890625,3164.110622882843
183140,1.3320465087890625,3164.25657582283
183150,1.33209228515625,3164.406639814377
183160,1.3321075439453125,3164.626205921173
183170,1.3321075439453125,3164.754902601242
183180,1.332122802734375,3164.9020097255707
183190,1.3321533203125,3165.04545378685
183200,1.3321533203125,3165.192890882492
183210,1.332183837890625,3165.3538858890533
183220,1.332183837890625,3165.5235006809235
183230,1.3321990966796875,3165.7152099609375
183240,1.33221435546875,3165.871878862381
183250,1.33221435546875,3166.0812728405
183260,1.3322296142578125,3166.278050661087
183270,1.332244873046875,3166.4495759010315
183280,1.332244873046875,3166.6379878520966
183290,1.332244873046875,3166.7962849140167
183300,1.332275390625,3166.9662067890167
183310,1.3322906494140625,3167.090840816498
183320,1.3322906494140625,3167.270647764206
183330,1.332305908203125,3167.5117979049683
183340,1.3323211669921875,3167.6472387313843
183350,1.33233642578125,3167.8882508277893
183360,1.3323516845703125,3168.081170797348
183370,1.3323516845703125,3168.224063873291
183380,1.3323516845703125,3168.4516956806183
183390,1.332427978515625,3168.67374587059
183400,1.3324432373046875,3168.84575176239
183410,1.3324432373046875,3168.9789247512817
183420,1.3324737548828125,3169.1279668807983
183430,1.3324737548828125,3169.2695417404175
183440,1.332489013671875,3169.453249692917
183450,1.3325347900390625,3169.657096862793
183460,1.3325347900390625,3169.8018338680267
183470,1.3325347900390625,3169.969263792038
183480,1.332550048828125,3170.107694864273
183490,1.33258056640625,3170.2675337791443
183500,1.33258056640625,3170.389148950577
183510,1.3326263427734375,3170.5524418354034
183520,1.3326263427734375,3170.722832918167
183530,1.3326416015625,3170.872836828232
183540,1.3326568603515625,3171.024129629135
183550,1.3326568603515625,3171.2018146514893
183560,1.3326568603515625,3171.384484767914
183570,1.3326873779296875,3171.548220872879
183580,1.33270263671875,3171.7309277057648
183590,1.33270263671875,3171.921186685562
183600,1.332733154296875,3172.1044478416443
183610,1.3327484130859375,3172.2865138053894
183620,1.332763671875,3172.4375607967377
183630,1.3327789306640625,3172.5961878299713
183640,1.3328399658203125,3172.740297794342
183650,1.3328399658203125,3172.89292883873
183660,1.3328399658203125,3173.0816328525543
183670,1.332855224609375,3173.293287754059
183680,1.3328704833984375,3173.45911192894
183690,1.3329010009765625,3173.651836872101
183700,1.332916259765625,3173.933658838272
183710,1.332916259765625,3174.0933797359467
183720,1.33294677734375,3174.2966408729553
183730,1.3329620361328125,3174.50323677063
183740,1.3329620361328125,3174.7037019729614
183750,1.3329620361328125,3174.9202659130096
183760,1.3329925537109375,3175.128833055496
183770,1.3329925537109375,3175.4141347408295
183780,1.3329925537109375,3175.551246881485
183790,1.3330078125,3175.717282772064
183800,1.3330078125,3175.917355775833
183810,1.3330230712890625,3176.0945956707
183820,1.3330535888671875,3176.299587726593
183830,1.3330535888671875,3176.4980108737946
183840,1.33306884765625,3176.674120903015
183850,1.333099365234375,3176.8382847309113
183860,1.333099365234375,3177.027459859848
183870,1.333099365234375,3177.2226338386536
183880,1.3331451416015625,3177.369554758072
183890,1.3331451416015625,3177.5260877609253
183900,1.33319091796875,3177.700392961502
183910,1.3332061767578125,3177.899312734604
183920,1.3332061767578125,3178.0887067317963
183930,1.333221435546875,3178.214823961258
183940,1.3332366943359375,3178.381675720215
183950,1.333251953125,3178.5483918190002
183960,1.3332672119140625,3178.7811617851257
183970,1.3332977294921875,3178.986352920532
183980,1.3333282470703125,3179.132360935211
183990,1.3333282470703125,3179.3292458057404
184000,1.3333587646484375,3179.504051923752
184010,1.3333740234375,3179.645973920822
184020,1.3333740234375,3179.831930875778
184030,1.333404541015625,3179.9978947639465
184040,1.3334197998046875,3180.202159881592
184050,1.3334197998046875,3180.376931667328
184060,1.33343505859375,3180.5687527656555
184070,1.33343505859375,3180.71368598938
184080,1.3334503173828125,3180.8828847408295
184090,1.3334808349609375,3181.025591611862
184100,1.3334808349609375,3181.2010838985443
184110,1.33349609375,3181.385449886322
184120,1.3335418701171875,3181.575605869293
184130,1.33355712890625,3181.776043653488
184140,1.33355712890625,3181.9315237998962
184150,1.3336029052734375,3182.0911779403687
184160,1.3336181640625,3182.250236749649
184170,1.3336181640625,3182.476425886154
184180,1.3336334228515625,3182.6415889263153
184190,1.3336334228515625,3182.7869770526886
184200,1.333648681640625,3182.9617998600006
184210,1.33367919921875,3183.1191799640656
184220,1.33367919921875,3183.389627933502
184230,1.33367919921875,3183.552033662796
184240,1.3337249755859375,3183.723107814789
184250,1.333740234375,3183.9093759059906
184260,1.333740234375,3184.091981649399
184270,1.3337554931640625,3184.22655582428
184280,1.3337554931640625,3184.378655910492
184290,1.3337554931640625,3184.580582857132
184300,1.333770751953125,3184.745892763138
184310,1.3337860107421875,3184.907705783844
184320,1.3338165283203125,3185.120714902878
184330,1.3338470458984375,3185.2789509296417
184340,1.3338775634765625,3185.4661078453064
184350,1.3338775634765625,3185.6640298366547
184360,1.3339080810546875,3185.799426794052
184370,1.3339080810546875,3185.973159790039
184380,1.33392333984375,3186.105633020401
184390,1.3339385986328125,3186.2669558525085
184400,1.333953857421875,3186.4648258686066
184410,1.333984375,3186.6422069072723
184420,1.334014892578125,3186.7781698703766
184430,1.334014892578125,3186.8994686603546
184440,1.3340301513671875,3187.044152736664
184450,1.33404541015625,3187.222524881363
184460,1.3340606689453125,3187.4033505916595
184470,1.3340606689453125,3187.541690826416
184480,1.3341064453125,3187.7449736595154
184490,1.3341217041015625,3187.9225039482117
184500,1.3341217041015625,3188.075860977173
184510,1.334136962890625,3188.2233548164368
184520,1.3341522216796875,3188.3936760425568
184530,1.33416748046875,3188.545082807541
184540,1.3341827392578125,3188.689943790436
184550,1.334197998046875,3188.826495885849
184560,1.334197998046875,3189.014492750168
184570,1.3342132568359375,3189.1709229946136
184580,1.334228515625,3189.3415098190308
184590,1.3342437744140625,3189.499867916107
184600,1.342559814453125,3189.6940836906433
184610,1.34259033203125,3189.880254983902
184620,1.342620849609375,3190.044989824295
184630,1.3426361083984375,3190.2644386291504
184640,1.3426513671875,3190.4233877658844
184650,1.3426513671875,3190.621622800827
184660,1.3426971435546875,3190.7885508537292
184670,1.34271240234375,3190.913382768631
184680,1.34271240234375,3191.0730676651
184690,1.342742919921875,3191.2370307445526
184700,1.3427734375,3191.403173685074
184710,1.3427734375,3191.576737642288
184720,1.3427734375,3191.7623307704926
184730,1.3428192138671875,3191.904960870743
184740,1.3428192138671875,3192.0866796970367
184750,1.34283447265625,3192.2780327796936
184760,1.34283447265625,3192.421301841736
184770,1.34283447265625,3192.6478400230408
184780,1.342864990234375,3192.7898647785187
184790,1.3428955078125,3192.9671127796173
184800,1.3428955078125,3193.10591673851
184810,1.3429107666015625,3193.235524892807
184820,1.342926025390625,3193.387196779251
184830,1.3429412841796875,3193.5571236610413
184840,1.3429412841796875,3193.7170748710632
184850,1.342987060546875,3193.8763298988342
184860,1.3430023193359375,3194.005062818527
184870,1.3430023193359375,3194.2080466747284
184880,1.343017578125,3194.3474218845367
184890,1.3430328369140625,3194.482539653778
184900,1.343048095703125,3194.6331310272217
184910,1.34307861328125,3194.8020248413086
184920,1.343109130859375,3194.9418017864227
184930,1.343109130859375,3195.118796825409
184940,1.3431243896484375,3195.285398721695
184950,1.3431396484375,3195.470946788788
184960,1.3431549072265625,3195.671756029129
184970,1.3431854248046875,3195.84362077713
184980,1.3431854248046875,3196.0365948677063
184990,1.3431854248046875,3196.1908218860626
185000,1.3432159423828125,3196.3400037288666
185010,1.343231201171875,3196.7048666477203
185020,1.343231201171875,3196.838689804077
185030,1.34326171875,3197.0214216709137
185040,1.34326171875,3197.1947288513184
185050,1.3432769775390625,3197.350397825241
185060,1.343292236328125,3197.5095868110657
185070,1.3433074951171875,3197.6422946453094
185080,1.3433074951171875,3197.8264787197113
185090,1.343353271484375,3198.0202717781067
185100,1.343353271484375,3198.159985780716
185110,1.3433837890625,3198.327718734741
185120,1.3433990478515625,3198.4983706474304
185130,1.343414306640625,3198.6921417713165
185140,1.343414306640625,3198.8872287273407
185150,1.34344482421875,3199.098527908325
185160,1.343475341796875,3199.2616357803345
185170,1.3434906005859375,3199.422776699066
185180,1.3434906005859375,3199.5683257579803
185190,1.3434906005859375,3199.709080696106
185200,1.3435211181640625,3199.8833878040314
185210,1.34356689453125,3200.0146958827972
185220,1.34356689453125,3200.180891752243
185230,1.3435821533203125,3200.330076932907
185240,1.3436126708984375,3200.4907677173615
185250,1.3436279296875,3200.647804737091
185260,1.3436279296875,3200.812661886215
185270,1.3436279296875,3200.9607849121094
185280,1.343658447265625,3201.120342731476
185290,1.343658447265625,3201.312549829483
185300,1.3436737060546875,3201.470916748047
185310,1.3436737060546875,3201.621627807617
185320,1.34368896484375,3201.8499908447266
185330,1.343719482421875,3202.003592967987
185340,1.3437347412109375,3202.1596059799194
185350,1.34375,3202.3101189136505
185360,1.34375,3202.4742488861084
185370,1.343780517578125,3202.62713766098
185380,1.343780517578125,3202.797061920166
185390,1.3437957763671875,3202.9828877449036
185400,1.34381103515625,3203.1502437591553
185410,1.3438262939453125,3203.295342683792
185420,1.3438262939453125,3203.466722726822
185430,1.3438720703125,3203.6377217769623
185440,1.3438720703125,3203.8164048194885
185450,1.3438873291015625,3203.9670288562775
185460,1.343902587890625,3204.1290459632874
185470,1.3439178466796875,3204.349225997925
185480,1.34393310546875,3204.5096168518066
185490,1.3439483642578125,3204.695494890213
185500,1.3439483642578125,3204.890653848648
185510,1.343963623046875,3205.0714507102966
185520,1.343994140625,3205.250599861145
185530,1.3440093994140625,3205.4147238731384
185540,1.3440093994140625,3205.635356903076
185550,1.3440399169921875,3205.8241517543793
185560,1.3440399169921875,3206.0142369270325
185570,1.3440399169921875,3206.191206932068
185580,1.3440704345703125,3206.3362057209015
185590,1.344085693359375,3206.4781517982483
185600,1.3441009521484375,3206.627275943756
185610,1.3441314697265625,3206.8295748233795
185620,1.344146728515625,3206.9813027381897
185630,1.3441619873046875,3207.174856901169
185640,1.3441925048828125,3207.3341047763824
185650,1.3441925048828125,3207.483067750931
185660,1.3441925048828125,3207.6061737537384
185670,1.3442230224609375,3207.7631747722626
185680,1.3442535400390625,3207.8991148471832
185690,1.344268798828125,3208.070255756378
185700,1.34429931640625,3208.2708559036255
185710,1.34429931640625,3208.439953804016
185720,1.3443145751953125,3208.5707099437714
185730,1.344329833984375,3208.749187707901
185740,1.344329833984375,3208.909810781479
185750,1.3443450927734375,3209.0909898281097
185760,1.3443450927734375,3209.2360248565674
185770,1.3443603515625,3209.417464733124
185780,1.3443756103515625,3209.5858459472656
185790,1.3443756103515625,3209.724510908127
185800,1.3443756103515625,3209.854745864868
185810,1.3444061279296875,3210.120028734207
185820,1.3444366455078125,3210.262881040573
185830,1.3444671630859375,3210.475443840027
185840,1.3444671630859375,3210.634263753891
185850,1.3444976806640625,3210.7752838134766
185860,1.344512939453125,3210.9158878326416
185870,1.344512939453125,3211.1103427410126
185880,1.3445281982421875,3211.264583826065
185890,1.34454345703125,3211.4326736927032
185900,1.34454345703125,3211.5666239261627
185910,1.3445892333984375,3211.7069408893585
185920,1.3445892333984375,3211.85276389122
185930,1.3446044921875,3212.003926753998
185940,1.34466552734375,3212.1648137569427
185950,1.34466552734375,3212.317051887512
185960,1.3446807861328125,3212.502265691757
185970,1.344696044921875,3212.6234228610992
185980,1.3447113037109375,3212.8058466911316
185990,1.3460693359375,3213.0171189308167
186000,1.3460845947265625,3213.1728036403656
186010,1.3460845947265625,3213.319604873657
186020,1.346099853515625,3213.481151819229
186030,1.3461151123046875,3213.617152929306
186040,1.34613037109375,3213.755965948105
186050,1.34613037109375,3213.8940699100494
186060,1.346160888671875,3214.0297417640686
186070,1.3461761474609375,3214.2406888008118
186080,1.34619140625,3214.4293868541718
186090,1.3462066650390625,3214.5717997550964
186100,1.3462066650390625,3214.743777036667
186110,1.3462371826171875,3214.8999438285828
186120,1.3462677001953125,3215.0913457870483
186130,1.3462677001953125,3215.226286649704
186140,1.3462677001953125,3215.3616478443146
186150,1.3462677001953125,3215.506096839905
186160,1.3463287353515625,3215.6728887557983
186170,1.3463287353515625,3215.8082427978516
186180,1.346343994140625,3216.0315346717834
186190,1.34637451171875,3216.2054138183594
186200,1.346405029296875,3216.3258419036865
186210,1.346405029296875,3216.514272928238
186220,1.346435546875,3216.6421806812286
186230,1.3464508056640625,3216.8414158821106
186240,1.346466064453125,3217.0058178901672
186250,1.3464813232421875,3217.163267850876
186260,1.3464813232421875,3217.357596874237
186270,1.3464813232421875,3217.5516386032104
186280,1.3465118408203125,3217.7028019428253
186290,1.3465118408203125,3217.854210615158
186300,1.3465118408203125,3218.046844959259
186310,1.346527099609375,3218.2333567142487
186320,1.3465576171875,3218.406523704529
186330,1.3465576171875,3218.623983860016
186340,1.3465728759765625,3218.8430416584015
186350,1.3465728759765625,3219.0067830085754
186360,1.3466033935546875,3219.192975759506
186370,1.346649169921875,3219.347295999527
186380,1.346649169921875,3219.5257658958435
186390,1.3466644287109375,3219.746199607849
186400,1.3466796875,3219.9034147262573
186410,1.3466949462890625,3220.1172716617584
186420,1.346710205078125,3220.2994990348816
186430,1.3467559814453125,3220.460352897644
186440,1.3467559814453125,3220.6398787498474
186450,1.3467864990234375,3220.846987962723
186460,1.346832275390625,3221.018154859543
186470,1.346832275390625,3221.183923959732
186480,1.346832275390625,3221.3575077056885
186490,1.34686279296875,3221.501093864441
186500,1.3468780517578125,3221.6570539474487
186510,1.3468780517578125,3221.831461906433
186520,1.346893310546875,3222.08909368515
186530,1.3469085693359375,3222.2931089401245
186540,1.346923828125,3222.4210019111633
186550,1.3469696044921875,3222.5831859111786
186560,1.3393707275390625,3222.721992969513
186570,1.34417724609375,3222.8743789196014
186580,1.34197998046875,3223.0774538517
186590,1.3426361083984375,3223.242913007736
186600,1.3426666259765625,3223.3741858005524
186610,1.343017578125,3223.5578837394714
186620,1.34552001953125,3223.7614068984985
186630,1.34552001953125,3223.931967973709
186640,1.3455352783203125,3224.1159207820892
186650,1.345550537109375,3224.3310267925262
186660,1.3455657958984375,3224.4921338558197
186670,1.3455963134765625,3224.647557735443
186680,1.3456268310546875,3224.806953907013
186690,1.3456268310546875,3224.9682018756866
186700,1.3456573486328125,3225.155009031296
186710,1.345672607421875,3225.3561737537384
186720,1.345672607421875,3225.517056941986
186730,1.345703125,3225.6522119045258
186740,1.3457183837890625,3225.9057128429413
186750,1.3457183837890625,3226.0249819755554
186760,1.3457489013671875,3226.197382926941
186770,1.3457489013671875,3226.3498718738556
186780,1.3457489013671875,3226.5136477947235
186790,1.34576416015625,3226.712022781372
186800,1.3457794189453125,3226.880172729492
186810,1.345794677734375,3227.045033931732
186820,1.3458099365234375,3227.1854729652405
186830,1.3473663330078125,3227.4612517356873
186840,1.3473968505859375,3227.6588628292084
186850,1.3474273681640625,3227.83340382576
186860,1.3474273681640625,3228.031012773514
186870,1.3474273681640625,3228.214540719986
186880,1.3474578857421875,3228.3708329200745
186890,1.34747314453125,3228.529465675354
186900,1.34747314453125,3228.66996383667
186910,1.3475189208984375,3228.862949848175
186920,1.3475494384765625,3229.0193197727203
186930,1.3475494384765625,3229.184191942215
186940,1.347564697265625,3229.339148044586
186950,1.347564697265625,3229.472054719925
186960,1.3476104736328125,3229.6292328834534
186970,1.347625732421875,3229.8017296791077
186980,1.347625732421875,3229.9820358753204
186990,1.347625732421875,3230.2021980285645
187000,1.3476715087890625,3230.338485956192
187010,1.3476715087890625,3230.5225179195404
187020,1.3476715087890625,3230.6626608371735
187030,1.34771728515625,3230.8595509529114
187040,1.3477325439453125,3231.070837020874
187050,1.3477325439453125,3231.2459597587585
187060,1.347747802734375,3231.3929059505463
187070,1.3477630615234375,3231.5730187892914
187080,1.3477783203125,3231.7330057621
187090,1.3477935791015625,3231.924894809723
187100,1.347808837890625,3232.0702097415924
187110,1.3478240966796875,3232.2505626678467
187120,1.34783935546875,3232.388351917267
187130,1.3478546142578125,3232.6195209026337
187140,1.347869873046875,3232.8077960014343
187150,1.347900390625,3233.0861208438873
187160,1.347900390625,3233.28519487381
187170,1.3479156494140625,3233.4399387836456
187180,1.3479461669921875,3233.5843226909637
187190,1.3479461669921875,3233.7379088401794
187200,1.3479461669921875,3233.9092700481415
187210,1.347991943359375,3234.037470817566
187220,1.3480072021484375,3234.193811893463
187230,1.3480072021484375,3234.351420879364
187240,1.3480224609375,3234.5265185832977
187250,1.3480377197265625,3234.724242925644
187260,1.3480377197265625,3234.9023427963257
187270,1.348052978515625,3235.0856969356537
187280,1.348052978515625,3235.2804160118103
187290,1.3480682373046875,3235.500330924988
187300,1.34808349609375,3235.6775076389313
187310,1.348114013671875,3235.856896877289
187320,1.348114013671875,3236.0403048992157
187330,1.3481292724609375,3236.1924917697906
187340,1.34814453125,3236.355233669281
187350,1.34814453125,3236.509510755539
187360,1.348175048828125,3236.7063648700714
187370,1.348175048828125,3236.8479328155518
187380,1.34820556640625,3236.9937098026276
187390,1.3482208251953125,3237.1939277648926
187400,1.348236083984375,3237.3622789382935
187410,1.3482666015625,3237.5269277095795
187420,1.348297119140625,3237.7942945957184
187430,1.348297119140625,3237.9154477119446
187440,1.3483123779296875,3238.042151927948
187450,1.3483428955078125,3238.2605168819427
187460,1.3483428955078125,3238.5380239486694
187470,1.348358154296875,3238.6742079257965
187480,1.3483734130859375,3238.8619298934937
187490,1.348388671875,3239.0368897914886
187500,1.3484039306640625,3239.1741828918457
187510,1.348419189453125,3239.336170911789
187520,1.34844970703125,3239.4865458011627
187530,1.34844970703125,3239.6687779426575
187540,1.348480224609375,3239.876135826111
187550,1.348480224609375,3240.1162109375
187560,1.348480224609375,3240.2397549152374
187570,1.3485260009765625,3240.394656896591
187580,1.3485260009765625,3240.545624732971
187590,1.3485260009765625,3240.751955986023
187600,1.3485565185546875,3240.955477952957
187610,1.34857177734375,3241.1113889217377
187620,1.3485870361328125,3241.2973947525024
187630,1.348602294921875,3241.4914696216583
187640,1.3486175537109375,3241.6723618507385
187650,1.3486480712890625,3241.832317829132
187660,1.3486785888671875,3241.97647690773
187670,1.3486785888671875,3242.20068192482
187680,1.34869384765625,3242.3744678497314
187690,1.3487091064453125,3242.52640581131
187700,1.3487091064453125,3242.67702293396
187710,1.3487091064453125,3242.819228887558
187720,1.3487701416015625,3242.9704859256744
187730,1.3487701416015625,3243.1153757572174
187740,1.3487701416015625,3243.2745039463043
187750,1.34881591796875,3243.480404853821
187760,1.3488311767578125,3243.701439857483
187770,1.3488311767578125,3243.8679468631744
187780,1.348846435546875,3244.084665775299
187790,1.3492584228515625,3244.2669236660004
187800,1.3515777587890625,3244.434339761734
187810,1.33465576171875,3244.627527952194
187820,1.33306884765625,3244.8539729118347
187830,1.333251953125,3245.024288892746
187840,1.333251953125,3245.1686477661133
187850,1.335357666015625,3245.313628911972
187860,1.335357666015625,3245.4968848228455
187870,1.3353729248046875,3245.643048763275
187880,1.335601806640625,3245.825938940048
187890,1.3356170654296875,3246.024467945099
187900,1.33563232421875,3246.1790058612823
187910,1.335693359375,3246.3775668144226
187920,1.335693359375,3246.5868117809296
187930,1.3357086181640625,3246.769716978073
187940,1.3357391357421875,3246.924085855484
187950,1.3357391357421875,3247.1000876426697
187960,1.3357391357421875,3247.314707994461
187970,1.3365020751953125,3247.528597831726
187980,1.3392791748046875,3247.752580881119
187990,1.33929443359375,3247.9274628162384
188000,1.3393096923828125,3248.0750830173492
188010,1.3393402099609375,3248.2772138118744
188020,1.3393402099609375,3248.483729839325
188030,1.33935546875,3248.69664478302
188040,1.339385986328125,3248.871193885803
188050,1.339385986328125,3249.027352809906
188060,1.33941650390625,3249.1829948425293
188070,1.33941650390625,3249.3165538311005
188080,1.3394317626953125,3249.477907896042
188090,1.3394622802734375,3249.6414079666138
188100,1.3416900634765625,3249.799493789673
188110,1.3416900634765625,3249.9264917373657
188120,1.3417510986328125,3250.111043691635
188130,1.341766357421875,3250.2808017730713
188140,1.341766357421875,3250.4829597473145
188150,1.3530426025390625,3250.6629457473755
188160,1.3530426025390625,3250.81787276268
188170,1.353057861328125,3251.019472837448
188180,1.35308837890625,3251.2334327697754
188190,1.35308837890625,3251.4071888923645
188200,1.35308837890625,3251.5676798820496
188210,1.353118896484375,3251.750427722931
188220,1.3531341552734375,3251.9139099121094
188230,1.3531494140625,3252.0706317424774
188240,1.3531646728515625,3252.305201768875
188250,1.3531951904296875,3252.5844917297363
188260,1.35321044921875,3252.7287917137146
188270,1.35321044921875,3252.881745815277
188280,1.35321044921875,3253.0235316753387
188290,1.353240966796875,3253.2393567562103
188300,1.3532562255859375,3253.376514673233
188310,1.3532562255859375,3253.530161857605
188320,1.3532562255859375,3253.6880428791046
188330,1.353271484375,3253.8061277866364
188340,1.3532867431640625,3253.9568767547607
188350,1.353302001953125,3254.1007239818573
188360,1.3533172607421875,3254.4284946918488
188370,1.35333251953125,3254.5860600471497
188380,1.3535308837890625,3254.7834429740906
188390,1.3535614013671875,3254.9326956272125
188400,1.3535614013671875,3255.098436832428
188410,1.35357666015625,3255.251685857773
188420,1.3536376953125,3255.393605709076
188430,1.353668212890625,3255.686808824539
188440,1.353668212890625,3255.856780767441
188450,1.3536834716796875,3256.0672137737274
188460,1.35369873046875,3256.21014380455
188470,1.35369873046875,3256.4182798862457
188480,1.353729248046875,3256.55766582489
188490,1.3537750244140625,3256.718273639679
188500,1.3537750244140625,3256.875982761383
188510,1.3538055419921875,3257.0693929195404
188520,1.3538055419921875,3257.204999923706
188530,1.35382080078125,3257.3820028305054
188540,1.35382080078125,3257.5287358760834
188550,1.353851318359375,3257.6801569461823
188560,1.353851318359375,3257.8799097537994
188570,1.3538665771484375,3258.0904397964478
188580,1.3538970947265625,3258.2622258663177
188590,1.3538970947265625,3258.42626786232
188600,1.353912353515625,3258.607451915741
188610,1.3539581298828125,3258.785929918289
188620,1.353973388671875,3258.939626932144
188630,1.353973388671875,3259.085254907608
188640,1.35400390625,3259.2349560260773
188650,1.3540191650390625,3259.3867976665497
188660,1.3540191650390625,3259.5682277679443
188670,1.354034423828125,3259.719778776169
188680,1.35406494140625,3259.8834297657013
188690,1.3540802001953125,3260.0252668857574
188700,1.354095458984375,3260.202697992325
188710,1.354095458984375,3260.349375963211
188720,1.354095458984375,3260.5686609745026
188730,1.3541717529296875,3260.7296707630157
188740,1.3542022705078125,3260.959295988083
188750,1.3542022705078125,3261.1449489593506
188760,1.354217529296875,3261.3088886737823
188770,1.354248046875,3261.460340976715
188780,1.354248046875,3261.6283457279205
188790,1.354248046875,3261.867086648941
188800,1.354248046875,3262.0222206115723
188810,1.3542633056640625,3262.1863927841187
188820,1.354278564453125,3262.3848128318787
188830,1.354278564453125,3262.57253575325
188840,1.354278564453125,3262.760437965393
188850,1.3543243408203125,3262.9421739578247
188860,1.354339599609375,3263.111276626587
188870,1.3543548583984375,3263.3310408592224
188880,1.354400634765625,3263.4960749149323
188890,1.354400634765625,3263.628120660782
188900,1.354400634765625,3263.8130917549133
188910,1.35443115234375,3264.0359177589417
188920,1.3544464111328125,3264.258374929428
188930,1.354461669921875,3264.4027857780457
188940,1.3544769287109375,3264.5789108276367
188950,1.3553619384765625,3264.7487449645996
188960,1.355377197265625,3264.9117398262024
188970,1.35540771484375,3265.0808629989624
188980,1.3554229736328125,3265.2863359451294
188990,1.3554229736328125,3265.460803747177
189000,1.3554840087890625,3265.633359670639
189010,1.3554840087890625,3265.7952828407288
189020,1.355499267578125,3265.9638509750366
189030,1.35552978515625,3266.113285779953
189040,1.3555450439453125,3266.2867817878723
189050,1.3555450439453125,3266.4780538082123
189060,1.355560302734375,3266.670122861862
189070,1.3555755615234375,3266.829801797867
189080,1.3555908203125,3266.9829607009888
189090,1.355621337890625,3267.1939198970795
189100,1.355621337890625,3267.3988757133484
189110,1.3556365966796875,3267.6970298290253
189120,1.355682373046875,3267.845223903656
189130,1.355682373046875,3267.983046770096
189140,1.3556976318359375,3268.197609901428
189150,1.3557281494140625,3268.382426738739
189160,1.3557281494140625,3268.538757801056
189170,1.3557281494140625,3268.721143722534
189180,1.355743408203125,3268.938717842102
189190,1.35577392578125,3269.085385799408
189200,1.35577392578125,3269.2703828811646
189210,1.3557891845703125,3269.384677886963
189220,1.355804443359375,3269.536903858185
189230,1.3558197021484375,3269.7111048698425
189240,1.3558502197265625,3269.8544108867645
189250,1.3558807373046875,3269.9783277511597
189260,1.3558807373046875,3270.167192697525
189270,1.3558807373046875,3270.3100867271423
189280,1.35589599609375,3270.5056657791138
189290,1.35589599609375,3270.660910844803
189300,1.3559112548828125,3270.8057837486267
189310,1.3559112548828125,3270.9624588489532
189320,1.355926513671875,3271.0973036289215
189330,1.3559417724609375,3271.2674717903137
189340,1.3559722900390625,3271.408675670624
189350,1.355987548828125,3271.554905653
189360,1.3560028076171875,3271.7162058353424
189370,1.35601806640625,3271.907933950424
189380,1.35601806640625,3272.0462930202484
189390,1.3560333251953125,3272.186500787735
189400,1.3560333251953125,3272.356117963791
189410,1.3560638427734375,3272.5416898727417
189420,1.3560943603515625,3272.735077857971
189430,1.3560943603515625,3272.8795998096466
189440,1.356109619140625,3273.055849790573
189450,1.35614013671875,3273.1998238563538
189460,1.3561553955078125,3273.357837677002
189470,1.3561553955078125,3273.6178138256073
189480,1.3561859130859375,3273.8121976852417
189490,1.3561859130859375,3273.9958527088165
189500,1.356201171875,3274.2200078964233
189510,1.356231689453125,3274.3774189949036
189520,1.356231689453125,3274.611210823059
189530,1.3562469482421875,3274.7703578472137
189540,1.35626220703125,3274.9404878616333
189550,1.3562774658203125,3275.099370956421
189560,1.3562774658203125,3275.2815248966217
189570,1.3563079833984375,3275.429776906967
189580,1.3563385009765625,3275.6344797611237
189590,1.3563385009765625,3275.7828669548035
189600,1.356353759765625,3275.9698786735535
189610,1.3563690185546875,3276.162328720093
189620,1.356414794921875,3276.313051700592
189630,1.356414794921875,3276.467214822769
189640,1.3564300537109375,3276.6268689632416
189650,1.3564453125,3276.788074016571
189660,1.3564453125,3276.975844860077
189670,1.356475830078125,3277.1552419662476
189680,1.356475830078125,3277.334446668625
189690,1.3564910888671875,3277.4727618694305
189700,1.35650634765625,3277.6453008651733
189710,1.356536865234375,3277.8288457393646
189720,1.356536865234375,3277.963474750519
189730,1.3565673828125,3278.0908648967743
189740,1.3565673828125,3278.2779488563538
189750,1.3565826416015625,3278.520933866501
189760,1.3566131591796875,3278.6815118789673
189770,1.3566131591796875,3278.8276937007904
189780,1.35662841796875,3278.9659588336945
189790,1.3566436767578125,3279.1183376312256
189800,1.3566436767578125,3279.2865357398987
189810,1.356658935546875,3279.523572921753
189820,1.3566741943359375,3279.6877267360687
189830,1.356689453125,3279.835112810135
189840,1.356689453125,3279.9958527088165
189850,1.356719970703125,3280.2123227119446
189860,1.3567352294921875,3280.3851079940796
189870,1.35675048828125,3280.6190679073334
189880,1.3567657470703125,3280.7819776535034
189890,1.3567657470703125,3280.945182800293
189900,1.3567962646484375,3281.106901884079
189910,1.3568267822265625,3281.29114985466
189920,1.3568267822265625,3281.4529967308044
189930,1.3568267822265625,3281.662122964859
189940,1.3568572998046875,3281.857112646103
189950,1.3568878173828125,3282.0028018951416
189960,1.3568878173828125,3282.179400920868
189970,1.356903076171875,3282.3416917324066
189980,1.35693359375,3282.5036380290985
189990,1.35693359375,3282.678675889969
190000,1.3569488525390625,3282.8182668685913
190010,1.3569488525390625,3283.004054784775
190020,1.3569793701171875,3283.22621178627
190030,1.3570098876953125,3283.395537853241
190040,1.3570098876953125,3283.5653278827667
190050,1.3570098876953125,3283.7436606884003
190060,1.3570404052734375,3283.9201006889343
190070,1.3570709228515625,3284.141970872879
190080,1.3570709228515625,3284.2844219207764
190090,1.357086181640625,3284.4451599121094
190100,1.357086181640625,3284.617146730423
190110,1.35711669921875,3284.762923717499
190120,1.357147216796875,3284.9319927692413
190130,1.357147216796875,3285.141147851944
190140,1.358001708984375,3285.3095128536224
190150,1.3580322265625,3285.495694875717
190160,1.358062744140625,3285.625419855118
190170,1.358062744140625,3285.7836408615112
190180,1.3581085205078125,3285.9430079460144
190190,1.358123779296875,3286.149137735367
190200,1.358123779296875,3286.3118357658386
190210,1.3581390380859375,3286.478764772415
190220,1.358154296875,3286.741472005844
190230,1.3581695556640625,3286.922008752823
190240,1.358184814453125,3287.0978498458862
190250,1.3582000732421875,3287.274528026581
190260,1.35821533203125,3287.480490922928
190270,1.358245849609375,3287.68403673172
190280,1.358245849609375,3287.855422973633
190290,1.3582763671875,3288.014595746994
190300,1.3582763671875,3288.2107598781586
190310,1.3582916259765625,3288.460417032242
190320,1.3582916259765625,3288.702577829361
190330,1.3459930419921875,3289.0052559375763
190340,1.340972900390625,3289.1912939548492
190350,1.3410186767578125,3289.3834249973297
190360,1.341033935546875,3289.5975048542023
190370,1.3410491943359375,3289.8407468795776
190380,1.3199005126953125,3290.0280640125275
190390,1.322723388671875,3290.222013950348
190400,1.3239288330078125,3290.417981863022
190410,1.32415771484375,3290.603499650955
190420,1.324188232421875,3290.789410829544
190430,1.3261871337890625,3291.003654718399
190440,1.3261871337890625,3291.1859200000763
190450,1.3262176513671875,3291.3684957027435
190460,1.32623291015625,3291.5381786823273
190470,1.326263427734375,3291.6979348659515
190480,1.327484130859375,3292.0818066596985
190490,1.3274993896484375,3292.2160828113556
190500,1.3275146484375,3292.4133818149567
190510,1.3440093994140625,3292.606701850891
190520,1.344024658203125,3292.7507338523865
190530,1.35430908203125,3292.9713957309723
190540,1.354339599609375,3293.1259927749634
190550,1.3543548583984375,3293.276179790497
190560,1.3543701171875,3293.4197788238525
190570,1.3543853759765625,3293.573004722595
190580,1.354400634765625,3293.731467962265
190590,1.354400634765625,3293.8946030139923
190600,1.35443115234375,3294.0578649044037
190610,1.35443115234375,3294.176284790039
190620,1.3544769287109375,3294.3524837493896
190630,1.3545074462890625,3294.544546842575
190640,1.3545074462890625,3294.804552793503
190650,1.3545074462890625,3294.9628348350525
190660,1.3545379638671875,3295.123886823654
190670,1.354583740234375,3295.295670032501
190680,1.354583740234375,3295.4792528152466
190690,1.3545989990234375,3295.6621289253235
190700,1.3546142578125,3295.8154628276825
190710,1.3546295166015625,3296.026240825653
190720,1.3546295166015625,3296.2500817775726
190730,1.354644775390625,3296.3954129219055
190740,1.354644775390625,3296.6468527317047
190750,1.35467529296875,3296.808674812317
190760,1.3546905517578125,3296.9747247695923
190770,1.3546905517578125,3297.124289751053
190780,1.354736328125,3297.311710834503
190790,1.3547515869140625,3297.4421377182007
190800,1.3547515869140625,3297.6354687213898
190810,1.3547515869140625,3297.777625799179
190820,1.3547821044921875,3297.9406819343567
190830,1.35479736328125,3298.127048969269
190840,1.35479736328125,3298.334800720215
190850,1.354827880859375,3298.519766807556
190860,1.354827880859375,3298.6916558742523
190870,1.3548431396484375,3298.856699705124
190880,1.3548583984375,3299.0313436985016
190890,1.3548736572265625,3299.3248257637024
190900,1.3548736572265625,3299.4690968990326
190910,1.3549041748046875,3299.634048938751
190920,1.354949951171875,3299.773251771927
190930,1.3549652099609375,3299.936427593231
190940,1.35498046875,3300.139412879944
190950,1.3549957275390625,3300.3314349651337
190960,1.3549957275390625,3300.570869922638
190970,1.355010986328125,3300.8429787158966
190980,1.3550262451171875,3301.0141048431396
190990,1.3550262451171875,3301.2643246650696
191000,1.3550567626953125,3301.502666950226
191010,1.3550567626953125,3301.649219751358
191020,1.3550567626953125,3301.8587357997894
191030,1.3550872802734375,3302.0322217941284
191040,1.355133056640625,3302.2080409526825
191050,1.355133056640625,3302.385931968689
191060,1.3551483154296875,3302.633645772934
191070,1.3551788330078125,3302.794690847397
191080,1.3551788330078125,3302.94855594635
191090,1.355194091796875,3303.1663999557495
191100,1.355224609375,3303.3652987480164
191110,1.355224609375,3303.513795852661
191120,1.355926513671875,3303.7284338474274
191130,1.355926513671875,3303.9023129940033
191140,1.35595703125,3304.0649588108063
191150,1.3559722900390625,3304.2500977516174
191160,1.355987548828125,3304.4090008735657
191170,1.355987548828125,3304.5614306926727
191180,1.35601806640625,3304.7403337955475
191190,1.3560333251953125,3304.925120830536
191200,1.3560333251953125,3305.0829758644104
191210,1.356048583984375,3305.2313499450684
191220,1.3560638427734375,3305.3964149951935
191230,1.3571929931640625,3305.5733666419983
191240,1.3572235107421875,3305.769190788269
191250,1.3572235107421875,3305.915838956833
191260,1.3572235107421875,3306.080817937851
191270,1.35723876953125,3306.2737877368927
191280,1.3572540283203125,3306.4480676651
191290,1.357269287109375,3306.6230866909027
191300,1.3572845458984375,3306.8003017902374
191310,1.3572998046875,3306.9639468193054
191320,1.3572998046875,3307.128080844879
191330,1.357330322265625,3307.3359789848328
191340,1.357330322265625,3307.517916917801
191350,1.35736083984375,3307.7465748786926
191360,1.357391357421875,3307.9575839042664
191370,1.357391357421875,3308.149231672287
191380,1.357391357421875,3308.2942469120026
191390,1.3574371337890625,3308.4795739650726
191400,1.357452392578125,3308.655097723007
191410,1.3574676513671875,3308.82643198967
191420,1.35748291015625,3309.0594737529755
191430,1.3574981689453125,3309.225453853607
191440,1.357513427734375,3309.409303665161
191450,1.3575286865234375,3309.6216237545013
191460,1.3575439453125,3309.8075697422028
191470,1.357574462890625,3310.0088708400726
191480,1.357574462890625,3310.1481709480286
191490,1.357574462890625,3310.323110818863
191500,1.360748291015625,3310.5192959308624
191510,1.360748291015625,3310.6678998470306
191520,1.360748291015625,3310.8525297641754
191530,1.3607635498046875,3310.997571706772
191540,1.360809326171875,3311.2515637874603
191550,1.36083984375,3311.42165184021
191560,1.36083984375,3311.6515548229218
191570,1.3608551025390625,3311.7780327796936
191580,1.360870361328125,3311.962511777878
191590,1.3608856201171875,3312.093482017517
191600,1.36090087890625,3312.2645256519318
191610,1.36090087890625,3312.416933774948
191620,1.360931396484375,3312.754433631897
191630,1.3609619140625,3312.9210019111633
191640,1.3609619140625,3313.0576617717743
191650,1.3609771728515625,3313.2290449142456
191660,1.3610076904296875,3313.4263989925385
191670,1.36102294921875,3313.5946338176727
191680,1.36102294921875,3313.7521648406982
191690,1.361053466796875,3313.895323753357
191700,1.3610687255859375,3314.041512966156
191710,1.3610687255859375,3314.209046602249
191720,1.3610687255859375,3314.3706097602844
191730,1.3610992431640625,3314.5467479228973
191740,1.3610992431640625,3314.717648744583
191750,1.361114501953125,3314.8841919898987
191760,1.36114501953125,3315.0762786865234
191770,1.36114501953125,3315.2743968963623
191780,1.3611602783203125,3315.4605009555817
191790,1.3611602783203125,3315.6254217624664
191800,1.3611907958984375,3315.7957677841187
191810,1.3611907958984375,3315.9636178016663
191820,1.3612213134765625,3316.205472946167
191830,1.3612213134765625,3316.3764810562134
191840,1.3612213134765625,3316.5376908779144
191850,1.3612518310546875,3316.677726984024
191860,1.36126708984375,3316.95214676857
191870,1.36126708984375,3317.1194548606873
191880,1.3612823486328125,3317.2754356861115
191890,1.3613128662109375,3317.459217786789
191900,1.361328125,3317.633095741272
191910,1.361358642578125,3317.7699966430664
191920,1.361358642578125,3317.9076747894287
191930,1.361358642578125,3318.0686089992523
191940,1.36138916015625,3318.228694677353
191950,1.3614044189453125,3318.3882796764374
191960,1.361419677734375,3318.5548799037933
191970,1.3614349365234375,3318.726102590561
191980,1.3614349365234375,3318.8823747634888
191990,1.3614501953125,3319.0769197940826
192000,1.361480712890625,3319.286782979965
192010,1.3614959716796875,3319.4362576007843
192020,1.3614959716796875,3319.6559188365936
192030,1.3615264892578125,3319.7939319610596
192040,1.361541748046875,3319.9985218048096
192050,1.361541748046875,3320.2177107334137
192060,1.3615875244140625,3320.3737568855286
192070,1.3615875244140625,3320.603917837143
192080,1.361602783203125,3320.745246887207
192090,1.3616180419921875,3320.90470290184
192100,1.3616485595703125,3321.0789608955383
192110,1.3616485595703125,3321.302860021591
192120,1.3616790771484375,3321.449615716934
192130,1.3616790771484375,3321.620824813843
192140,1.3617095947265625,3321.7830307483673
192150,1.3617401123046875,3321.9745848178864
192160,1.3617401123046875,3322.154633998871
192170,1.3617401123046875,3322.3398866653442
192180,1.3617706298828125,3322.5183568000793
192190,1.361785888671875,3322.672472715378
192200,1.361785888671875,3322.9128568172455
192210,1.3618011474609375,3323.2000126838684
192220,1.36181640625,3323.379247903824
192230,1.3618316650390625,3323.5483000278473
192240,1.361846923828125,3323.723917722702
192250,1.361846923828125,3323.875497817993
192260,1.36187744140625,3324.0336697101593
192270,1.3618927001953125,3324.3218219280243
192280,1.3618927001953125,3324.517251729965
192290,1.361907958984375,3324.7392938137054
192300,1.361907958984375,3324.891573905945
192310,1.3619384765625,3325.0420048236847
192320,1.3619384765625,3325.293880701065
192330,1.361968994140625,3325.42241191864
192340,1.361968994140625,3325.5678956508636
192350,1.361968994140625,3325.737161874771
192360,1.36199951171875,3325.9605209827423
192370,1.3620147705078125,3326.13001704216
192380,1.362030029296875,3326.3650147914886
192390,1.3620452880859375,3326.55566573143
192400,1.362060546875,3326.7096676826477
192410,1.362060546875,3326.9098019599915
192420,1.3621063232421875,3327.0777678489685
192430,1.36212158203125,3327.302263736725
192440,1.36212158203125,3327.47647690773
192450,1.3621368408203125,3327.7127039432526
192460,1.3621368408203125,3327.858382701874
192470,1.362152099609375,3328.1328027248383
192480,1.3621826171875,3328.3332600593567
192490,1.3621826171875,3328.5087497234344
192500,1.362213134765625,3328.656985759735
192510,1.36224365234375,3328.839627981186
192520,1.362274169921875,3329.0024089813232
192530,1.3622894287109375,3329.155655860901
192540,1.3623199462890625,3329.3308579921722
192550,1.3623199462890625,3329.5500826835632
192560,1.362335205078125,3329.7655959129333
192570,1.36236572265625,3329.9385149478912
192580,1.3623809814453125,3330.132438659668
192590,1.3623809814453125,3330.345869779587
192600,1.362396240234375,3330.515777826309
192610,1.3624114990234375,3330.6864898204803
192620,1.362457275390625,3330.889079809189
192630,1.3624725341796875,3331.048088788986
192640,1.3624725341796875,3331.2564599514008
192650,1.36248779296875,3331.6005408763885
192660,1.3625030517578125,3331.7794058322906
192670,1.3625335693359375,3331.949110031128
192680,1.3625335693359375,3332.1242089271545
192690,1.3625640869140625,3332.305954694748
192700,1.3625640869140625,3332.4598300457
192710,1.3625640869140625,3332.626857995987
192720,1.3625946044921875,3332.7765769958496
192730,1.36260986328125,3332.980477809906
192740,1.3626251220703125,3333.17657494545
192750,1.3626251220703125,3333.3798546791077
192760,1.3626708984375,3333.5471427440643
192770,1.3626708984375,3333.7550728321075
192780,1.3626861572265625,3333.9545018672943
192790,1.362701416015625,3334.1441316604614
192800,1.362701416015625,3334.3396887779236
192810,1.362701416015625,3334.5223739147186
192820,1.36273193359375,3334.6827688217163
192830,1.362762451171875,3334.920032978058
192840,1.3627777099609375,3335.0747368335724
192850,1.3628082275390625,3335.2365748882294
192860,1.362823486328125,3335.4172008037567
192870,1.362823486328125,3335.631501674652
192880,1.36285400390625,3335.8198878765106
192890,1.3628692626953125,3335.9843158721924
192900,1.3628692626953125,3336.171370983124
192910,1.362884521484375,3336.382272005081
192920,1.3629150390625,3336.5361218452454
192930,1.3629150390625,3336.7893629074097
192940,1.362945556640625,3337.014678001404
192950,1.3629608154296875,3337.2184958457947
192960,1.3629608154296875,3337.392623901367
192970,1.3629913330078125,3337.6068618297577
192980,1.363037109375,3337.7851758003235
192990,1.3630523681640625,3337.963887691498
193000,1.363067626953125,3338.154360771179
193010,1.363067626953125,3338.35621881485
193020,1.363067626953125,3338.5287277698517
193030,1.3631134033203125,3338.6803636550903
193040,1.3631134033203125,3338.8712227344513
193050,1.3631134033203125,3339.0271627902985
193060,1.3631439208984375,3339.2050218582153
193070,1.3631591796875,3339.373053789139
193080,1.3631744384765625,3339.531227827072
193090,1.363189697265625,3339.693583726883
193100,1.3632049560546875,3339.9005455970764
193110,1.3632354736328125,3340.060222864151
193120,1.3632659912109375,3340.207412958145
193130,1.3632659912109375,3340.414228916168
193140,1.3632659912109375,3340.5867116451263
193150,1.363311767578125,3340.7416667938232
193160,1.363311767578125,3340.922213792801
193170,1.363311767578125,3341.0776557922363
193180,1.3633270263671875,3341.2508919239044
193190,1.36334228515625,3341.4010367393494
193200,1.3633575439453125,3341.612001657486
193210,1.363372802734375,3341.784838914871
193220,1.3634033203125,3341.971910715103
193230,1.3634033203125,3342.134384870529
193240,1.363433837890625,3342.326156616211
193250,1.363433837890625,3342.4992587566376
193260,1.3634490966796875,3342.6779446601868
193270,1.3634490966796875,3342.8621776103973
193280,1.36346435546875,3343.050594806671
193290,1.36346435546875,3343.2023758888245
193300,1.3645782470703125,3343.538936853409
193310,1.364593505859375,3343.6953406333923
193320,1.364593505859375,3343.8544788360596
193330,1.3646240234375,3344.0724239349365
193340,1.3646392822265625,3344.2420847415924
193350,1.3646697998046875,3344.4738187789917
193360,1.36468505859375,3344.647392988205
193370,1.3647003173828125,3344.8402519226074
193380,1.3647003173828125,3345.0480329990387
193390,1.3647308349609375,3345.181996822357
193400,1.3647308349609375,3345.3566856384277
193410,1.36474609375,3345.566683769226
193420,1.3647918701171875,3345.717613697052
193430,1.3647918701171875,3345.9045128822327
193440,1.3647918701171875,3346.0896639823914
193450,1.3648223876953125,3346.343676805496
193460,1.3648223876953125,3346.606146812439
193470,1.3648529052734375,3346.792120695114
193480,1.3648681640625,3346.96954870224
193490,1.3648834228515625,3347.1612899303436
193500,1.3648834228515625,3347.352388858795
193510,1.3649139404296875,3347.5407569408417
193520,1.36492919921875,3347.7028229236603
193530,1.36492919921875,3347.833256959915
193540,1.3649444580078125,3347.993980884552
193550,1.364959716796875,3348.173500776291
193560,1.3649749755859375,3348.3818938732147
193570,1.364990234375,3348.554333925247
193580,1.364990234375,3348.7092278003693
193590,1.365020751953125,3348.897127866745
193600,1.36505126953125,3349.070578813553
193610,1.3650665283203125,3349.2867488861084
193620,1.365081787109375,3349.4607157707214
193630,1.3650970458984375,3349.656679868698
193640,1.3651123046875,3349.8134508132935
193650,1.3651275634765625,3349.995216846466
193660,1.365142822265625,3350.145323753357
193670,1.365142822265625,3350.3104436397552
193680,1.3651580810546875,3350.4629378318787
193690,1.36517333984375,3350.619815826416
193700,1.3651885986328125,3350.8291277885437
193710,1.3652191162109375,3351.0271537303925
193720,1.365234375,3351.23140668869
193730,1.3652496337890625,3351.4417819976807
193740,1.3652496337890625,3351.636869907379
193750,1.365264892578125,3351.821861743927
193760,1.3652801513671875,3351.9927277565002
193770,1.36529541015625,3352.1408219337463
193780,1.36529541015625,3352.3081789016724
193790,1.3653106689453125,3352.46963095665
193800,1.365325927734375,3352.6407527923584
193810,1.365325927734375,3352.7903957366943
193820,1.3653411865234375,3352.9500987529755
193830,1.3653717041015625,3353.110049724579
193840,1.365570068359375,3353.421931743622
193850,1.3656005859375,3353.61203789711
193860,1.365966796875,3353.792608976364
193870,1.3659820556640625,3353.9161767959595
193880,1.3660125732421875,3354.0682697296143
193890,1.3660125732421875,3354.2816886901855
193900,1.3660125732421875,3354.4442670345306
193910,1.3660430908203125,3354.6173417568207
193920,1.3660430908203125,3354.7804338932037
193930,1.366058349609375,3354.954640865326
193940,1.3660736083984375,3355.108789920807
193950,1.3661041259765625,3355.2839539051056
193960,1.3661041259765625,3355.427631855011
193970,1.3661346435546875,3355.650312900543
193980,1.3661346435546875,3355.839873790741
193990,1.36614990234375,3355.9860916137695
194000,1.3661651611328125,3356.160088777542
194010,1.3661651611328125,3356.3418786525726
194020,1.366180419921875,3356.548731803894
194030,1.3662109375,3356.696566581726
194040,1.3662109375,3356.8779656887054
194050,1.3662109375,3357.031112909317
194060,1.3662567138671875,3357.2356657981873
194070,1.36627197265625,3357.368316888809
194080,1.366302490234375,3357.544453859329
194090,1.3663177490234375,3357.711311817169
194100,1.3663330078125,3357.8753159046173
194110,1.366363525390625,3358.101262807846
194120,1.3664093017578125,3358.2413058280945
194130,1.3664093017578125,3358.4559638500214
194140,1.3664093017578125,3358.654816865921
194150,1.3664398193359375,3358.8176078796387
194160,1.366455078125,3359.0188138484955
194170,1.366455078125,3359.2254588603973
194180,1.3664703369140625,3359.4481070041656
194190,1.366485595703125,3359.6079149246216
194200,1.36651611328125,3359.7453997135162
194210,1.3665313720703125,3359.918984889984
194220,1.3665313720703125,3360.1242578029633
194230,1.366546630859375,3360.326047897339
194240,1.3665771484375,3360.501737833023
194250,1.3665771484375,3360.685302734375
194260,1.3665771484375,3360.836314678192
194270,1.366607666015625,3361.0111706256866
194280,1.366607666015625,3361.202709913254
194290,1.366607666015625,3361.386735677719
194300,1.366607666015625,3361.545620918274
194310,1.3666229248046875,3361.6913249492645
194320,1.3666534423828125,3361.8441116809845
194330,1.366668701171875,3362.0017018318176
194340,1.3666839599609375,3362.1610708236694
194350,1.36669921875,3362.338891029358
194360,1.366729736328125,3362.5221118927
194370,1.366729736328125,3362.7940707206726
194380,1.366729736328125,3362.957985639572
194390,1.36676025390625,3363.112062931061
194400,1.36676025390625,3363.260603904724
194410,1.3667755126953125,3363.452461719513
194420,1.3668212890625,3363.634927749634
194430,1.3668212890625,3363.871584892273
194440,1.3668365478515625,3364.138398885727
194450,1.3668670654296875,3364.37481880188
194460,1.36688232421875,3364.5679779052734
194470,1.36688232421875,3364.731696844101
194480,1.3668975830078125,3364.928543806076
194490,1.3668975830078125,3365.1323747634888
194500,1.3669281005859375,3365.364117860794
194510,1.366943359375,3365.5826086997986
194520,1.366943359375,3365.7525980472565
194530,1.3669586181640625,3365.898372888565
194540,1.366973876953125,3366.041220664978
194550,1.3669891357421875,3366.2391028404236
194560,1.36700439453125,3366.394785642624
194570,1.3670501708984375,3366.554531812668
194580,1.3670501708984375,3366.7662768363953
194590,1.3670654296875,3366.9180138111115
194600,1.3670654296875,3367.188544988632
194610,1.367095947265625,3367.3625609874725
194620,1.367156982421875,3367.5507519245148
194630,1.367156982421875,3367.8223559856415
194640,1.3671722412109375,3368.0219326019287
194650,1.3671722412109375,3368.1837027072906
194660,1.3671875,3368.3451719284058
194670,1.3672027587890625,3368.524794816971
194680,1.3672332763671875,3368.715801715851
194690,1.3672332763671875,3368.872176885605
194700,1.3672637939453125,3369.0268607139587
194710,1.3672637939453125,3369.1958928108215
194720,1.3672943115234375,3369.3816468715668
194730,1.37225341796875,3369.5561757087708
194740,1.3722686767578125,3369.69327378273
194750,1.3722686767578125,3369.8457159996033
194760,1.372283935546875,3370.0139257907867
194770,1.3722991943359375,3370.194237947464
194780,1.372314453125,3370.451423883438
194790,1.372314453125,3370.6123728752136
194800,1.372314453125,3370.806612968445
194810,1.3723297119140625,3370.9774158000946
194820,1.3723602294921875,3371.141152858734
194830,1.3723602294921875,3371.302673816681
194840,1.3723602294921875,3371.539014816284
194850,1.3723907470703125,3371.7121427059174
194860,1.3724212646484375,3371.8583056926727
194870,1.3724365234375,3372.0683977603912
194880,1.3724517822265625,3372.2569668293
194890,1.372467041015625,3372.445524930954
194900,1.3724822998046875,3372.6043717861176
194910,1.37249755859375,3372.7906098365784
194920,1.372528076171875,3373.0654747486115
194930,1.3725433349609375,3373.299601793289
194940,1.37255859375,3373.4567058086395
194950,1.37255859375,3373.637375831604
194960,1.3726043701171875,3373.779670715332
194970,1.37261962890625,3373.9271569252014
194980,1.37261962890625,3374.085879802704
194990,1.37261962890625,3374.2295758724213
195000,1.372650146484375,3374.4091079235077
195010,1.3726654052734375,3374.612014770508
195020,1.3726654052734375,3374.7996170520782
195030,1.3726959228515625,3374.9676887989044
195040,1.3726959228515625,3375.1187636852264
195050,1.37274169921875,3375.303158044815
195060,1.3727569580078125,3375.479365825653
195070,1.3727569580078125,3375.6316788196564
195080,1.372772216796875,3375.831648826599
195090,1.3727874755859375,3376.0435116291046
195100,1.372802734375,3376.2655878067017
195110,1.3728179931640625,3376.4238300323486
195120,1.37286376953125,3376.613008737564
195130,1.37286376953125,3376.7841527462006
195140,1.3728790283203125,3376.921176671982
195150,1.3729095458984375,3377.06659078598
195160,1.3729248046875,3377.2475628852844
195170,1.3729248046875,3377.3932280540466
195180,1.372955322265625,3377.5913207530975
195190,1.372955322265625,3377.765209674835
195200,1.372955322265625,3377.929162979126
195210,1.37298583984375,3378.093687772751
195220,1.3730010986328125,3378.259417772293
195230,1.3730010986328125,3378.4040546417236
195240,1.373016357421875,3378.6304697990417
195250,1.3730316162109375,3378.768390893936
195260,1.3730316162109375,3378.953997850418
195270,1.3730621337890625,3379.1245136260986
195280,1.373077392578125,3379.3049936294556
195290,1.373077392578125,3379.4717926979065
195300,1.3730926513671875,3379.6609919071198
195310,1.373138427734375,3379.8586308956146
195320,1.3731536865234375,3380.068895816803
195330,1.3731689453125,3380.2768228054047
195340,1.3731689453125,3380.5423827171326
195350,1.373199462890625,3380.7611768245697
195360,1.3732147216796875,3380.9399049282074
195370,1.37322998046875,3381.2023298740387
195380,1.37322998046875,3381.3654038906097
195390,1.373260498046875,3381.535671710968
195400,1.373260498046875,3381.71107673645
195410,1.373291015625,3381.953375816345
195420,1.373321533203125,3382.1074068546295
195430,1.3733367919921875,3382.2650198936462
195440,1.3733367919921875,3382.4409646987915
195450,1.3733673095703125,3382.647650718689
195460,1.3733673095703125,3382.8152136802673
195470,1.373382568359375,3383.0078127384186
195480,1.3733978271484375,3383.1413068771362
195490,1.3733978271484375,3383.3437576293945
195500,1.3734130859375,3383.5140628814697
195510,1.3734588623046875,3383.6761169433594
195520,1.3734588623046875,3383.8520817756653
195530,1.37347412109375,3384.014899969101
195540,1.373504638671875,3384.172214746475
195550,1.3735198974609375,3384.396723985672
195560,1.3735198974609375,3384.5485417842865
195570,1.37353515625,3384.752695798874
195580,1.37353515625,3384.9685440063477
195590,1.373565673828125,3385.1352546215057
195600,1.3735809326171875,3385.2859358787537
195610,1.3735809326171875,3385.4896886348724
195620,1.3736114501953125,3385.6599140167236
195630,1.3736572265625,3385.8200788497925
195640,1.3736572265625,3385.9753057956696
195650,1.3736572265625,3386.1132588386536
195660,1.3737030029296875,3386.302065849304
195670,1.37371826171875,3386.521139860153
195680,1.37371826171875,3386.7081847190857
195690,1.373748779296875,3386.860064983368
195700,1.3737640380859375,3387.0142447948456
195710,1.3737640380859375,3387.181159734726
195720,1.3737945556640625,3387.333865880966
195730,1.3737945556640625,3387.4936928749084
195740,1.373809814453125,3387.826952934265
195750,1.3738250732421875,3388.01322388649
195760,1.37384033203125,3388.266278743744
195770,1.3738555908203125,3388.423647880554
195780,1.3738555908203125,3388.604701757431
195790,1.373870849609375,3388.7271008491516
195800,1.373870849609375,3388.911520957947
195810,1.3738861083984375,3389.071724653244
195820,1.3739166259765625,3389.2697269916534
195830,1.3739166259765625,3389.447990655899
195840,1.373931884765625,3389.6004416942596
195850,1.3739471435546875,3389.7778918743134
195860,1.3739471435546875,3389.9897396564484
195870,1.3739776611328125,3390.178807735443
195880,1.373992919921875,3390.327314853668
195890,1.3740081787109375,3390.49862575531
195900,1.3740234375,3390.669115781784
195910,1.374053955078125,3390.9197566509247
195920,1.3740692138671875,3391.0685997009277
195930,1.3740692138671875,3391.2933168411255
195940,1.3740997314453125,3391.435355901718
195950,1.374114990234375,3391.668654680252
195960,1.374114990234375,3391.84734582901
195970,1.3741302490234375,3392.0522906780243
195980,1.3741607666015625,3392.228146791458
195990,1.3741607666015625,3392.42365694046
196000,1.374176025390625,3392.6067399978638
196010,1.374176025390625,3392.770171880722
196020,1.3741912841796875,3392.9683299064636
196030,1.3742218017578125,3393.117245912552
196040,1.374237060546875,3393.279368877411
196050,1.374237060546875,3393.445629835129
196060,1.3742523193359375,3393.597537755966
196070,1.3742828369140625,3393.8277428150177
196080,1.3742828369140625,3393.9887988567352
196090,1.374298095703125,3394.1732449531555
196100,1.3743133544921875,3394.3422017097473
196110,1.37432861328125,3394.5079276561737
196120,1.374359130859375,3394.7318756580353
196130,1.374359130859375,3394.906602859497
196140,1.3744049072265625,3395.0870368480682
196150,1.3744354248046875,3395.2234156131744
196160,1.3744354248046875,3395.386445760727
196170,1.3744354248046875,3395.5818769931793
196180,1.3744659423828125,3395.749653816223
196190,1.3744659423828125,3395.9382536411285
196200,1.3744964599609375,3396.1435918807983
196210,1.37451171875,3396.3331966400146
196220,1.37451171875,3396.502682685852
196230,1.37451171875,3396.768086671829
196240,1.374542236328125,3396.9266109466553
196250,1.3745574951171875,3397.1288046836853
196260,1.37457275390625,3397.2733788490295
196270,1.37457275390625,3397.4558436870575
196280,1.3745880126953125,3397.679839849472
196290,1.374603271484375,3397.8521559238434
196300,1.374603271484375,3398.0448467731476
196310,1.374603271484375,3398.331375837326
196320,1.3746337890625,3398.5728528499603
196330,1.3746490478515625,3398.729757785797
196340,1.3746490478515625,3398.8917648792267
196350,1.374664306640625,3399.080309867859
196360,1.37469482421875,3399.2475678920746
196370,1.37469482421875,3399.3934059143066
196380,1.3747100830078125,3399.54305100441
196390,1.3747406005859375,3399.667048931122
196400,1.374755859375,3399.8284978866577
196410,1.3747711181640625,3399.999773979187
196420,1.3748016357421875,3400.2039408683777
196430,1.37481689453125,3400.425316810608
196440,1.3748321533203125,3400.5744047164917
196450,1.374847412109375,3400.724621772766
196460,1.374847412109375,3400.917331933975
196470,1.3748626708984375,3401.0971138477325
196480,1.3748779296875,3401.2783946990967
196490,1.374908447265625,3401.472422838211
196500,1.374908447265625,3401.6235818862915
196510,1.37493896484375,3401.799617767334
196520,1.3749542236328125,3401.985846042633
196530,1.3749542236328125,3402.185861825943
196540,1.3749847412109375,3402.3453109264374
196550,1.3749847412109375,3402.4869089126587
196560,1.375,3402.652761697769
196570,1.3750152587890625,3402.812249660492
196580,1.3750457763671875,3403.0189130306244
196590,1.37506103515625,3403.1789996623993
196600,1.37506103515625,3403.3373987674713
196610,1.375091552734375,3403.6615839004517
196620,1.3751068115234375,3403.814956665039
196630,1.375152587890625,3403.9417338371277
196640,1.3751678466796875,3404.062841653824
196650,1.37518310546875,3404.2341718673706
196660,1.3751983642578125,3404.393189907074
196670,1.375213623046875,3404.5817227363586
196680,1.3752288818359375,3404.79204082489
196690,1.375244140625,3404.9560556411743
196700,1.375244140625,3405.0943818092346
196710,1.3752593994140625,3405.286294698715
196720,1.375274658203125,3405.4473810195923
196730,1.3752899169921875,3405.7037518024445
196740,1.3752899169921875,3405.857539653778
196750,1.37530517578125,3406.052508831024
196760,1.375335693359375,3406.2155866622925
196770,1.3753662109375,3406.404410839081
196780,1.3753662109375,3406.5576388835907
196790,1.3753814697265625,3406.708966732025
196800,1.37542724609375,3406.8615188598633
196810,1.37542724609375,3407.1379647254944
196820,1.37542724609375,3407.3352887630463
196830,1.37542724609375,3407.4931190013885
196840,1.375457763671875,3407.680460691452
196850,1.3754730224609375,3407.908349752426
196860,1.3754730224609375,3408.0510079860687
196870,1.37548828125,3408.179058790207
196880,1.375518798828125,3408.343943834305
196890,1.3755340576171875,3408.4984028339386
196900,1.37554931640625,3408.6500029563904
196910,1.375579833984375,3408.821168899536
196920,1.3756103515625,3409.0258927345276
196930,1.3756103515625,3409.215265750885
196940,1.375640869140625,3409.3935458660126
196950,1.3756561279296875,3409.5583789348602
196960,1.3756561279296875,3409.745288848877
196970,1.3756866455078125,3409.87854886055
196980,1.3756866455078125,3410.1069457530975
196990,1.3757171630859375,3410.30548286438
197000,1.375732421875,3410.4846317768097
197010,1.375732421875,3410.6653578281403
197020,1.3757476806640625,3410.8700449466705
197030,1.375762939453125,3411.0553278923035
197040,1.375762939453125,3411.1845009326935
197050,1.37579345703125,3411.3609228134155
197060,1.3758087158203125,3411.521857023239
197070,1.3758087158203125,3411.7005927562714
197080,1.375823974609375,3411.901180744171
197090,1.3758544921875,3412.0839586257935
197100,1.3758697509765625,3412.2342007160187
197110,1.375885009765625,3412.427584886551
197120,1.37591552734375,3412.5808556079865
197130,1.3759307861328125,3412.716938972473
197140,1.3759307861328125,3412.8896420001984
197150,1.3764801025390625,3413.171579837799
197160,1.3765106201171875,3413.3376598358154
197170,1.3765106201171875,3413.4961936473846
197180,1.376556396484375,3413.7025289535522
197190,1.376556396484375,3413.8539729118347
197200,1.3765716552734375,3414.0220170021057
197210,1.3765869140625,3414.3648297786713
197220,1.3765869140625,3414.5469167232513
197230,1.376617431640625,3414.7090859413147
197240,1.3766326904296875,3414.9096167087555
197250,1.3766326904296875,3415.119972705841
197260,1.37664794921875,3415.2971017360687
197270,1.3766632080078125,3415.436129808426
197280,1.3766632080078125,3415.63210773468
197290,1.3766937255859375,3415.8442928791046
197300,1.3766937255859375,3416.0098209381104
197310,1.376708984375,3416.2072048187256
197320,1.376708984375,3416.4128398895264
197330,1.3767242431640625,3416.554306745529
197340,1.3767547607421875,3416.7921907901764
197350,1.37677001953125,3417.032650947571
197360,1.3767852783203125,3417.2291746139526
197370,1.3767852783203125,3417.425533771515
197380,1.376800537109375,3417.5904698371887
197390,1.3768157958984375,3417.7713158130646
197400,1.3768310546875,3417.9458496570587
197410,1.3768463134765625,3418.1018028259277
197420,1.37689208984375,3418.294857978821
197430,1.37689208984375,3418.4597566127777
197440,1.3769073486328125,3418.6143448352814
197450,1.3769378662109375,3418.8156657218933
197460,1.3769378662109375,3419.005473613739
197470,1.376953125,3419.2293298244476
197480,1.3769683837890625,3419.3889417648315
197490,1.3769989013671875,3419.6039538383484
197500,1.3769989013671875,3419.7389056682587
197510,1.3770294189453125,3419.8718526363373
197520,1.3770294189453125,3420.104687690735
197530,1.377044677734375,3420.290750980377
197540,1.3770599365234375,3420.4322350025177
197550,1.3770751953125,3420.666362762451
197560,1.3770751953125,3420.813820838928
197570,1.377105712890625,3420.9975368976593
197580,1.377105712890625,3421.219403028488
197590,1.3771209716796875,3421.4341366291046
197600,1.37713623046875,3421.690179824829
197610,1.3771514892578125,3421.834182739258
197620,1.3771820068359375,3422.027896642685
197630,1.377197265625,3422.1663777828217
197640,1.3772125244140625,3422.341892719269
197650,1.3772125244140625,3422.5511527061462
197660,1.377227783203125,3422.709417819977
197670,1.377288818359375,3422.894838809967
197680,1.377288818359375,3423.039034843445
197690,1.377288818359375,3423.251366853714
197700,1.3773193359375,3423.4034507274628
197710,1.3773345947265625,3423.5648877620697
197720,1.377349853515625,3423.719493865967
197730,1.3773651123046875,3423.893622636795
197740,1.37738037109375,3424.0907258987427
197750,1.3773956298828125,3424.2610218524933
197760,1.377410888671875,3424.460929632187
197770,1.377410888671875,3424.6003127098083
197780,1.37744140625,3424.8695998191833
197790,1.3774566650390625,3425.0029497146606
197800,1.3774566650390625,3425.1906588077545
197810,1.377471923828125,3425.366716861725
197820,1.377471923828125,3425.616630792618
197830,1.377471923828125,3425.8100447654724
197840,1.37750244140625,3425.9680218696594
197850,1.3775177001953125,3426.125015735626
197860,1.377532958984375,3426.2933156490326
197870,1.377532958984375,3426.4598519802094
197880,1.3775634765625,3426.6622228622437
197890,1.377593994140625,3426.817229747772
197900,1.377593994140625,3427.0057389736176
197910,1.37762451171875,3427.151585817337
197920,1.377655029296875,3427.359568834305
197930,1.377655029296875,3427.588428735733
197940,1.377685546875,3427.7254457473755
197950,1.3777008056640625,3427.893005847931
197960,1.377716064453125,3428.050171852112
197970,1.3777313232421875,3428.191610813141
197980,1.3777313232421875,3428.396452665329
197990,1.3777618408203125,3428.6207308769226
198000,1.377777099609375,3428.7887358665466
198010,1.377777099609375,3428.9461307525635
198020,1.3777923583984375,3429.0844297409058
198030,1.3778076171875,3429.273927927017
198040,1.3778228759765625,3429.442544698715
198050,1.3778228759765625,3429.6097197532654
198060,1.3778533935546875,3429.791499853134
198070,1.37786865234375,3429.9418528079987
198080,1.3778839111328125,3430.138386964798
198090,1.3779144287109375,3430.3313999176025
198100,1.3779144287109375,3430.527357816696
198110,1.3779144287109375,3430.735415697098
198120,1.377960205078125,3430.888447999954
198130,1.3779754638671875,3431.0746686458588
198140,1.3779754638671875,3431.255943775177
198150,1.3780059814453125,3431.42813372612
198160,1.378021240234375,3431.5816328525543
198170,1.378021240234375,3431.73592376709
198180,1.3780517578125,3431.9034328460693
198190,1.3780517578125,3432.1351838111877
198200,1.3780670166015625,3432.3136677742004
198210,1.37811279296875,3432.5247049331665
198220,1.37811279296875,3432.689296722412
198230,1.3781280517578125,3432.917499780655
198240,1.378143310546875,3433.108054637909
198250,1.378143310546875,3433.2583889961243
198260,1.378173828125,3433.4481117725372
198270,1.378173828125,3433.61905169487
198280,1.378173828125,3433.8171577453613
198290,1.378173828125,3433.971245765686
198300,1.378204345703125,3434.1239488124847
198310,1.378204345703125,3434.290496826172
198320,1.37823486328125,3434.475296974182
198330,1.3782501220703125,3434.6388306617737
198340,1.3782501220703125,3434.8599627017975
198350,1.3782806396484375,3435.010692834854
198360,1.3782806396484375,3435.1983449459076
198370,1.3782958984375,3435.4930307865143
198380,1.3783111572265625,3435.6417129039764
198390,1.378326416015625,3435.828301668167
198400,1.3783416748046875,3436.013422727585
198410,1.37835693359375,3436.2684128284454
198420,1.3783721923828125,3436.438606739044
198430,1.3784027099609375,3436.6932809352875
198440,1.37841796875,3436.868339776993
198450,1.378448486328125,3437.004267692566
198460,1.3784637451171875,3437.1504237651825
198470,1.3784637451171875,3437.286768913269
198480,1.37847900390625,3437.4714460372925
198490,1.378509521484375,3437.6843547821045
198500,1.378509521484375,3437.878066778183
198510,1.378509521484375,3438.0632708072662
198520,1.3785247802734375,3438.2188658714294
198530,1.3785552978515625,3438.37717461586
198540,1.3785552978515625,3438.5347208976746
198550,1.378570556640625,3438.6903879642487
198560,1.3785858154296875,3438.8535799980164
198570,1.37860107421875,3438.9822459220886
198580,1.378631591796875,3439.182450771332
198590,1.378631591796875,3439.3520629405975
198600,1.3786468505859375,3439.5518238544464
198610,1.378662109375,3439.760065793991
198620,1.3786773681640625,3439.9242177009583
198630,1.378692626953125,3440.0607318878174
198640,1.3787078857421875,3440.2233278751373
198650,1.3787384033203125,3440.3856267929077
198660,1.378753662109375,3440.5877587795258
198670,1.3787689208984375,3440.7706387043
198680,1.3787689208984375,3440.900741815567
198690,1.3788299560546875,3441.0619988441467
198700,1.37884521484375,3441.3234148025513
198710,1.37884521484375,3441.5534636974335
198720,1.37884521484375,3441.713894844055
198730,1.3788909912109375,3441.9202687740326
198740,1.37890625,3442.0894095897675
198750,1.37890625,3442.2814898490906
198760,1.3789215087890625,3442.4522438049316
198770,1.378936767578125,3442.6026287078857
198780,1.3789520263671875,3442.7887859344482
198790,1.3789520263671875,3443.009482860565
198800,1.3789520263671875,3443.174716949463
198810,1.3789825439453125,3443.3580327033997
198820,1.3790130615234375,3443.5397276878357
198830,1.3790283203125,3443.7396337985992
198840,1.3790435791015625,3443.938371658325
198850,1.379058837890625,3444.12228679657
198860,1.379058837890625,3444.3537888526917
198870,1.3790740966796875,3444.5241389274597
198880,1.3791046142578125,3444.6975297927856
198890,1.3791046142578125,3444.8390307426453
198900,1.3791046142578125,3444.987851858139
198910,1.3791351318359375,3445.1581737995148
198920,1.379150390625,3445.3290028572083
198930,1.3791656494140625,3445.5601818561554
198940,1.3791961669921875,3445.729314804077
198950,1.37921142578125,3445.8814408779144
198960,1.37921142578125,3446.06458067894
198970,1.3792572021484375,3446.2236516475677
198980,1.3792572021484375,3446.3900816440582
198990,1.3792724609375,3446.6204118728638
199000,1.3792877197265625,3446.796578645706
199010,1.379302978515625,3446.9720227718353
199020,1.37933349609375,3447.1149468421936
199030,1.3793487548828125,3447.3233218193054
199040,1.3793487548828125,3447.4973528385162
199050,1.379364013671875,3447.6535058021545
199060,1.3794097900390625,3447.778121948242
199070,1.3794097900390625,3448.0108280181885
199080,1.379425048828125,3448.173531770706
199090,1.3794403076171875,3448.3790049552917
199100,1.3794403076171875,3448.580477952957
199110,1.3794403076171875,3448.8029289245605
199120,1.379486083984375,3448.982914686203
199130,1.3795166015625,3449.123160839081
199140,1.3795318603515625,3449.309987783432
199150,1.379547119140625,3449.476198911667
199160,1.379547119140625,3449.6583647727966
199170,1.37957763671875,3449.861443758011
199180,1.379608154296875,3450.0082969665527
199190,1.3796234130859375,3450.1356987953186
199200,1.379638671875,3450.308960914612
199210,1.379669189453125,3450.472975730896
199220,1.379669189453125,3450.7069659233093
199230,1.3796844482421875,3450.866363763809
199240,1.37969970703125,3451.0464839935303
199250,1.37969970703125,3451.2108838558197
199260,1.375457763671875,3451.339985847473
199270,1.372589111328125,3451.580990791321
199280,1.3726043701171875,3451.7382547855377
199290,1.3729248046875,3451.997982978821
199300,1.372955322265625,3452.1819458007812
199310,1.37030029296875,3452.387771844864
199320,1.3717041015625,3452.581771850586
199330,1.3717193603515625,3452.7407569885254
199340,1.3717498779296875,3452.9743587970734
199350,1.37176513671875,3453.1231439113617
199360,1.37176513671875,3453.3126368522644
199370,1.3717803955078125,3453.4881479740143
199380,1.3717803955078125,3453.664315700531
199390,1.3718109130859375,3453.8205287456512
199400,1.371826171875,3453.976036787033
199410,1.371826171875,3454.141281604767
199420,1.371856689453125,3454.29549574852
199430,1.3659820556640625,3454.4960157871246
199440,1.3659820556640625,3454.7561507225037
199450,1.365997314453125,3454.9051809310913
199460,1.3660125732421875,3455.123762845993
199470,1.36602783203125,3455.284488916397
199480,1.36602783203125,3455.455100774765
199490,1.366058349609375,3455.653713941574
199500,1.3660736083984375,3455.8804848194122
199510,1.3660888671875,3456.0484738349915
199520,1.366119384765625,3456.180567741394
199530,1.366119384765625,3456.3384528160095
199540,1.3661346435546875,3456.526897907257
199550,1.366180419921875,3456.6928968429565
199560,1.3661956787109375,3456.868974685669
199570,1.3661956787109375,3457.037855863571
199580,1.3662109375,3457.1750977039337
199590,1.3662261962890625,3457.3211398124695
199600,1.366241455078125,3457.488110780716
199610,1.3662567138671875,3457.7038877010345
199620,1.36627197265625,3457.8590517044067
199630,1.3662872314453125,3458.0910069942474
199640,1.366302490234375,3458.2379558086395
199650,1.366302490234375,3458.398185968399
199660,1.3663482666015625,3458.6140596866608
199670,1.37005615234375,3458.827454805374
199680,1.37005615234375,3458.9881505966187
199690,1.37005615234375,3459.1929638385773
199700,1.3701019287109375,3459.3407747745514
199710,1.3701171875,3459.51619887352
199720,1.3701171875,3459.6766278743744
199730,1.3701629638671875,3459.8333768844604
199740,1.3701629638671875,3460.0153589248657
199750,1.3701629638671875,3460.2309358119965
199760,1.37017822265625,3460.4160237312317
199770,1.3701934814453125,3460.6518907546997
199780,1.370208740234375,3460.799580812454
199790,1.3702239990234375,3460.9770658016205
199800,1.3702239990234375,3461.1414268016815
199810,1.371490478515625,3461.4002537727356
199820,1.37152099609375,3461.552820920944
199830,1.37152099609375,3461.6947107315063
199840,1.37152099609375,3461.9201827049255
199850,1.3715362548828125,3462.0477328300476
199860,1.3715667724609375,3462.198278903961
199870,1.3715667724609375,3462.3534808158875
199880,1.37158203125,3462.4906277656555
199890,1.3715972900390625,3462.7100489139557
199900,1.371612548828125,3462.8506166934967
199910,1.3716278076171875,3463.0098707675934
199920,1.37164306640625,3463.158395767212
199930,1.3716583251953125,3463.3338208198547
199940,1.3587493896484375,3463.5673389434814
199950,1.3587493896484375,3463.7056629657745
199960,1.358795166015625,3463.8784058094025
199970,1.35882568359375,3464.048354625702
199980,1.35882568359375,3464.2345259189606
199990,1.3422393798828125,3464.3968648910522
200000,1.342254638671875,3464.6460638046265
200010,1.34228515625,3464.825915813446
200020,1.3423004150390625,3465.0488777160645
200030,1.342315673828125,3465.251921892166
200040,1.3292694091796875,3465.4789428710938
200050,1.3292999267578125,3465.663783788681
200060,1.329315185546875,3465.87708902359
200070,1.329315185546875,3466.0337369441986
200080,1.329315185546875,3466.1883687973022
200090,1.3293609619140625,3466.3562927246094
200100,1.3293609619140625,3466.5532269477844
200110,1.3293609619140625,3466.7006747722626
200120,1.329376220703125,3466.8324208259583
200130,1.3294219970703125,3467.1603388786316
200140,1.3294219970703125,3467.3372597694397
200150,1.3294525146484375,3467.4925010204315
200160,1.3294525146484375,3467.7751376628876
200170,1.3294830322265625,3467.947789669037
200180,1.329498291015625,3468.09499168396
200190,1.329498291015625,3468.353366613388
200200,1.3261260986328125,3468.5486509799957
200210,1.326141357421875,3468.708975791931
200220,1.326171875,3468.861257791519
200230,1.3261871337890625,3469.012438774109
200240,1.326202392578125,3469.1778707504272
200250,1.326202392578125,3469.4665727615356
200260,1.3262176513671875,3469.635752916336
200270,1.3262481689453125,3469.8003656864166
200280,1.326263427734375,3470.035705804825
200290,1.326263427734375,3470.2153239250183
200300,1.3262939453125,3470.417861700058
200310,1.3262939453125,3470.6029987335205
200320,1.3262939453125,3470.7607266902924
200330,1.3263397216796875,3470.892068862915
200340,1.3263397216796875,3471.056047677994
200350,1.3263397216796875,3471.2046189308167
200360,1.32635498046875,3471.3542737960815
200370,1.326385498046875,3471.5219357013702
200380,1.326385498046875,3471.6821687221527
200390,1.3264312744140625,3471.8898339271545
200400,1.3264312744140625,3472.0654957294464
200410,1.326446533203125,3472.2703597545624
200420,1.3264617919921875,3472.4513506889343
200430,1.3264923095703125,3472.62287068367
200440,1.3264923095703125,3472.762792825699
200450,1.326507568359375,3472.967304944992
200460,1.3265228271484375,3473.0929777622223
200470,1.3265533447265625,3473.2902047634125
200480,1.3265533447265625,3473.4759697914124
200490,1.3265838623046875,3473.675764799118
200500,1.3265838623046875,3473.941750764847
200510,1.3266143798828125,3474.069322824478
200520,1.3266448974609375,3474.237730741501
200530,1.32666015625,3474.4144649505615
200540,1.32666015625,3474.5967795848846
200550,1.3266754150390625,3474.7811210155487
200560,1.326690673828125,3474.9232099056244
200570,1.3267059326171875,3475.129975795746
200580,1.32672119140625,3475.345554828644
200590,1.295135498046875,3475.515362739563
200600,1.2951507568359375,3475.690126657486
200610,1.2951812744140625,3475.8590819835663
200620,1.2951812744140625,3476.027287721634
200630,1.295196533203125,3476.1498708724976
200640,1.29522705078125,3476.3052899837494
200650,1.28179931640625,3476.50865483284
200660,1.28179931640625,3476.662725687027
200670,1.2818145751953125,3476.8235998153687
200680,1.2818145751953125,3476.9961810112
200690,1.281829833984375,3477.245234966278
200700,1.2818603515625,3477.4148507118225
200710,1.2818603515625,3477.6251227855682
200720,1.2818603515625,3477.7706146240234
200730,1.2909393310546875,3477.9593279361725
200740,1.2909393310546875,3478.1228919029236
200750,1.288055419921875,3478.4552776813507
200760,1.2880706787109375,3478.7402398586273
200770,1.2880859375,3478.8816509246826
200780,1.2881011962890625,3479.0408749580383
200790,1.2881011962890625,3479.2028589248657
200800,1.2881011962890625,3479.398009777069
200810,1.288116455078125,3479.560507774353
200820,1.2881317138671875,3479.7581617832184
200830,1.2881317138671875,3479.919487953186
200840,1.28814697265625,3480.084350824356
200850,1.2881622314453125,3480.3998868465424
200860,1.2881622314453125,3480.5474858283997
200870,1.288177490234375,3480.6961076259613
200880,1.2882080078125,3480.8938360214233
200890,1.2882232666015625,3481.0759449005127
200900,1.2882232666015625,3481.2354350090027
200910,1.2882537841796875,3481.3849699497223
200920,1.2882843017578125,3481.5957996845245
200930,1.288299560546875,3481.7478909492493
200940,1.2883148193359375,3481.890434741974
200950,1.288330078125,3482.037841796875
200960,1.288330078125,3482.214864730835
200970,1.288360595703125,3482.490253686905
200980,1.2883758544921875,3482.6462557315826
200990,1.2883758544921875,3482.861508846283
201000,1.2884368896484375,3483.009455680847
201010,1.2884368896484375,3483.1719608306885
201020,1.2884368896484375,3483.3872759342194
201030,1.2884521484375,3483.561982870102
201040,1.288482666015625,3483.6783907413483
201050,1.288482666015625,3483.860303878784
201060,1.2884979248046875,3484.026960849762
201070,1.2884979248046875,3484.192356824875
201080,1.2885284423828125,3484.3505709171295
201090,1.288543701171875,3484.6349120140076
201100,1.288543701171875,3484.792146921158
201110,1.288543701171875,3484.9382858276367
201120,1.2885894775390625,3485.0823209285736
201130,1.2886199951171875,3485.2853388786316
201140,1.2886199951171875,3485.463940858841
201150,1.2886199951171875,3485.615629673004
201160,1.2886505126953125,3485.8125348091125
201170,1.288665771484375,3485.981521844864
201180,1.2886810302734375,3486.151917695999
201190,1.2886962890625,3486.3344728946686
201200,1.288726806640625,3486.547265768051
201210,1.288726806640625,3486.738647699356
201220,1.2887420654296875,3486.9047470092773
201230,1.2887420654296875,3487.0416209697723
201240,1.2888031005859375,3487.3397228717804
201250,1.288818359375,3487.5255138874054
201260,1.288818359375,3487.72864985466
201270,1.3596649169921875,3488.0857479572296
201280,1.3596649169921875,3488.240732908249
201290,1.3329010009765625,3488.4486830234528
201300,1.3329010009765625,3488.60982298851
201310,1.332916259765625,3488.7993347644806
201320,1.332916259765625,3488.9467878341675
201330,1.3329315185546875,3489.1181728839874
201340,1.33294677734375,3489.3036029338837
201350,1.3285675048828125,3489.4638946056366
201360,1.328582763671875,3489.663172721863
201370,1.32861328125,3489.8401527404785
201380,1.3286285400390625,3490.028256893158
201390,1.3286285400390625,3490.159602880478
201400,1.328643798828125,3490.2987117767334
201410,1.328643798828125,3490.4804589748383
201420,1.318603515625,3490.786030769348
201430,1.3287811279296875,3491.1007397174835
201440,1.3302764892578125,3491.448097705841
201450,1.3302764892578125,3491.7110776901245
201460,1.3303070068359375,3491.930023908615
201470,1.330322265625,3492.2319617271423
201480,1.3303375244140625,3492.4883468151093
201490,1.33038330078125,3492.683091878891
201500,1.3303985595703125,3492.8950278759003
201510,1.334259033203125,3493.1696887016296
201520,1.3349609375,3493.391506910324
201530,1.3349609375,3493.5607237815857
201540,1.3349761962890625,3493.7759957313538
201550,1.3350067138671875,3494.044772863388
201560,1.3350067138671875,3494.215340614319
201570,1.3350067138671875,3494.4008927345276
201580,1.3357391357421875,3494.6069886684418
201590,1.33575439453125,3494.8179519176483
201600,1.3357696533203125,3495.02219080925
201610,1.3358001708984375,3495.1668317317963
201620,1.3358001708984375,3495.353323698044
201630,1.3358306884765625,3495.522332906723
201640,1.3358612060546875,3495.72266292572
201650,1.3358612060546875,3495.9566898345947
201660,1.3358612060546875,3496.1407537460327
201670,1.3359222412109375,3496.3550946712494
201680,1.3359375,3496.575834751129
201690,1.3359375,3496.788885831833
201700,1.335968017578125,3496.978617668152
201710,1.31951904296875,3497.220602750778
201720,1.3195343017578125,3497.4339578151703
201730,1.3195648193359375,3497.644719839096
201740,1.3290557861328125,3497.9286618232727
201750,1.3290863037109375,3498.136561870575
201760,1.3330230712890625,3498.371193885803
201770,1.3330230712890625,3498.587516784668
201780,1.3330230712890625,3498.7655749320984
201790,1.3330230712890625,3498.9961898326874
201800,1.333038330078125,3499.212054014206
201810,1.3330535888671875,3499.450060606003
201820,1.3330535888671875,3499.621988773346
201830,1.3330535888671875,3499.7846858501434
201840,1.3330841064453125,3499.9729158878326
201850,1.3331146240234375,3500.1387667655945
201860,1.3331146240234375,3500.3251535892487
201870,1.3331146240234375,3500.492406606674
201880,1.333160400390625,3500.619666814804
201890,1.333160400390625,3500.764668941498
201900,1.333160400390625,3500.91015291214
201910,1.33319091796875,3501.075038909912
201920,1.33380126953125,3501.3967196941376
201930,1.3338165283203125,3501.5803599357605
201940,1.333831787109375,3501.7627668380737
201950,1.329864501953125,3501.9916908740997
201960,1.329864501953125,3502.2314999103546
201970,1.3299102783203125,3502.4125077724457
201980,1.3299102783203125,3502.6025059223175
201990,1.329925537109375,3502.825182914734
202000,1.3299713134765625,3503.0442249774933
202010,1.3299713134765625,3503.212481021881
202020,1.3332672119140625,3503.4769077301025
202030,1.3332977294921875,3503.7070047855377
202040,1.33331298828125,3503.9319779872894
202050,1.3333282470703125,3504.13005900383
202060,1.333343505859375,3504.32431268692
202070,1.333343505859375,3504.514259815216
202080,1.3333740234375,3504.8091657161713
202090,1.333404541015625,3504.941431760788
202100,1.333404541015625,3505.141714811325
202110,1.333404541015625,3505.307877779007
202120,1.3334503173828125,3505.4401648044586
202130,1.333465576171875,3505.589362859726
202140,1.333465576171875,3505.752737760544
202150,1.3414154052734375,3505.9630348682404
202160,1.3414306640625,3506.131968021393
202170,1.3414459228515625,3506.259954929352
202180,1.341461181640625,3506.465217590332
202190,1.341461181640625,3506.616226673126
202200,1.3414764404296875,3506.7792320251465
202210,1.3415069580078125,3506.953464746475
202220,1.341522216796875,3507.203706741333
202230,1.341522216796875,3507.3738029003143
202240,1.341522216796875,3507.557057619095
202250,1.3415679931640625,3507.693823814392
202260,1.341583251953125,3507.901217699051
202270,1.341583251953125,3508.0793058872223
202280,1.3415985107421875,3508.273337841034
202290,1.341644287109375,3508.4292998313904
202300,1.341644287109375,3508.586152791977
202310,1.3416595458984375,3508.766938686371
202320,1.3416595458984375,3508.896951675415
202330,1.3416748046875,3509.0821046829224
202340,1.3416900634765625,3509.235818862915
202350,1.3417205810546875,3509.459359884262
202360,1.3417205810546875,3509.6476616859436
202370,1.34173583984375,3509.8013818264008
202380,1.34173583984375,3509.982275724411
202390,1.341766357421875,3510.1441218852997
202400,1.3417816162109375,3510.3380959033966
202410,1.3417816162109375,3510.5512356758118
202420,1.341796875,3510.681667804718
202430,1.3418426513671875,3510.832445859909
202440,1.34185791015625,3510.9995419979095
202450,1.34185791015625,3511.1519927978516
202460,1.341888427734375,3511.4232959747314
202470,1.341888427734375,3511.6017637252808
202480,1.3419036865234375,3511.8126587867737
202490,1.3419342041015625,3511.9667377471924
202500,1.3419342041015625,3512.177852869034
202510,1.34271240234375,3512.3981597423553
202520,1.3427276611328125,3512.612327814102
202530,1.342742919921875,3512.7611520290375
202540,1.342742919921875,3512.919759750366
202550,1.3427581787109375,3513.0816798210144
202560,1.3427734375,3513.2475488185883
202570,1.3427734375,3513.395290851593
202580,1.3428192138671875,3513.580002784729
202590,1.34283447265625,3513.7871568202972
202598,1.34490966796875,3513.956627845764
